row_id,label,text,prediction,confidence,prob_business,prob_politics,prob_sports
9704,business,"marriott international is using the release of the new film,"" about jackie robinson breaking major league baseball's color line, to promote its loyalty program to african-americans .the campaign — which involves a facebook contest, special screenings of the film and promotion of ""42"" on hotel room tvs, among other initiatives — is the first time marriott international has done niche marketing for the loyalty program, called marriott rewards.apoorva gandhi, vice president for multicultural markets and alliances at marriott international, said the hotel company had opted to use the film to reach african-americans because ""it matches our culture, theme and values. the jackie robinson story is about the opportunity to break down barriers, opportunity for all, equality and inclusion. these values match well with marriott international .""in 1989 the company established a program to create a more diverse work force and to train employees on diversity; it also established a supplier diversity program in.the movie, whose title is the uniform number robinson wore and that was later retired for all teams by major league baseball, tells the story of the infielder's signing in 1946 by the brooklyn dodgers general manager, branch rickey; in the film, robinson is portrayed by chadwick boseman and branch rickey by harrison ford. written and directed by brian helgeland, who won an oscar for best adapted screenplay for ""l.a. confidential,"" ""42"" will be released by warner brothers entertainment on april. april 15 will be the 66th anniversary of jackie robinson's first game as a brooklyn dodger, celebrated annually by major league baseball as jackie robinson day.marriott's tie-in with ""42"" — it is the film's official hotel partner — was brokered by apa talent and literary agency; apa previously arranged for various marriott hotels to be featured in the 2012 film, ""think like a man,"" a romantic comedy based on steve harvey's advice book, ""act like a lady, think like a man.""thomas fry, who oversees entertainment marketing and brand integration at apa in beverly hills, said ""42"" became attractive as a promotional tool for marriott when the agency learned, from discussions with marriott guests and employees, about ""the importance of diversity and equality in the workplace, and in hotels where you choose to spend the night . we looked for and tracked projects that fit with this. what is more perfect than telling the story of an american hero like jackie robinson ?""although marriott has been running print and online advertising since last year aimed at black, hispanic and gay travelers with the tagline ""for you, we're marriott,"" the ""42"" initiatives are the company's first to promote marriott rewards — which has 42 million members globally — to a specific market .mr. gandhi said marriott had found that niche groups were spending more on travel, and ""saw the importance of trying to reach current and potential customers in a different way than just buying advertising. we wanted to do something in excess of that. we want to reach multicultural travelers in a unique way that will cut through the clutter and resonate in a way that reaches them personally.""to that end, a special trailer for the film, featuring mr. boseman, has been created and is being shown this month and next on the lodgenet entertainment system on guest room televisions in over,000 hotels — across all marriott international brands — in the united states .on feb. 25, marriott also began a monthlong sweepstakes on facebook that offers daily prizes of tickets to,"" plus the chance to win an expenses -paid trip to the film's los angeles premiere april. the contest urges prospective entrants to ""step up to the plate every day for a chance to win tickets to '42'!"" marriott has promoted the sweepstakes by e-mail to its loyalty program members.it also has created a special insert about the contest for key cards it is distributing to guests at hotels in 11 markets, including manhattan and brooklyn in new york city, philadelphia, washington, detroit, dallas, los angeles, atlanta, chicago, houston and oakland . the insert features a baseball diamond overlaid with a bat — replicating the facebook contest — and urges guests to click on the bat online to enter the contest daily; a walk or single creates one entry, a double two entries, a triple three entries and a home run four entries.next month marriott will hold screenings of ""42"" in boston, chicago, houston, san francisco and phoenix for elite participants in marriott rewards, and screenings for what mr. gandhi called ""key multicultural clients "" — both guests and travel managers — in cities where the key card inserts are being distributed. there will also be ""42"" screenings next month for marriott employees in new york and washington .in addition, marriott is promoting ""42"" on its diversity microsite; to an online community of its loyalty program members; and on the blog of j. willard marriott jr., the company's executive chairman .mr. gandhi said marriott was spending,000 to sponsor the multicultural screenings; he also said warner brothers would use social media to promote the marriott rewards contest. warner brothers declined to comment on its collaboration with marriott.if you like in advertising, be sure to read the advertising column that runs monday through friday in the business day section of the new york times print edition and on nytimes.com. and read coverage anytime of advertising, marketing, television, print, movies and new media on the media decoder blog at mediadecoder. blogs .nytimes.com.",sports,0.9956482,0.0035629235,0.00078880903,0.9956482
4648,politics,"new orleans — each year in the weeks leading up to mother's day, when the members of the original big 7 social aid and pleasure club drew up the sheet outlining their parade's route through the back streets of town, they would include a warning: ""leave your guns and foolishness at home.""each year, that is, until this year. things seemed to have gotten better, they figured. maybe the warning was no longer necessary.only 20 minutes into the parade, as legs had begun to loosen and the members in their cream-colored suits danced before a brass band, it became terrifyingly clear that it still was. a young man, identified by the police as 19-year-old akein scott, stepped away from a street corner and fired with seeming indifference into the crowd, leaving 19 people on the ground with gunshot wounds, 3 of them in critical condition.the police have released no motive, but people here by and large figured that it was the same old story: a young man with gun and a complaint spotted a rival and attacked.when shootings like this happened in the past — and they have, sometimes deadly but almost never as brazenly — they often prompted a debate about street culture and violence, about the rolling crowds that form on such occasions and how much they may be to blame for what goes on in their orbit.several years ago, prompted by one of those shootings, the new orleans police raised security fees for marching clubs so high that it seemed the tradition of these parades, put on for more than a century by black working-class new orleanians, might be seriously curtailed, or end for good.this time seems as if it will be different. since sunday afternoon, the mayor and the police chief have repeatedly and emphatically divorced the shooting from the occasion that it ruined. they have called the parades a crucial part of the city's culture and even a bulwark against its seemingly ceaseless violence, an argument marchers have been making for years.""the layers of this thing are really important, and that's to understand what the origin of the violence is, what it's connected to and what it's not connected to,"" said mayor mitch landrieu, who has long made a case for what he calls the city's cultural economy . ""this didn't have anything to do with second lines, and it didn't have anything to do with the rich cultural heritage of new orleans.""sunday's event was a so-called second line parade, the ""second line"" referring to all those who join in along the route and follow behind the band, making more of a rolling party than the kind of parade one simply watches. they take place nearly every sunday between september and may, in the poor and working-class back streets of the city.such parades are put on by social aid and pleasure clubs, which function as inner-city relief societies, delivering groceries to shut-ins, buying football uniforms and pooling resources to pay for life's unexpected invoices, like medical emergencies and funeral costs . they also put on parades once a year in the neighborhood they represent, with the brass bands, technicolor suits and stops at drinking holes along the way. the parades can cost thousands of dollars, even tens of thousands .for decades, they happened off the bureaucratic radar, without permits and largely unknown to anyone not directly attached to the marchers . for many new orleanians — black and white — the parades were, and still are, surrounded by an air of menace.""i never got involved in second lines,"" said willie green, the drummer for the neville brothers, who grew up just outside new orleans. ""it was always too scary for me.""but club members, who mostly live in the neighborhoods they parade in, are intimately familiar with how dangerous new orleans can be. edward buckner, the president of the original big, lost a 26-year-old son to gun violence four years ago . joe henry, who started the original pigeontown steppers, parades in a wheelchair, having been shot on mardi gras day when he was. a cousin of his was murdered.",sports,0.98481363,0.00060764,0.014578704,0.98481363
10196,business,"nearly $250 million for hollywood . over $330 million for the railroad industry. more than $220 million for rum producers. and $62 million for doing business in american samoa .while taxes are expected to increase for most americans as a result of the deal between the white house and congress to end the fiscal impasse in washington, corporate america was more fortunate. a bevy of tax breaks and credits that had been scheduled to expire at the end of 2012 will be extended for another year, costing taxpayers .1 billion over the next decade, according to congress's joint committee on taxation .the preservation of these subsidies and deductions has become a perennial washington ritual in recent years, with lobbyists and companies and their allies on capitol hill securing their survival in the fine print of the tax code . washington's inability to close many of these loopholes is a sign of just how reluctant business is to sacrifice prized subsidies despite loud calls from many chief executives in recent months to raise taxes, cut spending and deal with huge budget deficits .""except for the people who like it, it's a giveaway,"" said eric toder, co-director of the urban-brookings tax policy center. ""it's hard to mobilize opposition, but the people who benefit from it benefit a lot.""many of the provisions survive because they are so obscure. a $62 million tax credit for employers in american samoa benefits starkist, which is the largest private employer in the south pacific island chain, with nearly,000 workers there. the tax break was supported by jeff bingaman, democrat of new mexico, who as former chairman of the senate energy and natural resources committee was an advocate for american territories that lack formal senate representation.""we support the development credit, and it's a key factor in our ability to maintain competitive operations in american samoa,"" said mary sestric, a spokeswoman for starkist. ""this is a big priority for us."" corporations were keenly sensitive to changes in broader tax policy, in addition to benefiting from direct tax breaks . for example, goldman sachs distributed $65 million in stock to 10 senior executives in december instead of january, when the firm typically makes such awards. that move helped them avoid the higher tax rates that will now be imposed on income of,000 or more.the chief executive of goldman, lloyd c. blankfein, was among the most prominent corporate executives who backed higher taxes as part of a broader deficit-reduction package. he and other business leaders also met with president obama late last year as the white house sought support from corporate america during negotiations with republicans in congress .some subsidies, like a break for research by companies, can actually have long-term benefits for the economy, defenders argue.others, like the one that allows filmmakers to deduct the first $15 million in production expenses for movies made in the united states, are much more narrowly focused but have loyal supporters that manage to keep them alive year after year. another beneficiary of congressional largess is nascar, which will enjoy a $78 million subsidy for racetrack construction over the next 10 years.""once they get in, they tend to stay in,"" said alan auerbach, director of the robert d. burch center for tax policy and public finance at the university of california, berkeley.besides the.1 billion in corporate incentives over the next 10 years, there is another.1 billion in breaks for alternative energy, much of that going to companies as well. producers of biodiesel, for example, will reap more than $2 billion in tax breaks . and while it may not exactly be an alternative source of energy, producers of coal on indian lands retained $1 million in tax breaks — a provision backed by max baucus, the montana democrat who is chairman of the finance committee .the wind industry, a chief beneficiary of support from washington, will get $12 billion in subsidies over the next decade. in fact, the benefits that were included for the wind sector are slightly broader now than in previous years.under the new rules, contained in the legislation that mr. obama signed on wednesday, new wind farms will be covered by a production tax credit or an investment tax credit similar to the ones that just expired, but the projects will not need to be finished by the end of this year to qualify; they simply must have been started in.the american wind energy association, a trade group, said in an e-mail to its members that the change was made by  congress ""specifically in order to accommodate the business timelines of our industry."" the business has been in a tax -driven boom-and-bust cycle.the renewal of the tax benefits was pushed strongly by mr. bingaman, mr. baucus and charles e. grassley, republican of iowa . when the senate began considering "" tax extenders,"" or continuations of various tax breaks, wind advocates pushed to have all of them included.""there always seemed to be some bipartisan support for this,"" said philip d. tingle, a lawyer who specializes in energy taxes . ""the element, the issue was, how they were going to pay for it."" the renewal will probably cost the treasury about $12 billion, although the wind industry insists that it will generate so much taxable activity that total tax revenue, including those at the state and local level, will exceed the tax expenditure .the industry undertook a large lobbying campaign and says it generated more than,000 letters, e-mails and other communications with congress . it took nearly 100 members of congress on tours of wind farms and factories where components are built. the issue may be more regional than partisan; according to the american wind energy association, 80 percent of wind farms are in congressional districts represented by republicans, as are 67 percent of the factories .the tax credits were also extended to cover electricity made from biomass, tides and ocean waves, landfill methane and improvements to hydroelectric stations.",politics,0.8812027,0.117408894,0.8812027,0.0013884148
6966,politics,"sherman — a worried call from his daughter's boyfriend sent paul boren rushing to her apartment on the morning of march, 2004. he drove the eight blocks to her apartment, peering into his neighbors' yards, searching for andre thomas, laura boren's estranged husband.he drove past the brightly colored slides, swings and bouncy plastic animals in fairview park across the street from the apartment where ms. boren, 20, and her two children lived. he pulled into a parking spot below and immediately saw that her door was broken. as his heart raced, mr. boren, a white-haired giant of a man, bounded up the stairwell, calling out for his daughter.he found her on the white carpet, smeared with blood, a gaping hole in her chest. beside her left leg, a one- dollar bill was folded lengthwise, the radiating eye of the pyramid facing up. mr. boren knew she was gone.in a panic, he rushed past the stuffed animals, dolls and plastic toys strewn along the hallway to the bedroom shared by his two grandchildren. the body of 13-month-old leyha hughes lay on the floor next to a blood-spattered doll nearly as big as she was.andre boren, 4, lay on his back in his white children's bed just above leyha. he looked as if he could have been sleeping — a moment away from revealing the toothy grin that typically spread from one of his round cheeks to the other — except for the massive chest wound that matched the ones his father, andre thomas (the boy was also known as andre jr.), had inflicted on his mother and his half-sister as he tried to remove their hearts.""you just can't believe that it's real,"" said sherry boren, laura boren's mother. ""you're hoping that it's not, that it's a dream or something, that you're going to wake up at any minute.""mr. thomas, who confessed to the murders of his wife, their son and her daughter by another man, was convicted in 2005 and sentenced to death at age. while awaiting trial in, he gouged out one of his eyes, and in 2008 on death row, he removed the other and ate it.at least twice in the three weeks before the crime, mr. thomas had sought mental health treatment, babbling illogically and threatening to commit suicide. on two occasions, staff members at the medical facilities were so worried that his psychosis made him a threat to himself or others that they sought emergency detention warrants for him.despite talk of suicide and bizarre biblical delusions, he was not detained for treatment. mr. thomas later told the police that he was convinced that ms. boren was the wicked jezebel from the bible, that his own son was the antichrist and that leyha was involved in an evil conspiracy with them.he was on a mission from god, he said, to free their hearts of demons.hospitals do not have legal authority to detain people who voluntarily enter their facilities in search of mental health care but then decide to leave. it is one of many holes in the state's nearly 30-year-old mental health code that advocates, police officers and judges say lawmakers need to fix. in a report last year, texas appleseed, a nonprofit advocacy organization, called on lawmakers to replace the existing code with one that reflects contemporary mental health needs.""it was last fully revised in, and clearly the mental health system has changed drastically since then,"" said susan stone, a lawyer and psychiatrist who led the two-year texas appleseed project to study and recommend reforms to the code. lawmakers have said that although the code may need to be revamped, it will not happen in this year's legislative session . such an undertaking requires legislative studies that have not been conducted. but advocates are urging legislators to make a few critical changes that they say could prevent tragedies, including giving hospitals the right to detain someone who is having a mental health crisis .from the time mr. thomas was, he had told friends he heard demons in his head instructing him to do bad things. the cacophony drove him to attempt suicide repeatedly as an adolescent, according to court records . he drank and abused drugs to try to quiet the noise.",sports,0.65831065,0.034348283,0.30734113,0.65831065
2849,politics,"as the much-anticipated health care exchanges opened amid bitter partisan debate and technical problems, the federal government released data late tuesday showing that about 100 insurers were participating in the federally run marketplaces, offering more than,700 varieties of health insurance plans .as anticipated, the premiums vary widely from state to state and region to region, the data shows, from $100 a month for a 27-year-old in one oklahoma county who chooses the lowest-level bronze plan to more than,900 for someone of the same age choosing the highest-level gold plan in a virginia suburb of washington .while federal officials have released selected information about the insurance offerings available under the affordable care act, tuesday was the official unveiling of plans and their costs in the 34 states whose marketplaces are being operated largely by the federal government and available through the web site healthcare. gov . the remaining states have developed their own marketplaces, or exchanges .while more detailed information is expected to become available in the coming days and weeks, federal officials revealed the rates for six representative groups – a 27-year-old, a 50-year-old, a family, a single-parent family, a couple and a child — late tuesday afternoon .the premiums are before tax credits, or subsidies, that could significantly lower the cost of coverage in many cases. the data does not provide specific detail about the plans, such as out-of-pocket costs . in many cases, lower premiums result in higher co-payments for certain kinds of care.a 27-year-old resident of comanche county, okla., for example, can purchase the cheapest health plan from blue cross blue shield of oklahoma for a monthly premium of. or that same individual could spend nearly three times as much and choose instead the most expensive plan, from the same carrier, at a monthly cost of.but the range is even wider in some regions.within each state there are multiple plan options with a range of prices. plans with the cheapest monthly premiums – but with the highest deductibles and cost-sharing – are labeled ""bronze"" and cost an average of $242 for a 27-year-old. ""gold"" plans, among the most expensive of the choices but with lower deductibles and out-of-pocket expenses, can be purchased for an average premium of $310 for a 27-year-old. and ""silver"" plans split the difference, with an average premium of $262 for a 27-year-old. in comparison, a 27-year-old resident of prince george county, va., will spend a minimum of $159 each month for a ""bronze"" plan through anthem blue cross and blue shield or as much as,923 for a ""gold"" plan through optima health.various types of plans are available. only about a third are the most restrictive h.m.o.'s.most states have access to hundreds of each type of plan by metal tier, although smaller states tend to have fewer options. also, states are divided into regions for the purpose of pricing, and any given region in a state may not have access to all plans.for example, more than,000 plans are available in texas, but residents of harris county, where houston is, has access to fewer than 40 plans, including a dozen bronze and silver plans and 14 gold.dozens of counties have limited choices. for example, for the information provided, about 100 counties nationwide have five or fewer options including just one or two within a metal tier options. the most extreme example is florence, wis., which has only two choices, from the same carrier – silver and gold plans with costs ranging from a low of about $280 for a 27-year-old for a silver plan to a high of about,064 for a gold family plan.",business,0.99339914,0.99339914,0.005838149,0.00076281297
7447,sports,"jacksonville, fla. — maurice jones-drew will not be charged in connection with an alleged bar fight last month.the state attorney's office filed an ""announcement of no information"" tuesday, saying ""based on the facts and the law, the state cannot establish the charge beyond and to the exclusion of all reasonable doubt.""jones-drew had been accused of punching a bouncer at a restaurant/bar in st . augustine over memorial day weekend .""naturally i am pleased with this result and look forward to focusing on football,"" jones-drew said in a statement. ""my rehab is going well, and i'm anxious to join my teammates at the start of training camp .""jones-drew declined to answer questions about the incident earlier this month . his agent, though, insisted his client was not involved in an altercation with bouncer kasim howard at the conch house on may. the bouncer's attorney, meanwhile, called it an ""unprovoked attack ."" attorney patrick canan said tuesday he plans to file a civil suit against jones-drew. canan has said that videotape evidence supported his client's claim.but the state attorney said those videos did not clearly show who was involved in the altercation. it also was unclear that howard was working as security because he was wearing a plain, bright green shirt while the rest of the security staff was wearing orange tops.""it is not clear in the video if k. howard grabbed, or struck from behind, what appears to be another black male,"" the report said. ""it appears as though k. howard was struck and knocked down a very short time after grabbing this unknown black male. it is not evident who struck k. howard based on this video.""in one of two videos released tuesday, howard is seen scuffling with several people. he removes his shirt as security personnel carry others away from the crowded deck. a second video shows jones-drew and another man exiting the bar, escorted by employees wearing orange shirts. howard follows about a minute later. the incident happened days after jones-drew decided to skip organized team activities to work out on his own in miami .jones-drew had lisfranc surgery on his left foot in december, spent several months in a walking boot and was unable to fully run until recently.he was admittedly out of shape when the team's offseason program began in april, but looked to be in considerably better shape when he returned for a three-day minicamp earlier this month .jones-drew has,268 yards rushing, 2,559 yards receiving and 76 total touchdowns in seven years with the team.",politics,0.9964307,0.0015216641,0.9964307,0.0020476228
9312,politics,"from the day in 1983 when he graduated cum laude from baylor university, tim smith fit the profile of a star alumnus. he went on to earn an m.b.a. at harvard and to lead an information technology company with 300 employees. the business school at baylor invited mr. smith to speak to classes about ""entrepreneurial finance,"" and he was named twice to its advisory board .then, as the fall semester began in, word reached the business school's dean that mr. smith was gay and living with his partner. mr. smith was ousted from the advisory board because his sexual orientation was deemed incompatible with baylor's baptist affiliation and theology.""you might as well tell rosa parks that she's welcome in the back of the bus,"" mr. smith, now, wrote at the time in an e-mail to the dean. ""any kind of limitation which puts people 'in their place' on some basis other than merit is not just bad business, it is wrong.""a generation later, as baylor holds its commencement ceremonies this weekend in waco, tex., the most famous member of the senior class will be an openly lesbian basketball star, brittney griner . the center on baylor's national championship women's basketball team in, twice the winner of the naismith trophy as the nation's top female player, first pick in the recent w.n.b.a. draft, ms. griner came out last month in a sports illustrated interview, followed by an essay in the new york times .by dint of her celebrity status, to say nothing of her marketplace value to the baylor brand, ms. griner has instantly altered the relationship between baylor and its gay students, one that has been awkward at best and contentious at worst. far from condemning her as a sinner, baylor offered ms. griner ""our admiration, appreciation and support,"" as the university's director of media communications, lori w. fogleman, wrote in an e-mail this week.plenty of caveats should be attached to this tolerance offensive. baylor continues to omit sexual orientation from its nondiscrimination policy. the university's official statement on sexual misconduct lists ""homosexual acts"" — as well as sexual harassment and adultery, among other behaviors — as ""misuses of god's gifts.""even so, if it is too soon to know with certainty whether baylor's public acceptance of ms. griner's sexuality will extend to the john and jane queer of its rank-and-file student body, a more expansive kind of change seems possible thanks to what one might call the griner effect.""the fact that she felt free enough to do that says something about the environment becoming more accepting than in the past,"" mr. smith said in a telephone interview last week. ""my impression is that the student body there is really pretty accepting, as students are at most campuses these days. the bigger issue is probably with donors and alumni of another generation.""erica heath, 20, a junior at baylor, has never watched the women's basketball team play, and has spotted its star player only once, eating in the same student cafeteria.yet ms. heath typifies the kind of garden-variety l.g.b.t. student at baylor who may benefit from the opening ms. griner has created.""the fact that this celebrity comes out means that faculty and staff have to recognize that there are l.g.b.t. students on their campus,"" ms. heath said. ""it can make teachers more aware of who they're speaking to. it's very easy to think you're in an all-straight, all- christian community at baylor . but you aren't.""baylor's history on gay issues has been a decidedly rocky one, with mr. smith's ouster and the policy language only part of the saga.in, a law firm retained by the university issued a cease-and-desist order against a group of gay and lesbian alumni using the logo "" baylor bear pride."" also in the early 2000s, university employees washed off a sidewalk chalk message from a student l.g.b.t. support group called ""baylorfreedom."" (ms. fogleman said that action was consistent with overall university policy, not directed at gay groups .)more recently, baylor has refused formal recognition to sexual identity forum, a group of l.g.b.t. and ""questioning"" students that includes ms. heath. before becoming baylor's president in, kenneth w. starr helped argue the california supreme court case defending proposition, the state's ban on same-sex marriage .even before ms. griner came out, though, signs of change were appearing. the university does allow sexual identity forum to meet openly in the student center. an economics professor, aaron hedlund, wrote an op-ed column in the student newspaper contending that one can disapprove of gay marriage on religious grounds while supporting it as a civil right.emerson collins, 33, who graduated in 2002 as part of baylor's elite university scholars program, came out only after leaving waco. he is collaborating with another baylor alumnus, del shores, on an indie film, ""southern baptist sissies,"" about four boys growing up gay in fundamentalist christian communities. so mr. collins has watched the brittney griner affair with acute interest.""someone always has to be first,"" he said. ""and when there's a great shining beacon who can be respected for who they are in addition to being in the l.g.b.t. community, that can make a big difference. baylor is going to continue to tout her success in her skill set. there's so much commercial benefit to baylor and its national profile . and you can't separate that from who she is. while it's a one-off, that's the way every important journey begins.""",business,0.96933323,0.96933323,0.019728756,0.010937897
7497,business,"washington — president obama's nominee for energy secretary, ernest j. moniz, is a consultant to the energy giant bp and a member of the advisory council and board of trustees of king abdullah petroleum studies and research center, of riyadh, saudi arabia, among other positions, according to disclosure statements filed with the government and released on friday.dr. moniz, who was under secretary of energy during the clinton administration and is an advocate of natural gas and nuclear power as cleaner alternatives to coal, is also a director of icf international, a prominent energy and policy consulting firm . he owns common and restricted stock worth,000 to,000 in that company, according to the statement, which lists assets and describes their value in broad ranges.in all, he holds assets worth .6 million to.9 million .he is also a consultant to general electric and ihs cera, the consulting firm formerly known as cambridge energy research associates, and a director at american science and engineering of billerica, mass., a company that does security work, including cargo screening.dr. moniz, a physicist, is a professor at m.i.t. and director of that institution's energy initiative, an industry-financed group that does research on energy technologies and climate change .dr. moniz told the ethics officer of the energy department, in a letter made public by the office of government ethics on friday, that he would resign from all of those positions upon his confirmation as energy secretary by the senate .he also said he would follow government rules requiring him to not participate in decisions affecting those entities . he plans to sell his icf shares within 90 days of his confirmation. dr. moniz has already been criticized for failing to disclose his ties to icf and other firms in a study produced by his program at m.i.t., on the future of natural gas .",politics,0.85959095,0.13923235,0.85959095,0.0011766915
4258,politics,"ava, mo. — rick fausett bobbed onto the deck of the campground pool, clutching a busch light with one hand and waving the other like a wand. he wore nothing but flip-flops and a top hat decorated with long pheasant feathers and fabric-spun magenta poinsettias.""mr. demille, i'm ready for my close-up,"" he said, repeating a line from the 1950 movie ""sunset boulevard.""across the pool, a bald man with a large stomach sitting naked in a chair turned to a friend and murmured out the side of his mouth, ""you think that's just a tad gay ?""these rolling woods of the ozarks — where a billboard along a major highway proclaims that marriage is the union of one man and one woman, where a ""jesus saves"" sign and other christian symbols decorate front lawns — seem an unlikely place for gay people to feel comfortable being out and open.but tucked in the backcountry here is a place where gay men are unabashedly celebratory and self-deprecating about their lives: cactus canyon campground, a 700-acre, clothing optional, all-male hideaway.in its 15th season, the campground has become so popular that the owners are in the process of tripling its rv capacity, adding more spaces for tents and installing a second pool.most surprising, perhaps, is the way local residents generally react to the camp nowadays: with a shrug, or maybe an awkward grin. once the target of notable harassment — gunshots, vandalism and runoff from a strategically placed hog farm — cactus canyon now enjoys a much more peaceful existence.""live and let live,"" said jim luellen, 68, who owns a convenience store in nearby gentryville.his sister, kathy haynie, 72, said: ""it's not right for men or women being homosexual or whatever you call it. but it's their lives. it isn't bothering us.""nearly a decade ago, missourians voted overwhelmingly for a constitutional amendment banning same-sex marriage, and there is no sign of a serious effort to overturn that anytime soon. still, the story of cactus canyon offers one example of the evolving gay experience in this country.after vacationing in the region, a gay couple, chaz franzke and jim thideman, became so enamored of the scenery that they left their jobs in wisconsin, bought property and opened the campground in. they sought to establish the delicate balance of engaging with the community while not being bold about their lives. they started a yahoo group, out in the ozarks, that organized various gatherings for gay people, like breakfasts at a local diner. they had a stand at the farmer's market . they let in a local television station to do a news story .some in the community did not take too kindly to them. neighbors fired guns around the camp to scare them. someone posted threatening signs on trees and painted a message with a derogatory term on their front sign.""i couldn't leave here without feeling i was going to be gunned down,"" mr. franzke said.the last straw was when some people put hogs on an adjacent hill and carved out channels in the land so runoff from the site would trickle into the campsite.mr. franzke and mr. thideman, who broke up as romantic partners a decade ago but continue to run the business together, quickly got the hogs removed with a lawsuit. it was settled in, and mr. franzke said the harassment had since ceased because, he thinks, opponents finally got the message that they would stand up for themselves.for the campers lounging by their rvs and the pool on a recent saturday, concerns extended little beyond whether they were getting the sun to hit all the right places. here, campers said, they do not have to answer questions about why two men are sharing an rv or endure funny stares.""i feel a lot more comfortable around gay people than i do around straight people,"" said craig nelson, 62, sitting beside his 32-foot camper on a plot decorated with elephant ears, weigelas and other plants.although mr. franzke and mr. thideman said their primary concern was providing their campers with an enjoyable experience, they acknowledged that the campground's presence might play some role in easing concerns that locals had about gay men and lesbians . businesses are generally welcoming, mr. franzke said, and one liquor store even offers the campers a discount.in each of the past two election cycles, mr. franzke even got both sheriff's candidates to do a forum at the campground, after one of them wanted to rebut a rumor that he had once said he would run gay men and lesbians out of the county if he was elected.""for a place that, before, people used to hide and not be out, it's now a community,"" mr. franzke said. ""the gays and lesbians are out in the community and proud of it. we've come a long ways.""",sports,0.8378186,0.0022808576,0.15990049,0.8378186
4113,business,"a group of state insurance commissioners emerged from a meeting with president obama and other federal officials on wednesday saying that state regulators would continue to decide on their own whether to go along with his recent proposal to let consumers keep older insurance plans for an extra year, even if the plans did not comply with regulations under the new health care law.in a conference call with reporters and in a statement issued after the meeting, they said they told the president they would not reach any consensus on what states should do. they said they warned the president that his proposal would amount to ""different rules for different policies and might result in higher premiums for consumers without addressing underlying concern of gaps in coverage .""jim donelon, president of the national association of insurance commissioners and the louisiana insurance commissioner, said in a statement that members of his organization, which represents state insurance commissioners, ""have been working to ensure that plans are compliant with the new rules.""he added, ""these proposed changes are creating a level of uncertainty that we must work together to alleviate."" white house officials acknowledged that each state had to make the decision that was best for its consumers ."" states have different populations with unique needs, and it is up to the insurance commissioner and health insurance companies to decide which insurance products can be offered to existing customers next year,"" the administration said in a statement.the meeting, which lasted 50 minutes, had a conciliatory tone, the regulators said, even as they declined to recommend a course of action to their counterparts across the country. the regulators said policy recommendations were not part of their mission.""we share the president's goal of affordable coverage for consumers, and we will work with the insurance companies in our states to implement changes that make sense while following our mandate of consumer protection,"" mr. donelon said.mr. donelon attended the meeting with former senator ben nelson of nebraska, who is chief executive of the organization; the connecticut insurance commissioner, thomas b. leonardi; and the north carolina insurance commissioner, wayne goodwin. kathleen sebelius, the secretary of health and human services and the highest-ranking official overseeing the health care law, was also there.mr. obama announced his proposal days earlier, intending to make good on his often-repeated pledge that consumers who liked their insurance plans could keep them. despite his pledge, insurers have sent out cancellation notices to millions of people in recent weeks . the cancellations, which insurers attributed largely to the new health care requirements, had created anxiety among holders of health policies and was being used by political opponents to attack another aspect of the health care law .although the president urged insurers to renew older policies for another year, the decision is ultimately up to insurance companies, which write the policies, and state insurance regulators, who typically have final say over whether the old policies can be sold and what insurers can charge for them.some states, like florida, have said they will allow consumers to renew old policies, but others, including washington and indiana, have said they will not adopt mr. obama's proposal. new york has also said it will not comply with the president's request. california is to announce its decision on thursday.",politics,0.98965096,0.009589163,0.98965096,0.0007599348
8281,sports,"it is a system filled with cash and craziness, a meat market of sorts where contracts can be meaningless, prices vary wildly, middlemen work as many angles as possible and the superstar either has all the power or none of it, depending on one's perspective.this is the ""absolute absurdity"" of the european soccer transfer structure (as one team executive described it, and so while:01 a.m. on july 1 was treated with a certain breathlessness in the united states because it marked the opening of the n.b.a.'s free-agency period, the reality is that none of the major north american sports leagues truly approach the outlandish off-season of global soccer .after all, with players constantly crossing international borders, any sort of overarching regulation is virtually impossible. salary caps? nonexistent. loyalty? hard to come by. team payrolls ? often astronomical (despite recent attempts at financial stability ) and, at the least, impossible to actually calculate because there are no requirements that contract figures be disclosed publicly.in addition, money is not the only accepted currency: in the past, players have been dealt for a box of team warm-ups or, in a particularly memorable transaction, about 30 pounds of meat.""you're dealing with multiple countries, languages and time zones,"" said lyle yorks, an agent who represents a number of top players globally. ""just trying to synchronize all that is nuts, but somehow you have to find a way to make it work.""in europe, most top leagues finish their seasons in may, and the transfer market is open in the summer — in britain, for example, it runs from july 1 through aug. 31 (and then again in january. during the open period, teams can shop for players, with agents often serving as matchmakers.theoretically, any player can be acquired; even if a player is under contract with one team, another team can purchase negotiating rights to that player for an agreed-upon price, at which point the second team has the ability to sign the player to a new deal.yorks recalled the intensity (and insanity) of last august, when one of his clients, the united states captain clint dempsey, moved from fulham to tottenham hotspur of england's premier league on the final day that the market was open. yorks, who is based in the united states but lives in europe during the transfer-heavy month of august, said he was talking with arsenal and liverpool, in addition to tottenham, as the 11 p.m. local time deadline approached. he and dempsey had also rejected an inquiry from aston villa the night before."" tottenham and fulham agreed at like:45 p.m.; we rushed over and did a deal with the club after that and faxed in the paperwork at:59 and 30 seconds,"" said yorks.yorks added that he had had numerous other close calls, including the time he had a player sign off on a contract while sitting in the back seat of a car on the way to the club's offices and the day he closed a deal while riding on the eurostar train from paris to london (""we got it done just before the train went into the chunnel."")yorks laughed. ""this is the kind of thing that happens all the time over here,"" he said. the circumstances surrounding dempsey's move were typical. technically, he had another year remaining on his contract with fulham, but both sides knew dempsey had interest in moving to a bigger club.rather than keep dempsey and lose him a year later with no compensation, fulham opted to trade him — but could only do so to a club where dempsey would agree to sign a new contract.such is the push-pull nature of influence in the transfer system. in professional sports in the united states, teams, much of the time, can simply trade a player and his contract to whomever they like. not so in soccer .for example, aston villa reportedly offered the largest transfer fee for dempsey (said to be £7 million or about $10 million ) and fulham accepted, but dempsey did not want to play for aston villa, so the deal was scuttled. ultimately, fulham agreed with tottenham on a fee believed to be £6 million, and dempsey happily signed a new contract with the north london club .",business,0.9827016,0.9827016,0.0011327865,0.01616557
6551,sports,"once a week, gabrielle cremone, a sophomore at fordham, volunteers to lead prospective students on tours through the serene campus in the rose hill neighborhood of the bronx, walking past the gothic-style buildings and 19th-century chapels. this semester, cremone has added a new destination on her tour: the home of the emergent fordham rams football team .on tuesday, cremone escorted eight high school students and their parents to the northeast end of fordham to see coffey field, which, in a first for the university, has been sold out for back-to-back games by this season's rams . fordham enters saturday's game at yale with a 7-0 record, its best start since, and ranked no. 8 in football championship subdivision national polls, its highest f.c.s. ranking ever. in recent years, f.c.s. universities like massachusetts and appalachian state have parlayed their success into a move to the highest level of college football, the football bowl subdivision . at fordham, such a jump is unlikely; coffey field seats only,000 fans, and the university's budget for football is a fraction of the total allotted by major f.b.s. programs. the aspiration is to become the next north dakota state, not notre dame .""our goal really is to be a contender for the f.c.s. national championship,"" fordham athletic director dave roach said. ""i think with the way we're going, it's certainly a goal that is attainable, not necessarily easy.""the successful start has raised echoes of the great fordham teams of the 1930s, featuring linemen known as the seven blocks of granite. one of those ""blocks"" was vince lombardi, who would become a renowned coach. appearances in major bowls followed in the early 1940s, but fordham dropped football in, and it returned as a varsity sport only in, at a lower level .fordham's renaissance this year, which includes a victory against temple, its first over an f.b.s. opponent since, did not come without sacrifices.this season, the rams are not even assured of a berth in the f.c.s. playoffs. in, fordham awarded football scholarships for the first time since; players had previously been assisted with need-based scholarships. initially, the patriot league, which did not allow its football members to offer athletic scholarships at the time, ruled fordham ineligible for postseason individual awards and the automatic playoff bid awarded to the conference champion.although the decision to switch to football scholarships led to adverse consequences within fordham's conference, the move had the potential to transform the program on a national scale and enable it to eventually compete with f.c.s. powers like north dakota state, which has won back-to-back national titles .the rams are now able to recruit from a wider pool of athletes and schedule games against f.b.s. opponents — matchups that are occasionally broadcast nationally and can often pay hundreds of thousands of dollars to f.c.s. teams willing to travel.fordham coach joe moorhead said that in the past, if recruits were not eligible for need-based aid and did not have the wherewithal to pay full tuition out-of-pocket, ""99 percent of the time"" they would instead choose programs that could offer full scholarships. this school year, fordham's estimated tuition charges are,845 for full-time students.carlton koonce, a senior running back who transferred from hofstra, said the full athletic scholarship was a key factor in his choosing fordham. koonce, a communications major who hopes to work in new york after graduation, said the appeal of football scholarships combined with fordham's academic prestige and its proximity to manhattan made the university one of the most appealing programs at the f.c.s. level.""i met a lot of great alums through the football program, a lot of my connections are in the new york city area,"" koonce said. ""why not set myself up years down the road and play for a good program, too?""eventually, the patriot league followed suit and in 2012 announced that all of its members could offer football scholarships. fordham would remain ineligible for the 2013 conference title, but its players did regain the opportunity to be selected for postseason conference awards. (they can still make the playoffs this year by gaining an at-large bid.)",politics,0.79396135,0.07270497,0.79396135,0.13333371
6878,business,"whatever the explanation, the states whose economies are most dependent on government employment and economic activity are also the states that are most likely to vote for republicans, who generally campaign on promises to reduce the size of government .consider one measure, the proportion of civilian employees in each state with government jobs, whether federal, state or local. nationally, the proportion last month was 16 percent, the lowest figure since.but the variance among the 50 states is large. at the top of the list, with one out of four workers employed by the government, is wyoming . at the other extreme is pennsylvania, with just one in eight. wyoming is among the most republican states, and that is part of a pattern. of the 15 states with the highest proportion of government employment, 10 voted for mitt romney, the republican nominee, in last year's presidential election . (the district of columbia, with more than 30 percent of the employees working for the government, is not included in the list because it is not a state, but it voted for president obama .) of the 15 states with the lowest level of government employment, only two — indiana and tennessee — voted for mr. romney .if only the 25 states with the lowest level of government employment had voted in the election, mr. obama would have won the national popular vote by a landslide margin of.3 percentage points, much larger than his actual margin of.9 percentage points . but among the other 25 states, plus the district of columbia, mr. romney had a.2 percentage point margin and would have easily won the election .the charts show state rankings on that and three other measures. the 15 states with the largest government involvement are at the top and the 15 with the lowest government involvement are at the bottom. states whose names are shaded voted for mr. romney and dominate all four of the top lists. states that voted for mr. obama are not shaded, and dominate the bottom lists. it should be noted that people may work in a different state from the one in which they live and vote. the ranking based on the proportion of government employees is shown in the left column of the chart. next to it is a ranking based on the increase or decline in total government employment since january, when the number of permanent government employees peaked. coincidentally, that was also the month that mr. obama took office .the other two are based on the state gross domestic product numbers calculated by the bureau of economic analysis of the commerce department . one shows the proportion resulting from government activity, rather than private sector activity, in, the most recent figure available. the next shows how much real government g.d.p. increased — or decreased — in the two years from 2010 to.a complete list of the figures for all 50 states, plus the district of columbia, can be found online with this column at at nytimes.com/ businessday .the state g.d.p. figures may well understate the importance of — and the decline in — government activity. that is because they are computed differently from the national g.d.p. number. the national number is based on spending, while the state numbers are based on profits and income of workers. as a result, if a government pays for the construction of something, whether a school or a fighter jet, that will show up as government activity in the national figure. but for the state figures, it will show up as private-sector activity because the work was done by employees of construction or aerospace companies .by the state figures, real government g.d.p. across the country fell by.3 percent during the two years through. the national g.d.p. figures, which reflect a substantial decline in local and state government investments in such things as schools and highways, showed a.2 percent decline, the largest for any two-year period since the early 1950s, when the government was demobilizing after the korean war .whether measured by g.d.p. or jobs, the last several years have been marked by an extraordinary reduction in government in most parts of the country.",politics,0.99467295,0.0046423767,0.99467295,0.0006846579
8224,politics,"christine greer remembers spending afternoons playing in the west texas sandhills with her grandmother, who would slide down the hills for hours despite the persistent aching in her arthritis-ridden hands.""she wasn't the typical, tender, bake-you-cookies, that kind of thing, but she was a tough old broad,"" ms. greer, now, said of her grandmother, iona dikes.ms. greer also remembers the day nearly 30 years ago when her family drove from monahans to el paso for the funerals of her great-grandmother, julia fleenor, 82, and ms. dikes, 62. the two had been tortured and strangled, and the home they were in was set on fire.""life went on, but our world changed,"" ms. greer said.angel galvan rivera was a suspect in the deaths but never tried. instead, he was convicted of murdering jewel haygood, 88, who lived just blocks away from the two women, in a similar fashion. he was sentenced to death in, and ms. greer and her family were satisfied that the man they believe killed her grandmother and ""granny"" would never walk free. now, mr. rivera — who has long proclaimed his innocence and who prosecutors agree received ineffective representation — could soon become eligible for parole and potentially walk away from death row . after nearly three decades awaiting execution for a crime he maintains he did not commit, mr. rivera was faced with a life-or-death choice: he could get a chance to leave prison, but only if he relinquished his claims of wrongful conviction.for both sides, the case represents the ravages time can wreak on the pursuit of justice . for the family of ms. fleenor and ms. dikes, the evidence needed to prosecute a killer may have evaporated over the decades. and for mr. rivera, the clues that could bolster his claims of innocence probably have long faded.""it blows my mind that our justice system can be so slow,"" ms. greer said, her voice cracking through tears. ""i just don't get it.""the texas court of criminal appeals is reviewing a state district judge's recommendation to approve an agreement between mr. rivera and the el paso county prosecutor's office in which his sentence would be commuted to life. in exchange, he would drop claims that he was wrongly convicted. if the court approves the agreement, mr. rivera, now, could be eligible for parole but his murder conviction would stand.it is a decision several inmates have made, one that some defense lawyers say is a byproduct of a criminal justice system so flawed that it is easier to convict an innocent person than to free the wrongly imprisoned. ""just because somebody is innocent doesn't mean you're going to ever be able get them found innocent,"" said jeff blackburn, the founder and chief counsel of the innocence project of texas . prosecutors argue that the texas justice system has improved and that rare cases like mr. rivera's are a fading vestige of past problems that lawmakers and courts have addressed in recent years . ""they are just trying to make the best out of a mess created by their predecessors,"" said shannon edmonds, director of governmental relations at the texas district and county attorneys association.ms. fleenor and her daughter ms. dikes were killed 11 days before ms. haygood was found strangled on the bathroom floor of her el paso trailer in. prosecutors indicted mr. rivera in ms. haygood's case, but ms. greer said her family was told that investigators did not have enough evidence to pursue mr. rivera in the killings of her relatives.mr. rivera, who had previously been convicted of aggravated rape and sentenced to 20 years, was found guilty and sentenced to death . no physical evidence tied him to the crime . the state's case rested largely on what were presented as confession letters obtained by jailhouse snitches and on their testimony. it also relied on witnesses — including a woman who regularly reported her neighbors to crime stoppers — who said they saw mr. rivera in a car similar to ms. haygood's soon after her death.",sports,0.99563414,0.0010449875,0.0033209631,0.99563414
7009,politics,"denver — hundreds of abandoned drilling wells dot eastern wyoming like sagebrush, vestiges of a natural gas boom that has been drying up in recent years as prices have plummeted.the companies that once operated the wells have all but vanished into the prairie, many seeking bankruptcy protection and unable to pay the cost of reclaiming the land they leased. recent estimates have put the number of abandoned drilling operations in wyoming at more than,200, and state officials said several thousand more might soon be orphaned by their operators . wyoming officials are now trying to address the problem amid concerns from landowners that the wells could contaminate groundwater and are a blight on the land.this month, gov . matt mead proposed allocating $3 million to pay for plugging the wells and reclaiming the land around them. and the issue is expected to be debated during next year's legislative session as lawmakers seek to hold drilling companies more accountable.""the downturn in natural gas prices has forced small operators out of business, and the problem has really accelerated over the last couple of years,"" said the governor's policy director, shawn reese. "" landowners would like their land to be brought back to a productive status and have orphaned wells cleaned up.""drilling companies in wyoming typically lease land from the state, private owners or the federal bureau of land management, depending on who owns the mineral rights.the state's oil and gas conservation commission already budgets $1 million a year to plug abandoned wells. and under the governor's proposal, the commission would appropriate another $3 million over the next four years in an effort to restore property value and reduce the risk of contamination.the money would come from a conservation tax that oil and gas companies pay.still, given the number of wells already abandoned and the concern that more will soon be deserted, the money is not expected to go far. the state estimated that closing the,200 wells already abandoned would cost about $8 million .compounding the problem, state officials estimate that wyoming may also have to plug,300 wells that are sitting idle but have not been entirely abandoned by operators .there are also 400 idle wells scattered across land owned by the bureau of land management, which has its own criteria for determining when a well on its land is considered abandoned or idle. state officials said they would need to work with the bureau to help deal with those wells, too. governor mead also wants the commission, which he sits on, to review the conservation tax and bonding requirements for drilling companies to determine whether they are sufficient.currently, companies must pay a,000 blanket bond to cover all of the wells they operate — often numbering in the hundreds — on state and private land in wyoming . once a well stops producing and is deemed idle, the operator must pay up to $10 a linear foot in bonding to offset the cost of reclamation.but it is at that point that some companies drift into financial trouble and cannot pay the additional fees, leaving the state to scramble to make up the cost.the governor's proposal has drawn support from landowner groups like the powder river basin coalition, which has been pushing the state to take a tougher tack toward financially marginal drilling companies .""there has been a lot of hand-holding and coddling over the years when it comes to oil and gas operators and their ability to pay the bonding,"" said jill morrison, an organizer with the group.ms. morrison said that the issue had largely been ignored during wyoming's peak boom years — from 1995 to.""we are really pleased there is an actual plan to move forward with an aggressive plugging and reclamation strategy,"" she said.the proposal is also backed by the petroleum association of wyoming, which favors raising the conservation tax to help pay for plugging fees. the group also supports higher bond fees for operators with tenuous finances .""it's how you weed out companies that are too risky to go into business with,"" said the group's president, bruce hinchey.but getting drilling companies who claim to be on the verge of collapse to take responsibility for wells they still technically own has proved difficult.one such company, patriot energy resources, which owns about 900 idle wells on state and private land, said in an october letter to governor mead that it was.9 million short of full bonding on those wells after the bankruptcy filing of luca technologies, its parent company .patriot has proposed allowing another drilling company to take on a part of its debt, saying it will have to abandon its wells otherwise. ""without this deal or something similar, patriot will be forced to file for bankruptcy and turn these wells and reservoirs over to the state of wyoming,"" a company official wrote in the letter.renny mackay, a spokesman for mr. mead, said the state was weighing the offer. state senator john j. hines, a republican who represents mineral-rich campbell and converse counties, said it was vital for lawmakers to take up the issue swiftly, because natural gas was so important to wyoming's economy .""all of this just came to a head at once,"" said mr. hines, who heads the senate's minerals committee .last spring, mr. hines was told by patriot that the hum of gas drilling activity on his own sprawling cattle ranch would soon grow quiet.soon after, the company, which leased parcels of mr. hines's land, disappeared completely — leaving behind more than 40 coal -bed methane wells and a jumble of pipes and pumps.""they informed me that they were shutting down because they were short of funds,"" mr. hines said. ""all of it, in my opinion, needs to be cleaned up.""",business,0.98157805,0.98157805,0.017272618,0.0011493097
9821,politics,"washington — the supreme court on monday tried to find the right balance between air safety and a pilot's reputation, with several justices taking an unusually active role in framing the issues to be decided by the court .the case arose from friction between air wisconsin airlines and william l. hoeper, one of its pilots, who failed a series of tests he had needed to pass to qualify to fly a new kind of aircraft. mr. hoeper said he believed that test administrators were deliberately sabotaging his career, and in december 2004 in virginia, he ended the fourth test abruptly, cursing and shouting.the airline booked mr. hoeper on a flight home to denver, and after internal deliberations it also contacted the transportation security administration . a manager told the agency that mr. hoeper had been fired, was mentally unstable and that, as a flight deck officer, might be armed .mr. hoeper's plane was recalled to the gate, where he was removed, questioned, searched and released. he sued air wisconsin for defamation and won about.4 million . justice sonia sotomayor said the statements made to the federal agency had been too strong.""what's so difficult about simply saying he's angry?"" she asked. ""why choose the words 'mentally unstable'? isn't it with an intent to connote something more than the facts?""jonathan f. cohn, a lawyer for the airline, argued that a federal law encouraged prompt, informal reports of suspicious activities without fear of later ""hairsplitting distinctions.""eric j. feigin, a lawyer for the federal government, which supported the airline, said ""it would be very unfortunate"" if the consequences of an exaggeration in response to ""the t.s.a.'s ubiquitous 'see something, say something' campaign"" were a lawsuit and a damage award.the federal law, the aviation and transportation security act of, was enacted after the sept. 11 terrorist attacks . it gave airline employees broad immunity from lawsuits for reports of suspicious activities . but the law has an exception, drawn from the ""actual malice"" standard in the supreme court's 1964 decision in new york times v. sullivan, for statements made with knowing falsity or reckless disregard of the truth. reviewing mr. hoeper's case, the colorado supreme court said the airline had forfeited its immunity.""the events at the training may have warranted a report to t.s.a.,"" justice nancy e. rice wrote for the majority. but the statements made to the agency, she said, ""overstated those events to such a degree that they were made with reckless disregard of their truth or falsity."" justice rice, in a sentence that was at the center of monday's arguments, added, ""we need not, and therefore do not, decide whether the statements were true or false.""there were at least two ways to interpret that sentence. one was that it collapsed two distinct questions into one. all of the lawyers at monday's argument agreed that would be improper. whether a statement is understood to be true and whether it is true, they said, are separate inquiries. justice rice may also have merely relied on the jury's finding of falsity in connection with mr. hoeper's defamation claim to conclude that the airline was not immune from suit. but justice antonin scalia said the finding could not be used that way.for purposes of winning a defamation suit, he said, ""it is material to say that somebody is mentally unstable when all that he did was lose his temper."" in the context of immunity under the 2001 law, he continued, a statement is materially false only if safety officials would have reacted differently to a more measured account.kevin k. russell, a lawyer for mr. hoeper, urged the justices to adapt a 1991 decision concerning a magazine profile, masson v. new yorker magazine, to the context of air security in monday's case, air wisconsin airlines v. hoeper, no. 12-315. the right question in the new context, he said, was, ""would a true statement have a different effect on the security official's mind?"" justice anthony m . kennedy, who wrote the majority opinion in the masson case, resisted mr. russell's suggestion, saying the 2001 law applied to all sorts of airline employees required to make fast judgments on limited information. the profile's author, janet malcolm, had months to work on the profile, he said.""they had proofreaders,"" he continued. ""they had editors in new york. and you're saying the same standard applies to the baggage handler who has only 10 minutes to decide what he's going to say?""",business,0.50993073,0.50993073,0.4865793,0.0034899935
6330,politics,"anticorruption activists have urged president obama to back a plan to publicly register the owners of shell companies in the united states and around the world, a move they say is essential to thwart corrupt government officials, tax evaders and money launderers who rely on an opaque financial system.the plan, backed by prime minister david cameron of britain this year, was outlined in letters sent to mr. obama last week by two groups of current and former prosecutors and activists . the issue is set to be raised again at the group of 8 summit meeting of industrialized countries this month.""corrupt politicians, tax evaders, and organized criminals all use complex webs of shell companies to hide and launder stolen money,"" said 19 prosecutors and activists in one of the letters. the group calls for "" governments to require existing company registers to collect information on the ultimate owners of all companies "" and for that information to be publicly available. france and italy are also thought to back the proposal, said stefanie ostfeld, a senior policy adviser for the anticorruption research group global witness, but while the united states has expressed an interest in such information being made available to law enforcement officials, it has appeared reluctant to make it public. opponents of the measure say it would be expensive, increase bureaucracy and discourage business .""these anonymous shell companies are used by everybody who steals money,"" said jack a. blum, a lawyer and the chairman of tax justice network usa, who was among those who signed the letters. tens of thousands of shell corporations have been set up within the united states, he said, primarily in four states — delaware, montana, nevada and wyoming — that have loose regulations.""we know that the bad guys are selling the u.s. as a place to set up companies,"" mr. blum said, citing its ""aura of legitimacy.""while activists say the issue is pressing because of the need to ensure that poorer nations with natural resources are not exploited by unscrupulous officials, it is not a new problem. the financial crimes enforcement network, a bureau of the treasury department, estimated in 2005 that as much as $18 billion in suspicious transactions were made using international wire transfers that used shell companies in the united states . senator carl levin, a michigan democrat, has introduced legislation that would require states to collect information on the ""beneficial ownership"" of companies incorporated within their borders. it has failed to pass three times since. on one of those occasions, it was co-sponsored by mr. obama, at the time a senator . the white house did not immediately return a call and an e-mail seeking comment on the letters or on mr. obama's position.in britain, mr. cameron's championing of the issue was prompted in part by a series of revelations in recent months that celebrities and other public figures were avoiding taxes using elaborate loopholes.and as a wave of protests and revolutions swept the arab world in, it became clear that the region's dictators had safeguarded their plundered wealth through intricate accounting practices.",business,0.9694466,0.9694466,0.02973576,0.0008175857
4400,sports,"in october, anthony p. bosch, a troubled businessman who had a permanent suntan and a white lab coat with his name embroidered on it — though he had no medical license — clashed with an investor in his small anti-aging clinic in coral gables, fla.bosch's modest business, biogenesis, promised to make floridians feel stronger and younger. but porter fischer, a former client turned partner, felt spurned over a,000 investment gone sour, and he wanted to embarrass bosch, ""to take him out.""what began as a small-time dispute on the fringes of the medical world has become a major doping scandal, ensnaring some of the biggest figures in major league baseball, including alex rodriguez of the yankees . ryan braun, a milwaukee brewers outfielder, recently accepted a season-ending ban stemming from his ties to the clinic, and this week baseball officials are expected to suspend at least eight players, rodriguez among them, because of their relationship with biogenesis.the scandal has already badly damaged the reputation of the league and some of its iconic teams, and it has further tarnished a sport long troubled by doping violations . baseball investigators think bosch provided performance-enhancing drugs to braun, rodriguez and others. some of the players' names appeared in biogenesis documents that fischer provided to miami new times, a weekly newspaper, after his falling out with bosch.""i wanted bosch, his reputation and his cocky attitude taken down,"" fischer wrote in a sworn statement to the florida department of health in april. ""i knew i had the information to take him out, so i began working with the paper on a story about him.""soon after fischer wrote his statement, state health officials fined bosch,000 for impersonating ""a medical doctor by diagnosing and treating patients"" at biogenesis and elsewhere.the new york times obtained a copy of fischer's statement through an open records request. authorities substituted fischer's name with ""patient p.f.,"" but gary smith, fischer's spokesman, confirmed that fischer had written the document. smith added: ""porter was trying to be as honest as possible, and he was trying to be specific.""a lawyer representing bosch did not respond to messages seeking comment .as the sports world braces for the expected flurry of suspensions, which have been the subject of speculation for months, the story of tony bosch, the quasi doctor, and porter fischer, his client turned investor turned whistle-blower, reveals an underbelly of shady business practices and dubious drug deals that extend from a coral gables office park to yankee stadium .it features a cast of superstar athletes who drive maybachs and help sell out ballparks ; high-priced baseball investigators, including f.b.i. agents and a former secret service official; and florida personalities who could be extras in a carl hiaasen novel.bosch, 49, with his black hair greased back and dress shirts untucked, was a familiar figure on the miami scene. people who know him said he could often be spotted at the hottest restaurants or at the bar at the ritz-carlton key biscayne . his ground-floor clinic sat near the university of miami and its baseball stadium, alex rodriguez park.fischer, 49, was a regular at the boca tanning club in coral gables who had cycled through a series of marketing jobs . he had struggled with his cholesterol and wanted to lose weight, so he sought the advice of bosch, who for $375 a month prescribed him a cocktail of hcg, a hormone, along with testosterone and vitamin b. he later added anavar, a steroid, which bosch called ""the stuff lance armstrong takes,"" fischer said.bosch had also begun working with some of the biggest names in baseball, earning their trust and supplying them with banned substances like human growth hormone, according to baseball officials . in, baseball investigators found evidence that the 12-time all-star manny ramirez had received a banned drug from bosch's facility.fischer said he and bosch quickly connected — they had attended the same high school, graduating a year apart. at first, fischer was impressed with bosch, and said that with his treatments, ""the weight started falling off.""",business,0.99726725,0.99726725,0.0018514262,0.000881411
4565,business,"this spring, the missouri chamber of commerce urged the state legislature to accept the federal government's plan to expand medicaid for the poor and disabled.the business lobbying group had not suddenly gone rogue. here is how daniel p. mehan, its president, summarized his feelings about president obama's health care law : ""we don't like it.""but the chamber was cognizant of the plea of its members directly affected by the issue: dozens of missouri hospitals stood to lose.2 billion over six years in federal support for uncompensated care if the state refused to increase the income ceiling for medicaid eligibility.pragmatism suggested accepting the expansion. washington would pay the extra cost entirely for three years and pick up 90 percent of the bill thereafter.and it would expand health coverage in the state's poor, predominantly white rural counties, which voted consistently to put republican lawmakers into office.missouri's republican -controlled legislature — heavy with tea party stalwarts — rejected medicaid's expansion in the state anyway.after their vote, a frustrated editorial in the missourian, a faithfully conservative newspaper in washington, mo., asked of the state's elected republicans : ""who do they represent?""today, the same forces that blocked the expansion of medicaid in missouri are going all out in washington in a bid to undo all of the affordable care act . bowing to the vehemence of its tea party faction, the house g.o.p. forced a government shutdown when senate democrats refused to delay or defund the president's health overhaul. house republicans are threatening even further damage if they don't get their way, possibly unleashing financial chaos if they manage to force the united states into its first default ever on the government's debt .republicans' efforts raise the same perplexing question posed by the missourian: what drives tea party republicans and their financial backers ? what calculation persuades them that repealing the health care law is worth the risk ? indeed, whose interests do they represent?nearly 6 in 10 americans disapprove of trying to stop the law by cutting its financing . even among those who don't like the law, less than half want their representatives in congress to try to make it fail.it is tempting to discard the tea party activists driving the republican party as crazy — as some commentators have — motivated by fear and willing to believe that default won't cause much harm and might even act as a purgative to free the economy of a bloated government .""they listen to nobody but themselves,"" the harvard political scientist theda skocpol told me. ""they are convinced of their rectitude and convinced that they alone are qualified to save america from the dire threat of obama and his polices. they have worked themselves into a dangerous place.""their relationship with reality can take peculiar turns. reflexive opponents of "" government,"" they can exhibit little sense of what the government actually does.and yet the argument that half the republican party has simply lost its mind has to be an unsatisfactory answer, especially considering the sophistication of some of the deep-pocketed backers of the tea party insurgency .there is a plausible alternative to irrationality. flawed though it may turn out to be, obamacare, as the affordable care act is popularly known, could fundamentally change the relationship between working americans and their government . this could pose an existential threat to the small- government credo that has defined the g.o.p. for four decades.the law is imperfect. it has dozens of complicated, interlocking parts. half of americans say they don't understand how it will affect them and their family. still, the law has many provisions that are likely to improve life for millions of americans, including a big portion of what we know as the working middle class .almost two-thirds of uninsured americans have a full-time job, according to the kaiser family foundation . a further 16 percent are employed part time.the department of health and human services recently estimated that nearly six in 10 uninsured americans could qualify for health coverage in the insurance market for less than $100 per person per month.according to an analysis by the urban institute, 28 million americans would gain health insurance under obamacare . of these, eight million earn more than twice the poverty level of,100 for a family of four. a majority of those would get a subsidy to buy a plan.as it turns out, the core tea party demographic — working white men between the ages of 45 and 64 — would do fairly well under the law.take missouri . it has about,000 uninsured. almost half of them would have been eligible for expanded medicaid benefits, had the legislature not rejected them. many of the rest — including families of four making up to,000 — will be eligible to get subsidized health insurance .in st . louis, for instance, a family of four making,000 a year will be able to buy a middle-of-the-road ""silver"" health plan for $282 a month and a bottom-end ""bronze"" plan for. even medicare recipients will get a benefit worth a few hundred dollars a year.in, when president bill clinton took an earlier stab at a health care overhaul, the conservative thinker william kristol published a manifesto about why republicans had to stop it."" passage of the clinton health plan in any form would be disastrous,"" mr. kristol wrote, italicizing for emphasis. ""it would guarantee an unprecedented federal intrusion into the american economy . its success would signal the rebirth of centralized welfare-state policy at the moment that such policy is being perceived as a failure in other areas.""two decades after mr. clinton's ultimately failed attempt, obamacare poses the same sort of threat.even americans who say they dislike the law actually like many of its components. nearly three-quarters approve of giving financial help to poor and moderate- income americans to buy health insurance . two-thirds approve of barring insurance companies from denying coverage because of somebody's medical history . three-quarters favor letting children stay on their parents' insurance until they are.until now, social welfare programs in the united states have exhibited a ""big hole,"" professor skocpol said, consisting of nonpoor working-age americans and their children. obamacare closes a big chunk of it.""the main beneficiaries tend to have lower wages, employed in smaller businesses that are not providing health insurance,"" she said. ""they are not elderly. they are also not the poorest.""and they might be grateful to democrats for the benefit.to conservative republicans, losing a large slice of the middle class to the ranks of the democratic party could justify extreme measures.",politics,0.96767265,0.030939164,0.96767265,0.0013882151
8254,sports,"while many who live in and work in cooperstown were braced for a blow to the town's annual hall of fame weekend, it took wednesday's depressing election announcement to land the actual punch. the traditional induction party will go on as it always does in late july, but because it won't involve a single living honoree, it's unclear just who exactly will be inclined to show up.the hall of fame and the baseball writers' association of america tried to put a brave, reasonable face on the group's decision not to elect a new member, calling it part of an honest selection process for the sport as it continues to come to terms with the fallout from the steroid era.and it's not as if this hasn't happened before, and long before performance-enhancing drugs were part of the discussion. there were, in fact, eight previous elections in which no one reached the 75 percent threshold for selection, most recently in.still, that doesn't mean wednesday's news went over well on cooperstown's main street .""i think it's absolutely terrible,"" said jeff foster, owner of the legends are forever memorabilia store . ""i think the hall of fame voters were trying to make some kind of point. but mike piazza and craig biggio, they belong in the hall of fame . it's shameful.""in many of the empty years, the veteran's selections filled the void — the 1996 weekend, for instance, was spiced with the inductions of the colorful manager earl weaver and the formidable pitcher jim bunning — but this year, those selections are bringing no such relief.the three who were chosen were the umpire hank o'day, the owner jacob ruppert and a catcher, deacon white, all of whom have been dead for many decades. as a result, this will be the first induction ceremony since 1960 in which no living honoree will be on stage to accept a plaque.in an obvious attempt to generate more interest in what is now a relatively barren induction weekend, jeff idelson, the hall of fame's president, announced that there would be a ceremony to honor those who never got a proper induction because of the impact of world war ii . that group includes rogers hornsby and lou gehrig as well as the 10-member class of.""nobody in cooperstown was rooting for a shutout,"" idelson said of the vote announcement. ""we hope to have a large number of hall of famers return for a reunion and a lot of people come for the weekend to see them. and honoring the people who never had an induction ceremony — we think that will help draw people.""not everyone is convinced.""unless they come up with something truly unique, i don't see that drawing many people,"" said vincent russo, owner of mickey's place, a memorabilia store on main street . ""it's going to be pretty quiet here.""quiet in cooperstown in july is usually not a good thing. local business owners say the event took a big hit in, when the hall of fame exhibition game that used to be held in conjunction with induction weekend was moved to earlier in the summer. nevertheless, foster said induction weekend still accounts for somewhere between 10 and 15 percent of a lot of businesses' annual revenue, which made wednesday's news all the more downbeat.""i think this is going to end up like a regular summer weekend, no more busy than normal,"" he said.the voters' rejection of both barry bonds and roger clemens, superstars done in by their direct links to performance enhancers, was not entirely unexpected. hurting almost as much was the failure of another first-time candidate, piazza, to win induction, although he did a good deal better in the balloting than bonds or clemens did.as a mets hero, piazza would have drawn hordes of people from the new york area for the induction ceremony had he been elected. but he fell nearly 100 votes short.in the end, the hall hopes 2013 becomes just another historical footnote, no more memorable than, when yogi berra fell 28 votes shy of breaking that year's shutout in his first year of eligibility.""sometimes the ballot just flushes out like that,"" said jack o'connell, the secretary-treasurer of the writers' association. ""we all know this time what the 800-pound gorilla in the room is, but sometimes the ballot is just weak or voters aren't ready to induct those particular players. in some ways, that's what people are thinking this year. they aren't ready yet to vote for these players.""but in the interim, there will be at least one very modest induction weekend, and it will happen just six months from now.",politics,0.63361955,0.0053548957,0.63361955,0.36102554
5874,sports,"baldwin, mich. — the search started the night of may, a sunday, when cullen finnerty went missing in the woods here, amid towering white pines and shrubby scrub oak trees and owls and white-tailed deer. by monday morning, helicopters circled overhead as cadaver dogs combed through the brush below.by that tuesday, the search party had ballooned to include 13 officers from lake county, 22 reserve officers, almost 100 local volunteers and so many friends and family members that the assembled lost count. they fanned out in small groups, separated by 100 yards, walking the same direction, crossing square-mile sections of the webber township grid. some waded through waist-high swamps. others fought through dense foliage.as darkness approached on tuesday, there was one final section the authorities planned to check that day. finnerty had been missing for nearly 48 hours. the group closest to the nearest road, near enough to hear cars purr as they drove past, assumed it would never find him as it stamped through backyards, past trailers and huts and cabins and deer blinds.among that group stood chuck martin, finnerty's football coach at grand valley state, now the offensive coordinator at notre dame, and curt anes, the quarterback finnerty succeeded. the group pushed through branches, into a clearing.anes's wife, lindsay, was between martin and her husband.""oh, my god,"" she said, voice rising. ""oh, my god!""martin's gaze shot in that direction, and there lay finnerty, face down, arms at his side, wearing olive waders and a camouflage jacket. it was:40 p.m. lindsay anes dropped to her knees. her husband fought the urge to turn finnerty over and embrace him. as the police rushed in, the group slogged back to the road.""is this really happening?"" curt anes asked over and over again.one search had ended. another, the search for answers, had begun.so little about finnerty's death made sense. here was perhaps the most successful quarterback in college football history, a three-time national champion who was crowned the division ii player of the decade by one web site . he was, married, the father of two children, one age 2 and the other 3 months. one week earlier, the family had gathered for his daughter's baptism. on memorial day weekend, he accompanied his wife's family on vacation.none of it made sense. how he complained of headaches and restless sleep in the days before he disappeared. how he went fishing by himself. how he ended up dead not much more than 100 yards from a road, out in the open, about half a mile west of where he docked his pontoon boat.his last two phone calls proved most haunting. one was to his wife, the other from his brother-in-law . family members said that in both, finnerty sounded panicked. he said he was uncomfortable. he said he ran into two men on the baldwin river. he thought they might be following him.finnerty was 6 feet 2 inches. he weighed about 240 pounds. he ran to fights, not away from them. friends called him superman and rambo, and yet his final known actions did not square with the life he lived.here was a man widely described as fearless — whose last known words were spoken in fear.after martin dropped his son at school on tuesday morning, he heard from friends who sounded optimistic. the police had not found finnerty in the river. they hoped he was hiding in the woods .""you're going, right?"" she asked him.martin stopped home, grabbed his boots and pointed his car toward baldwin. the player he called crazy horse and knucklehead and vinnie barbarino was out there somewhere, alone, he thought, afraid. martin was certain he would find him, and then it would all make sense.finnerty grew up in brighton, mich. he arrived at grand valley state in, after a short failed stint at toledo the year before. he played quarterback, but with broad shoulders and a chest as wide as lake michigan, he looked and acted more like a linebacker. most quarterbacks skip the bench press when they audition for professional scouts . when his chance came, finnerty did 25 repetitions at 225 pounds, the most that year for any quarterback .",politics,0.9809693,0.0027987312,0.9809693,0.016231904
7825,business,"washington — president obama nominated sarah bloom raskin on wednesday to be deputy treasury secretary . if confirmed by the senate, ms. raskin would be the highest-ranking woman to serve in that department.ms. raskin is a federal reserve governor and a former state banking regulator . at the treasury, ms. raskin would take the position held by neal s. wolin since the beginning of the administration .in a statement about ms. raskin, jacob j. lew, the treasury secretary, said, ""sarah has a deep understanding of banking and financial regulatory issues as well as a firm grasp of how to run large, complex organizations."" he added, ""sarah has demonstrated a strong commitment to protecting consumers, and she shares my conviction to do everything possible to increase job creation, accelerate economic growth and strengthen the middle class .""a person with knowledge of the process, but without permission to speak on the record about personnel policy, said mr. lew had put forward ms. raskin's name for the job and was particularly interested in her administrative abilities. the deputy secretary takes a large role in running the sprawling department, with tasks as diverse as the minting of currency and the collecting of taxes .mr. lew also appreciated her knowledge of financial markets and regulation given the enormous continuing task of putting into effect the dodd-frank regulatory reform law, this person said.ms. raskin is lawyer who was trained at harvard and who worked as a maryland state regulatory official before joining the fed in. she had earlier worked on capitol hill and at the promontory financial group, a consultancy .ms. raskin's move to the treasury would leave yet another vacancy at the central bank . the fed chairman, ben s. bernanke, is widely expected to leave at the end of his term in january, and elizabeth a. duke, a fed governor, plans to step down in late august.the search for a new federal reserve leader has raised questions about the relative dearth of women in top economic policy -making positions. janet yellen, the fed vice chairwoman, is considered a contender for the top job. lawrence h. summers, the former treasury secretary and economic adviser to mr. obama, is also considered a leading candidate to succeed mr. bernanke.some democratic members of congress and economists have urged mr. obama to appoint ms. yellen, while several current and former white house aides are said to be pressing for mr. summers.",politics,0.9735303,0.025311803,0.9735303,0.0011578373
2144,sports,"barcelona, spain — more than six million americans live abroad, according to recent estimates, so it was not altogether unusual when the ledermans, a family of four from california, moved here in. after all, one of them got a dream job .for the ledermans, though, the strange thing was not the move but the reason: the opportunity that brought them to spain was not for danny, the father and small-business owner, or tammy, the mother and real estate agent. it was for ben, their 11-year-old son.two years later, ben lederman, 13, is still working, still spending most days (and many evenings) training at la masia, the famed youth soccer academy run by the global soccer juggernaut barcelona . ben is the first united states -born player invited to train at la masia, and that distinction, while significant, means little to his overall quest: to work his way up through the barcelona youth teams and someday, maybe, become the first american to play for barcelona's first team.could it happen? perhaps. he has scored several memorable goals already in his career (a few of which have found their way to youtube, but what has impressed most observers — including those from barcelona — is his field vision and his seemingly advanced ability to see passing lanes and openings during the run of play. more than goals, that sort of instinctive game savvy is what scouts crave.and yet, the possibility of making it to the highest level with barcelona is both remote and, at a minimum, several seasons of good play (and good fortune) away. barcelona is generally reluctant to offer details about or access to la masia, so many fans know only its success stories .among the club's current stars, cesc fàbregas entered la masia at. lionel messi and xavi joined the club at, and andrés iniesta at. but there are reportedly about 300 players in the academy in a given year, and less than 10 percent typically make the first team.in the interim, the ledermans have settled into a life here in which they simultaneously revel in their situation and struggle with the limbo it demands. in many ways, they have become what they readily acknowledge is an unusual case study on parenting.""we were close to not doing it,"" tammy said in a recent interview at a cafe. ""we were very, very close. people hear, 'soccer, barcelona, spain,' and just assume it all works. but there is so much that goes into it.""the decision to leave their los angeles -area existence was so difficult that the ledermans went to a life coach to help them sort through the ramifications of their choice. they had jobs and cars and friends and responsibilities. their children had schools and clubs and teams . ""even people close to us didn't really understand what we were considering,"" tammy said. ""we rented our house. we left our families. we left our lives.""left unsaid, but not forgotten, was the reason: a chance for a preteen boy to play at one of the best soccer academies in the world. yes, there are plenty of other prodigies whose families send them to train far from home or move around to accommodate their schedules, including a handful of players in the united states national youth program, for which ben plays. few, though, do it for players so young, or for teams so prestigious.""i've seen it go in different ways,"" said john ellinger, a former coach in the united states youth national program who also worked in major league soccer . "" soccer -wise, of course you go. of course you do. and more and more clubs seem to be interested in american players, which is terrific. but until you are faced with that sort of decision as a family, it's impossible to imagine what it's like.""with barcelona, too, there were no guarantees — the club's initial agreement with ben was for only two years. that left tammy and danny torn about whether putting that much pressure on ben would be productive or disastrous.ben had always loved soccer . at, when he got a white guinea pig as a birthday present, he named it messi. at, when he and danny were at the camp nou stadium to watch a barcelona game as fans, ben turned to his father and said, ""dad, i want to play here someday.""at, after being praised by barcelona scouts who watched him play in an exhibition arranged between one of the club's youth teams and ben's club team in california, he earned a weeklong tryout. the culmination came when danny and tammy told ben he had been invited to train at la masia.""i can't describe his face,"" danny said. ""as a parent, it was the kind of joy that just makes you incredibly happy.""still, the family's decision to relocate did not come easily. although barcelona promised to take care of anything that ben needed, including his schooling, nutrition, uniforms and training gear, the ledermans were largely on their own.none of them spoke spanish (let alone catalan, so even basic things like buying food or finding a bathroom, or a school for their older son, were a challenge.",business,0.99624336,0.99624336,0.0015943906,0.0021623143
10456,business,"the transportation security administration said on tuesday that it would allow airplane passengers to bring pocketknives, golf clubs and other sports items aboard in carry-on bags, loosening some of the restrictions created after the sept. 11 terror attacks .the agency said the new rules, which align with international standards, would allow its security agents to ""better focus their efforts on finding higher-threat items such as explosives."" box cutters and razor blades are still prohibited in carry-on bags .passengers will be permitted to carry pocketknives with blades shorter than.36 inches long and.5 inches wide . knives with a locking or fixed blade, or those with a molded grip, will still be prohibited.the new rules will also allow passengers to bring on board previously banned sports equipment like lacrosse and hockey sticks, pool cues and ski poles, as well as no more than two golf clubs . novelty and toy baseball bats measuring less than 24 inches, or weighing less than 24 ounces, will be permitted as well.the new policy was announced by john s. pistole, the agency's administrator, at an international aviation safety conference held in brooklyn. mr. pistole has sought to move the t.s.a. from a one-size-fits-all model to a more tailored approach that focuses on threats and risks. the agency introduced new programs, for instance, that allow some frequent fliers to go through special safety lines at designated airports if they have been cleared in advance.the changes, however, attracted sharp criticism from flight attendant unions . the flight attendants union coalition, which represents five labor groups and,000 people, said the decision was ""poor and shortsighted.""stacy k. martin, president of the southwest airlines flight attendants' union, transport workers union local, said that while a small knife posed little threat to pilots locked in the cockpit, the new policy created unnecessary risks for cabin crew . ""this policy was designed to make the lives of t.s.a. staff easier, but not make flights safer,"" she said in a statement.the new rules take effect april.",sports,0.8368335,0.08889338,0.07427319,0.8368335
3536,politics,"congress now has an array of legislative options to prevent the interest rate on student loans from doubling to.8 percent on july, as scheduled.with student loans topping.1 trillion — and held by one in five american households — many families are questioning why students should pay so much when market interest rates are so low.on thursday, representative john kline, a minnesota republican who is chairman of the house committee on education and the workforce, introduced legislation that would provide a long-term solution, tying interest rates to the government's cost of borrowing, as the obama administration proposed in its budget.""i think a lot of people are going to go for it,"" mr. kline said. ""i talked to secretary duncan yesterday,"" he added, referring to education secretary arne duncan, ""and told him that our numbers were a little different, but the approach is the same.""there are other proposals out there, too. in her first stand-alone legislation, senator elizabeth warren, democrat of massachusetts, introduced a bill on wednesday to cut the student loan rate for one year to.75 percent, the rate that big banks get.two other democratic senators and two democratic representatives this week proposed rates based on the 91-day treasury bill, and three republican senators have offered legislation that would set the interest rate at three percentage points above the 10-year treasury rate.there is now widespread acceptance of the idea of moving to market -based rates. under mr. kline's proposal, students would pay the 10-year treasury rate, plus.5 percent, for all stafford loans, with a cap of.5 percent. for parent plus and grad plus loans, the rate would be the treasury rate plus.5 percent, with a.5 percent cap.real divisions remain, though. the administration proposed no cap on interest, leaving students vulnerable to high rates in years to come. but while the white house wants rates fixed for the life of the loan, the kline bill would reset rates each year — and that, too, would leave students vulnerable to high costs if interest rates rise .in a statement thursday afternoon, the president again called for congress to act to prevent the rate from doubling, but did not endorse mr. kline's plan.""while we welcome action by the house on student loans, we have concerns about an approach that both fails to guarantee low rates for students on july 1 and asks too many of them to bear the burden of deficit reduction through unaffordable rates,"" said the statement, from a spokesman, matt lehrich.",business,0.9963367,0.9963367,0.00295581,0.0007075728
4043,sports,"east canton, ohio — she was a soldier. she had seen combat in the desert. so why was she now standing on a driving range with a golf club in her hands trembling with fear at distant fireworks?she was at clearview golf club with a group of female military veterans for a program called clearview hope. they were here to learn golf together.nobody laughed when she cringed at the faraway pops and booms. nobody questioned her reaction. nobody mentioned post-traumatic stress disorder .they all understood. they were comrades, and they, too, knew fear.that bond of 50 female veterans in clearview hope, which stands for helping our patriots everywhere, drew a little tighter that night. and instinctively, when one stumbled, others picked her up.they had done it on battlefields and on foreign soil, so they could certainly do it on the manicured grass of a golf course in ohio .""our golf program is recreational, but for them, it's also therapeutic,"" said renee powell, who created the program in may 2011 at clearview, a family-owned course she operates with her brother, larry.clearview hope was started as a women's offshoot of the p.g.a. of america's p.g.a. hope program, which has at least a dozen chapters nationwide. that veterans' program sprung from the iowa give initiative, an acronym meaning golf for injured veterans everywhere.but even with numerous programs for veterans, there has been an absence of participation by women who served in the armed forces . women have not connected through traditional veteran networks .according to the united states department of veteran affairs, there are almost.3 million female veterans. in ohio alone, there are an estimated,000.powell, whose father served in world war ii and then built the family's golf course, is a former l.p.g.a. tour player. she had traveled to vietnam on a u.s.o. tour in 1971 to teach golf to soldiers for three weeks, so when the p.g.a. of america called to ask if she would host a free program in ohio for female veterans, she agreed.""i looked at existing programs for veterans, and there was nothing especially for women,"" said powell, a p.g.a. of america member and an honorary member of the l.p.g.a. teaching and club professionals.powell asked one of her students, the army veteran hollis burkes, to help her find female veterans in northeast ohio . she also visited the department of veterans affairs clinic in canton to leave fliers for enrolled female veterans.the fliers announced the new group and invited it to a lunch meeting and free golf clinic at firestone country club . powell offered the veterans five weeks of free golf lessons, supplying clubs and balls at clearview. ""i figured they'd parade us out on memorial day and then forget about us like people usually do,"" said arlinda mitchell, who served in the army reserve for 12 years, part of it in kuwait.nearly 25 women showed up for the group's first clinic. some had not seen one another in 20 years. many were not aware other female veterans lived in the area .""hardly anybody knew each other that first day, but then comradeship kicked in,"" said mindy cooper, a retired army captain . ""it didn't matter if you were white or black, army or air force, truck drivers or communicators.""when the golf lessons began a few weeks later at clearview, 15 women took part. some came as scouts for others, bringing additional veterans with them the next week. and after the sessions ended, the former soldiers were again surprised when powell announced plans for continuing group activities for the rest of the year — and beyond.""this has been about bringing women veterans together to heal,"" said powell.their healing has included sharing their experiences. many of the women report feeling minimized or shunned for their military service . when mitchell returned from operation desert storm in, she endured a bitter divorce and isolated herself. she worked at a hospital from 5 a.m. to:30 p.m., and was rarely seen by her neighbors. but she was proud of the personalized desert storm ohio license plate on her car. once, when a male friend was driving it, a man walked up to him in a parking lot and thanked him for his military service .""my friend said, 'i'm not the veteran; she is,' and he pointed to me,"" mitchell said. ""the man looked at me, turned and walked away.""burkes, whose 26 years of army service included tours in kuwait, iraq and saudi arabia, now works as a police officer for canton. on patrol one day, she said, she was called to help locate a missing juvenile.burkes stood with the child's father, staring at a house where the child was possibly being held. the man, a former marine, wanted to kick down the front door and charge into the house. burkes reminded him they were in ohio, not iraq .""he said, 'what would you know about iraq ?' and i told him i had served there, and he said, 'you were never in iraq,' "" burkes said. ""i totally lost control of myself and called him everything but a child of god.""burkes apologized and went back to looking for the missing child, but she was embarrassed by her reaction and angry at the man's words.""some people diminish you as a woman veteran,"" she said. ""you want to be evaluated for your merits and not devalued because of your gender.""joining clearview hope gave beth whitmore a chance to deal with emotions she had suppressed since service as an air force intelligence officer during the vietnam war .""this group has restored a part of my spirit that has been very badly damaged for a long time,"" said whitmore, who is now a judge . ""i'm so lucky, so grateful that i have been able to put aside the burden of rejection that i have carried for years.""through golf, the veterans have both calmed the panic of ptsd and experienced the joy of helping a vision-impaired member learn to putt.""we also let her drive the golf cart once,"" said barb hickman, the group's president .veterans who are single mothers are invited to bring their children. several members recently pooled money to buy a set of clubs for a child so she could play with her mother, a purple heart recipient.the group has plans for a family picnic in september, and powell says she hopes to create a junior program for the veterans' children. because clearview hope has become a model program for female veterans, the p.g.a. of america plans to support an expansion of similar programs in texas and tennessee .",politics,0.9911752,0.0018257964,0.9911752,0.0069989935
11327,business,"ottawa — take a walk down an aisle at pro hockey life, an emporium of the canadian national sport here on the capital's southern fringe, and a customer comes away with a decidedly non-canadian feel. almost every pad, mask, stick and skate is made elsewhere — mostly in asia, often by foreign-owned manufacturers .just about the only thing canadian about buying hockey equipment in canada has for years been the tariff on imported goods. now, even that quirk of canadian hockey history is going away.on thursday, the finance minister, jim flaherty, announced that the conservative government would end import tariffs on all sports equipment, except bicycles, on april. the tariffs were as high as 18 percent.usually, changes to tariff policy are more the concern of budget directors and accountants, but this change has become a national obsession, with the focus almost entirely on hockey equipment.even before it was officially announced, the end of the tariff was cast by the conservatives' opponents as more of a political than an economic measure.in the budget, the government said the end to the duties came ""with an expectation that wholesalers, distributors and retailers will pass these savings on to consumers .""but exactly how much the move will save canadian hockey players or, more likely, their parents is unclear.sitting in the stands of the brewer arena, a community rink in ottawa, while his 11-year-old son's team practiced for a tournament, brendan mccoy said that the tariff change would not improve his family's fortunes.""the big cost is the ice time,"" mr. mccoy said, noting that much of his son's gear was bought secondhand. ""equipment, at most, is a couple of hundred dollars every couple of years. if the government thinks it's going to get my vote with this, it's seriously mistaken.""what was clear on thursday is that the announcement highlighted what had become a quiet source of embarrassment to the many devotees of canada's game, or as some see it, canada's national religion: that very little hockey gear is produced here.the aisles at pro hockey life provided many examples: a wall of gloves made in china for reebok (a unit of germany's adidas) and in vietnam for c.c.m. (another adidas operation ) faces off against gloves from china bearing the logos of bauer ( canada -based but run from new hampshire) and easton (owned by easton bell sports of van nuys, calif.). there were also imports from the philippines sold by sher-wood (privately and canadian-owned.a selection of skates sprawled across the back of the store . but the only canadian-made models were priced from $500 to $600 a pair and came from graf, a skate maker whose headquarters are in switzerland.""about 90 to 95 percent of hockey equipment is made in asia,"" said richard desjardins, the product manager at sher-wood, which is based in sherbrooke, quebec. ""everybody knows it. made in canada might have been important 10 years ago . but now it's all about how much you pay.""sher-wood ended production of protective equipment over 10 years ago and outsourced its entire production of sticks, its signature product, two years ago to china and ukraine. mr. desjardins said that it only added maple leaves or the slogan ""designed in canada "" to products sold in europe, the last place where a canadian connection still had marketing power .the government's decision to eliminate tariffs that were protecting a largely nonexistent industry seems to have more to do with online shopping and the rise of the canadian dollar to parity with its american counterpart.for example, many of the skates at pro hockey life priced from $500 to, a surprisingly large category, are available from american online retailers at prices that are at least $100 lower because of low tariffs in the united states .""we appreciate that there's a pricing differential between canada and the united states,"" said kevin m. davis, the president and chief executive of bauer performance sports. he added that his company was likely to reduce its wholesale prices, but that ""we can't control what happens with retail pricing .""bauer, which was once owned by nike, and reebok-c.c.m. hockey are by far the dominant equipment makers in the canadian hockey market . at both companies, canadian production is now limited to relatively small numbers of custom-made skates for professional players and affluent amateurs. similarly, a handful of small producers, like the goalie pad maker vaughn, serve the high end of the market .as for why it took canada so long to adjust its tariffs to reflect the changes in the hockey equipment business, mr. desjardins was uncertain.""it's been in the tariff code for a long time,"" he said. ""maybe they just overlooked it.""all is not lost for the canadian hockey equipment industry: the humble puck, with its.6 ounces or so of vulcanized rubber, is still produced at home.",sports,0.9988925,0.0008424189,0.00026507885,0.9988925
9227,politics,"a wealthy houston couple have donated $10 million to head start to keep its programs running through this month despite the government shutdown .john and laura arnold, who made billions in a hedge fund founded by mr. arnold, gave the money to the national head start association.head start, the government -financed program that provides meals, medical screenings and preschool training for nearly a million children from low-income families, has been facing severe shortages because of the stalemate over federal funding in washington . programs serving about,200 children were awaiting grants that would normally have been issued oct. 1.in announcing their gift, the arnolds expressed frustration at the shutdown.""our representatives' inability to resolve their differences has caused severe disruptions in the lives of many low-income americans,"" they said. ""we believe that it is especially unfair that young children from underprivileged communities and working families pay the price for the legislature's collective failures.""the money will go directly to programs in six states — alabama, connecticut, florida, georgia, south carolina and mississippi — that have closed for lack of funding or are about to run out of money . officials of the head start association praised the arnolds but said this was no way to finance a major national program.""the arnolds' most generous act epitomizes what it means to be an angel investor,"" said yasmina vinci, executive director of the national head start association, in a statement, but ""angel investors like the arnolds cannot possibly offer a sustainable solution to the funding crisis threatening thousands of our poorest children.""if the crisis ends and the funding is restored, the arnolds' donation will be treated as a no-interest loan and will be repaid.if, on the other hand, the debt fight in washington drags on, things will only get worse for head start. on nov. 1, head start programs in 41 states and one united states territory that help more than,000 children could lose federal money .the programs were already under financial pressure because of sequestration, the across-the- board budget cuts that went into effect in march when lawmakers failed to reach a deficit reduction deal. those cuts caused,000 children to lose their slots in the program.with the loss of the october grants, state and local governments in florida and massachusetts provided funding to keep some programs open. programs in other states, including alabama, closed.the arnolds have a foundation that focuses on what its web site refers to as ""transformational change"" by taking an entrepreneurial, multidisciplinary approach to issues including criminal justice, education and public employee benefits . the head start money, however, came from the arnolds themselves. ""they were very moved by the fact that so many kids were going to be impacted by the current shutdown,"" said a family spokesman, gary larson . the arnolds declined to be interviewed.local head start programs are run by public and private agencies, not solely by the federal government, and are eligible to receive outside money, said sally aman, a spokeswoman for the organization. asked to elaborate, she said, ""you would get a much better answer if you called the government, but they are closed — as you may know.""",business,0.95070475,0.95070475,0.047797304,0.0014979215
2716,politics,"the latest new york times / cbs news poll is based on telephone interviews conducted jan. 11 through jan. 15 with,110 adults throughout the united states .the sample of land-line telephone exchanges called was randomly selected by a computer from a complete list of more than,000 active residential exchanges across the country. the exchanges were chosen so as to ensure that each region of the country was represented in proportion to its share of all telephone numbers .within each exchange, random digits were added to form a complete telephone number, thus permitting access to listed and unlisted numbers alike. within each household, one adult was designated by a random procedure to be the respondent for the survey.to increase coverage, this land-line sample was supplemented by respondents reached through random dialing of cellphone numbers . the two samples were then combined and adjusted to assure the proper ratio of land-line-only, cellphone -only and dual phone users .interviewers made multiple attempts to reach every phone number in the survey, calling back unanswered numbers on different days at different times of both day and evening.the combined results have been weighted to adjust for variation in the sample relating to geographic region, sex, race, hispanic origin, marital status, age, education and number of adults in the household. respondents in the land-line sample were also weighted to take account of the number of telephone lines into the residence.in theory, in 19 cases out of, overall results based on such samples will differ by no more than three percentage points in either direction from what would have been obtained by seeking to interview all american adults . for smaller subgroups, the margin of sampling error is larger. for the 504 respondents in gun-owning households it is plus or minus four points. shifts in results between polls over time also have a larger sampling error.in addition to sampling error, the practical difficulties of conducting any survey of public opinion may introduce other sources of error into the poll . variation in the wording and order of questions, for example, may lead to somewhat different results.michael r. kagay of princeton, n.j., assisted the times in its polling analysis. complete questions and results are available at nytimes.com/ polls .",business,0.9352352,0.9352352,0.062902085,0.0018627392
1832,business,"the grand bargain is off the table. thank goodness for that.even before representatives of the democratic-controlled senate and the republican -run house sat down to their first official budget reconciliation meeting on wednesday, it was hard to find anybody in washington who believed a deal could be reached to bridge the chasm between the two parties' tax and spending plans. republicans might be chastened, their popularity at rock bottom. but they seem as unwilling as ever to retreat from their position that the budget deficit must be reined in via spending cuts alone. the deficit, said senator charles e . grassley, republican of iowa, is a ""one-sided problem"" of overspending . both the white house and senate democrats remain adamant that new tax revenue should play a part in closing the gap.a modest bargain might be within reach to undo a small slice of the indiscriminate spending cuts that befell the discretionary budgets for military programs and domestic agencies, which are on schedule to scale back government spending by about $1 trillion over a decade. this could be paid for over the long term by, say, raising medicare premiums for high-income americans. but that is about the best congress can probably do.""the very least this conference should be able to do,"" said senator patty murray, democrat of washington and chairwoman of the senate budget committee, ""is find a way to come together around replacing sequestration and setting a budget level for at least the short-term .""there is a risk that such a deal would not hold for long, opening the door for a return of the politically motivated crises that have been battering the economy every few months.but the modest objectives carry a silver lining: taking a timeout from the inside-the-beltway obsession with gouging government programs to rein in the nation's budget deficit could save the economy from a lot of harm.let's stipulate that the current deficit is big and the accumulation of debt, if left unimpeded, imposes a future threat to the economy . but the assumption that the nation's biggest problem today is too much borrowing is flawed.for one thing, it ignores the large-scale budget cutting already in place. and it plays down the costs of steep deficit reduction in an economy that remains far short of its potential. if anything, the bigger problem is the exact opposite : severe budget cutting is shrinking the federal government too much for it to do its necessary jobs .budget cutters are walking tall around the world. in germany, the finance minister, wolfgang schäuble — chief enforcer of austerity along the euro zone's periphery — argued that ""the world should rejoice"" at europe's belt-tightening . in britain, the government of prime minister david cameron has welcomed the economy's incipient turnaround as vindication of an austerity strategy now in its fourth year. an editorial in the financial times declared that george osborne, the chancellor of the exchequer, ""won the political argument.""but few countries can match the speed with which the united states has embraced fiscal austerity . in, the federal deficit shrank at its fastest pace in more than four decades, dropping to.9 percent of the nation's gross domestic product, from.8 percent the year before, according to the congressional budget office .according to the international monetary fund, the general government deficit of the united states, which includes states and municipalities, will fall by about two-thirds as a share of g.d.p. from 2009 to. most of the decline will come from reductions in spending .not even britain has trimmed its budget as steeply. only greece, ireland and portugal — cornered into austerity by creditors in berlin and in brussels demanding a cleanup from past excesses — have shrunk government spending more sharply.yet for all the cuts already in the bag, calls in washington for further retrenchment remain strong. ""none of us can be proud of the way we spend the money,"" the oklahoma republican tom coburn said the other day from the senate floor .such fiscal virtue comes at a cost. considering the depth of the cuts, it is remarkable that the american economy did not fall off a cliff. in a sign that the united states is still much more resilient than most other advanced nations, its $16 trillion economy has managed to trundle along, overcoming austerity, the government shutdown and a brief flirtation with default. if i.m.f. forecasts hold, the american economy will grow by roughly.6 percent this year and add about.5 million jobs, significantly better than europe and japan .but that hardly means no harm was done. a recent analysis by the research firm macroeconomic advisers estimated that cuts to discretionary government spending — roughly everything the government spends money on except for social security and medicare — trimmed growth by seven- tenths of a percentage point a year since, and cost some.2 million jobs .the costs are mounting across the atlantic, too, despite the contentment in london and berlin. a study by an economist from the european commission published this month concluded that spending cuts put in place by governments from greece to germany since 2011 had stalled the economic turnaround of the entire euro area .a host of economic analyses over the last three years by researchers from different corners of the world — including roberto perotti at milan's bocconi university, alan taylor and òscar jordá at the university of california, davis and researchers at the i.m.f. — have concluded almost invariably that budget cutting in a depressed economy is counterproductive.by cutting teachers or raising taxes, reducing government transfers or trimming public purchases of goods and services, austerity shrinks the economy in the short term, often more than it shrinks the burden of public debt .when interest rates are at or near zero — as they are today in much of the developed world — there is little central bankers like ben s. bernanke and mario draghi can do to compensate for the declining business .as lawrence h. summers, the former treasury secretary under bill clinton and architect of president obama's initial economic program, pointed out in congressional testimony last may, the sequestration's $64 billion in cuts this year might reduce federal debt by.39 percent of g.d.p. but if the g.d.p. shrinks by.6 percent, as estimated by the congressional budget office, it will make the debt burden heavier, not lighter.here's how simon wren-lewis, a professor of economics at oxford university put it: arguing that the tiny amount of economic growth britain has recently achieved after a years-long downturn proved austerity to be the right policy is tantamount to saying that global warming skeptics had ""won the climate change argument because of recent heavy snow ."" the united states does face a fiscal challenge. the c.b.o. predicts that along the current policy path, public debt will start rising as a share of g.d.p. toward the end of the decade and exceed 100 percent of the size of the economy in about 25 years.there is time to fix that, gradually, especially as long as interest rates remain low.but if current tax and spending policies remain in place, the civilian government's entire discretionary budget — which pays for things like worker training, research at the national institutes of health, border security and much more — will shrink by 2023 to just.6 percent of g.d.p., the equivalent of about $420 billion in today's economy . that's less than at any point in decades.this is the money that helps pay for child care and education ; that maintains our roads and bridges; funds the national parks . its decline deserves the american political system's undivided attention. fat chance.there was a time when the white house and congress could hammer out a deal to broadly increase spending on the kind of short-term investments prosperity depends on and pay for it gradually over time — judiciously raising taxes and sensitively adjusting the entitlements expected to swell as the population ages in decades to come.not today, though. in the present, the least damaging path may be to postpone the big decisions and sweat the small stuff instead.",politics,0.9933984,0.0049354522,0.9933984,0.0016661354
5964,business,"keeping track of travel credit card perks is a chore similar to managing the n.c.a.a. men's basketball tournament office pool, except you can't depend on that guy in the office who understands all those complex brackets. you have to do it yourself.so i was both frustrated and annoyed last week when american express said that effective in march, my american express platinum card, which has a fee of $450 a year, will no longer get me free access to the airport lounges of american airlines and us airways, which have now merged into one giant airline.""we are disappointed to report that american airlines and us airways elected not to renew this benefit,"" american express announced in a tone of regret that you normally don't see in a news release .call me disappointed, too. the american express platinum card (as well as its,500-a-year, invitation-only centurion card ) has an array of benefits — but so do other, cheaper for-fee credit cards issued by airlines themselves in partnerships with banks . and herein lies a tale of hardball financial competition.""this is about shifting the share of wallets,"" said henry harteveldt, the travel analyst at the consulting firm hudson crossing. ""it's truly high finance.""how hardball is it? on the same day american express said that american had ""elected not to renew this benefit,"" citigroup announced that effective in march, the grandly named citi executive /aadvantage world elite mastercard that it issues in a partnership with american airlines would become the only card in the united states offering ""full membership benefits "" at american admirals club lounges. the annual fee for that card is.as american express knows very well, i as a customer am warily calculating whether it still makes sense to pay $450 a year for the platinum card — not to mention $95 a year for a chase -issued united mileageplus explorer card that i also use. each card has specific, fungible perks, including free checked bags, mileage bonuses, priority boarding access and the like. depending on one's travel and spending habits, each card can provide value that exceeds the annual costs, despite the complications of managing the accounting.for banks and their airline partners, the stakes are very high."" credit card companies have tremendous clout in their partnerships with airlines,"" mr. harteveldt said. ""now that the merger is done, citi has told american that it wants to reserve certain privileges for members of the citi aadvantage credit card, so they put pressure on american to exit the american express lounge program."" he added: ""we're talking serious money and extremely important strategic business relationships here. the credit card companies and the airlines are joined at the hip.""here's an example of the money involved in airlines' relationships with banks and credit card issuers . in, when a total of 262 billion delta air lines frequent-flier miles were cashed in for reward redemptions, american express alone bought $675 million in delta skymiles so it could award them to holders of its credit cards . the complex relationships between credit-card -issuing banks and airline partners represent billions of dollars a year, mr. harteveldt said.""this was a decision where citi was pulling the strings"" to block american express and enhance the competitive value of its aadvantage credit card, he said. american express is clearly dismayed by the move. ""there's been a lot of speculation, what with everything going on in the merger, but we got notification very recently,"" said melanie l. backs, a spokeswoman.like many other platinum card holders, i'm evaluating the value proposition in that $450 annual fee . but as ms. backs pointed out, the card's numerous perks include a $200 annual bonus that can be used for reimbursement of charges like airline reservations-change and other fees, onboard purchases of food and drink and even day passes to various airport lounges. other benefits include award points and a $100 reimbursement for the membership fee in global entry, the federal quick-entry program for returning international travelers.but at least in my calculations, that still doesn't add up to, even though the card still does provide access to delta lounges. but, ms. backs argues, consider the new centurion luxury lounges that american express is rushing to open in airports, with free admission for platinum and centurion cardholders. last march, i wrote about the first one, a swanky centurion lounge at the las vegas airport that impressed me as being as good as luxury lounges that airlines reserve for first-class and business-class passengers at many international airports. american express has since opened a similar fancy centurion lounge at the dallas-fort worth airport and has signed leases for others at san francisco and la guardia airports, ms. backs saidamerican express, which plans similar lounges in other, unspecified major united states airports, also operates clubs at airports in mexico city ; buenos aires ; new delhi; and são paulo, brazil.""in developing these luxury clubs, i think american express is in a sense saying to its competitors, o.k., we'll see you and raise you in terms of the lounge experience. and what they're saying to their members is, don't worry, american express is not going to let you down,"" mr. harteveldt said.opening a viable network of those lounges will take a while, though. in the meantime, is that card worth?i'm not sure. maybe next year.",sports,0.99596536,0.0037351015,0.0002994935,0.99596536
866,business,"tsuru, japan — as the world's fastest train raced through central japan, former gov . george e. pataki of new york hoisted his 6- foot-5 frame into the aisle and marveled at the smoothness of the ride.""in the subway i'd need a strap, at least,"" mr. pataki said as the speedometer hit 315 miles an hour . he hunched over to catch a fleeting glimpse of mount fuji through the portholelike windows. ""this is amazing. the future.""the future for japan, perhaps. for the united states, the future is less clear. mr. pataki and other former american politicians were in japan saturday for a special test ride of the train, which uses a technology called magnetic levitation, or maglev. they are trying to bring a maglev train to the crowded northeast corridor that will cruise between new york and washington at more than twice the 150-mile-an-hour top speed of amtrak's acela, the fastest train in the united states .maglev trains could make the journey in an hour, compared with just under three hours, on a good day, for acela. that would be considerably faster than flying, especially when getting to and from the airport is factored in. yet this is only the latest in a series of high-speed train proposals for the northeast corridor, none of which has been undertaken since acela, which began service in.to interest lawmakers and investors in the united states in the japanese technology, japan has offered to cover several billion dollars in costs . the commitment of japanese taxpayer money is a sign of prime minister shinzo abe's determination to do whatever it takes to prime the japanese economy and to restore japan's fading reputation for technological prowess.japan's maglev could easily become mr. abe's boondoggle unless japan can export it. even in japan, the maglev faces considerable skepticism. one reason is the cost, which is as breathtaking as the speed: the estimated budget for the tokyo -osaka line has risen to nearly $100 billion.so mr. abe is looking for a prominent overseas showcase. that is why the former politicians were here.mr. pataki, along with the other dignitaries on the train, including tom daschle, the former senate majority leader ; former gov . edward g. rendell of pennsylvania ; and former transportation secretary mary peters, are helping him make the sale. along with former gov . christine todd whitman of new jersey, who could not make the trip, they are on the advisory board of the northeast maglev, a company in washington that wants to build the washington -new york line. japan has long been a pioneer in high-speed rail . it introduced bullet trains, or shinkansen, to the world in, on the eve of the tokyo olympics . but other countries have caught up. france and germany developed high-speed trains that matched the japanese speeds. china has built a high-speed network that surpasses japan's in its reach if not quite its speed.to stake its claim to leadership in a new generation of faster technology, japan plans to begin construction of its first intercity maglev line next year, linking tokyo with nagoya and, eventually, osaka. in tests, the japanese maglev has reached speeds up to 580 kilometers an hour, or 360 m.p.h., the world record for a train.""it is truly a dream technology,"" mr. abe said in a speech at the new york stock exchange in september.when it comes to maglev, though, there is still a question of credibility. ""americans think levitation only occurs in horror movies,"" mr. rendell said.with the japanese maglev, levitation occurs at about 90 m.p.h. that is when the wheels, shod with rubber tires, lift off the concrete guideway. then the maglev train floats four inches above the u-shaped guideway, held aloft and propelled forward by superconducting magnets.to get the american line off the ground, japan has come up with a method of financing that is similarly novel. in a meeting with president obama last winter, mr. abe offered to provide the maglev guideway and propulsion system free for the first portion of the line, linking washington and baltimore via baltimore - washington international airport, a distance of about 40 miles.analysts say japan has had trouble exporting the technology. it figures if the united states takes it, others will follow.the northeast maglev, the company behind the effort, wants to raise the rest of the money from private investors and public sources. the company was founded in 2010 but only recently began ramping up its lobbying in washington, with mr. daschle, now a policy adviser to the law firm dla piper, serving as a central figure in those efforts.the northeast maglev's chief executive is wayne l. rogers, an investor in renewable energy and other projects. japanese financing would be provided by the japan bank for international cooperation, which arranges support for japanese exports .it's not just the cost that makes japanese skeptical of the maglev plans. the maglev line, to be built by the central japan railway company, would pass straight through some of the most mountainous terrain in the country, including the japanese alps. about 86 percent of the route is to run through tunnels, creating monumental engineering challenges and raising concerns about the effects of earthquakes.the tokyo -nagoya portion is not expected to be completed until, with the nagoya-osaka stretch to follow only in. the national institute of population and social security research expects that by that time, the population of japan will have declined to about 105 million from the current 127 million, raising questions of whether there will be enough people to ride a speedy new train.""if you seriously take a look at its high cost and low demand, you'll find it makes no business sense,"" said reijiro hashiyama, a visiting professor at chiba university of commerce who has argued against the project for years.central japan railway insists that the new line will stoke demand — taking away business from airlines — by decreasing journey times and serving new destinations. the company, which was set up when japan privatized its national rail system in, says it will finance construction through operating cash flow, including the profit generated by its shinkansen line.""in the past, the united states led the way in transport technology,"" said yoshiyuki kasai, the company's chairman, at the control center of the maglev test track here. ""now the u.s. transportation infrastructure is in bad shape . this time, why don't the u.s.a. and japan lead the world together?""",politics,0.906222,0.049359396,0.906222,0.044418644
7878,sports,"i am often starkly aware that i'm participating in something truly amazing, yet at times incredibly challenging and humbling. after all, the participants in this fairy tale are still human.we cry i have lost count of how many times this environment has seemingly broken me. there have been days when the stress and repetitive failure has overpowered my ability to enjoy playing and stripped my motivation. but in those times i am surrounded by some of my best friends and people who find ways to support me and hoist me back up when i can't do it myself. if only i had a dollar for every time whitney engen has seen me break down and has provided a voice of reason. or there's heather o'reilly, who has encouraged me and made me feel valuable even when i couldn't see my own value. a kind word or supportive comment at training from carli lloyd reminded me that i'm not crazy when i think that i can achieve what i'm after, but it feels like i'm fighting an uphill battle . there is no level of success that eradicates moments of doubt, disappointment and despair. but there are no people i'd rather be around in those moments than these.we laugh in the soccer world, there is no moment too serious not to find some humor. whether it's a vine video that sydney leroux shows at dinner, lauren holiday (nee cheney) making fun of her defensive abilities in a video session, or someone goofing around with stephanie cox's baby daughter, the sound of laughter prevails in training camp . although we often roll our eyes at his sense of humor, coach tom sermanni likes to make light of things and even jokes with us about mistakes in training or games (which sometimes makes us cringe before we realize we are allowed to take a breath and relax. laughter is about survival. it brings joy to an otherwise tense and stressful environment. there is nothing funny about this group's goals and ambition, but we certainly don't take ourselves too seriously.we love when you care so deeply about what you do, and fully invest in it, you leave yourself exposed. for this reason, many of us have formed extremely tight bonds with one another. we have seen each other play and develop over the years. we have witnessed one another's ups and downs, seen each other get engaged, married and have children. we live together for weeks of intense training and talk about our hopes, fears, dreams and spiritual beliefs. for these reasons, we share a love that is like no other bond we will share in our lives. my teammates have seen me naked — in the figurative sense, not just in the shower — and accept me for who i am. and i love and respect them for that.we compete competitive by nature is an understatement. this is the kind of environment where a player's day is made or broken by a small-sided game in training; people slide during technical drills to try to make it work properly or save a stray pass; and card games in our spare time turn into fierce battles and weeklong arguments. everyone here wants to be the best, and everyone is really good at what they do. what i've realized is the best way to compete in this environment is with myself. this is the hardest working, most talented group of women i think i will ever encounter. we each bring a set of qualities to the table that is unique, and we must mold it to fit within the framework of the team. my job, and all i can control, is to make my skill set as potent and effective as i possibly can. so while we scrap and fight to win in anything and everything possible, my real competition exists internally.those of us fortunate to don the u.s. crest are privy to an environment like no other. this group fosters greatness, but simultaneously maintains a tough and grueling blue-collar mentality. the success is composed of individual efforts, yet the feeling of cooperative momentum is overwhelming. competing within the team is fierce, but fosters some of the closest bonds that life can offer. these paradoxes drive a level of success that is unparalleled in almost any field. at the end of the day, we play for our country, but we cry, laugh, love and compete for one another.yael averbuch, a native of montclair, n.j., has played professionally most recently in sweden.",business,0.7916693,0.7916693,0.013944447,0.1943862
