row_id,label,split
8706,sports,train
946,sports,train
10690,sports,train
4658,politics,train
10542,sports,train
7687,sports,train
548,sports,train
2168,sports,train
547,sports,train
9060,politics,train
9108,sports,train
3872,sports,train
6268,sports,train
4257,sports,train
7242,sports,train
6122,politics,train
6633,sports,train
8213,sports,train
804,sports,train
5164,business,train
530,business,train
5867,politics,train
8089,politics,train
11480,sports,train
2744,sports,train
372,sports,train
1472,business,train
6012,politics,train
816,sports,train
8228,sports,train
1909,sports,train
7896,sports,train
7434,business,train
10457,business,train
5401,sports,train
6614,sports,train
5132,politics,train
10013,sports,train
7343,sports,train
4086,sports,train
5022,sports,train
8262,sports,train
7770,sports,train
5693,sports,train
1328,sports,train
3705,sports,train
8317,sports,train
7151,business,train
3727,business,train
3940,business,train
6836,sports,train
2936,sports,train
1370,business,train
8485,sports,train
796,sports,train
5963,sports,train
1940,sports,train
2321,sports,train
8569,politics,train
11248,sports,train
4731,sports,train
1905,sports,train
1326,sports,train
11436,sports,train
1787,sports,train
8473,sports,train
1012,sports,train
5730,sports,train
2813,sports,train
7714,sports,train
9169,sports,train
2279,sports,train
3403,sports,train
4977,sports,train
1596,business,train
4730,sports,train
10368,sports,train
10522,sports,train
536,sports,train
10704,sports,train
5207,sports,train
3986,sports,train
5350,business,train
7179,sports,train
3006,sports,train
5307,sports,train
9066,sports,train
3282,politics,train
3654,sports,train
10565,politics,train
11237,sports,train
10891,sports,train
8372,sports,train
3255,sports,train
9163,sports,train
10873,sports,train
7259,sports,train
9549,sports,train
5987,sports,train
5186,sports,train
401,sports,train
8568,politics,train
5771,sports,train
10615,sports,train
735,sports,train
632,sports,train
4485,politics,train
2758,sports,train
11171,sports,train
374,business,train
8178,sports,train
5988,politics,train
8211,sports,train
2036,sports,train
2187,business,train
10226,sports,train
2529,business,train
4348,business,train
359,sports,train
10309,sports,train
2241,sports,train
645,sports,train
9824,sports,train
2271,sports,train
10043,sports,train
2000,sports,train
1945,politics,train
768,sports,train
1641,sports,train
5569,sports,train
6216,sports,train
1972,sports,train
2617,sports,train
4429,politics,train
2046,sports,train
4373,politics,train
4355,sports,train
2108,business,train
5880,politics,train
3890,sports,train
3711,sports,train
7630,politics,train
7157,sports,train
3053,politics,train
4083,sports,train
5285,sports,train
2817,business,train
2092,sports,train
5674,sports,train
5881,sports,train
3813,sports,train
3165,sports,train
3270,politics,train
845,sports,train
742,sports,train
2765,sports,train
6747,sports,train
10112,sports,train
5135,sports,train
10222,sports,train
10569,sports,train
10726,business,train
10299,sports,train
10636,sports,train
3355,business,train
3386,sports,train
6770,sports,train
8300,sports,train
3849,politics,train
10138,sports,train
6149,business,train
2631,sports,train
7007,sports,train
953,sports,train
10197,business,train
6692,sports,train
2154,sports,train
395,sports,train
5032,sports,train
2741,sports,train
11222,sports,train
1680,sports,train
9408,sports,train
1735,sports,train
296,business,train
11144,sports,train
9224,business,train
5029,sports,train
5623,sports,train
3852,sports,train
6635,sports,train
1433,sports,train
895,sports,train
10323,sports,train
7011,sports,train
4910,sports,train
9262,sports,train
9778,sports,train
6736,politics,train
2194,sports,train
11186,sports,train
604,sports,train
4078,sports,train
8479,sports,train
2517,sports,train
3465,sports,train
7581,business,train
3753,business,train
1292,sports,train
3995,sports,train
7656,sports,train
4098,sports,train
2931,business,train
6300,sports,train
5549,sports,train
1411,sports,train
2376,sports,train
5436,politics,train
6119,sports,train
1904,sports,train
6031,politics,train
1261,business,train
8301,sports,train
2412,sports,train
660,sports,train
10530,sports,train
7957,sports,train
1216,sports,train
10807,politics,train
11367,sports,train
4578,sports,train
7335,sports,train
5733,sports,train
7719,business,train
7893,politics,train
1106,sports,train
5724,sports,train
7678,sports,train
9620,sports,train
264,sports,train
1756,sports,train
8495,sports,train
183,sports,train
2661,sports,train
8018,politics,train
5161,sports,train
8739,politics,train
2390,sports,train
4557,sports,train
4533,sports,train
8552,sports,train
10810,business,train
8540,politics,train
6361,sports,train
2899,politics,train
9618,sports,train
4596,politics,train
3335,sports,train
11175,business,train
9928,sports,train
3621,sports,train
4714,politics,train
601,sports,train
8127,sports,train
4558,sports,train
9006,sports,train
2947,sports,train
9542,sports,train
3596,sports,train
10288,sports,train
3929,sports,train
9670,sports,train
2508,sports,train
973,sports,train
7814,politics,train
2882,politics,train
8693,politics,train
564,sports,train
8093,sports,train
321,sports,train
8850,sports,train
8400,sports,train
11093,business,train
4516,sports,train
3201,business,train
8591,politics,train
1831,sports,train
7566,sports,train
8897,sports,train
2588,business,train
6034,sports,train
883,sports,train
9144,sports,train
638,sports,train
11207,sports,train
1939,sports,train
4066,politics,train
9998,politics,train
9027,sports,train
7218,sports,train
3467,sports,train
5650,sports,train
10045,sports,train
4805,sports,train
4522,sports,train
10555,sports,train
2866,sports,train
11459,sports,train
11379,sports,train
6397,sports,train
8896,politics,train
9005,sports,train
8742,sports,train
2183,sports,train
5517,sports,train
425,business,train
11179,sports,train
1165,sports,train
3032,sports,train
5561,politics,train
8205,politics,train
8801,business,train
406,sports,train
1817,business,train
9513,sports,train
2664,sports,train
7078,sports,train
2484,sports,train
5268,sports,train
7045,sports,train
5316,sports,train
10337,sports,train
1779,sports,train
9069,sports,train
8040,sports,train
2567,business,train
7876,sports,train
1750,sports,train
2469,sports,train
1048,sports,train
9929,sports,train
10102,sports,train
277,sports,train
4351,politics,train
893,sports,train
7535,politics,train
7204,sports,train
6030,sports,train
5532,business,train
1089,sports,train
11143,business,train
11110,business,train
5037,sports,train
2402,sports,train
3613,politics,train
8302,sports,train
6811,business,train
5636,sports,train
5453,sports,train
587,sports,train
7514,sports,train
7868,sports,train
7004,sports,train
9678,sports,train
470,business,train
686,business,train
4633,politics,train
7822,sports,train
10360,politics,train
190,sports,train
3938,sports,train
3833,sports,train
11120,business,train
1499,sports,train
2247,sports,train
3616,sports,train
5382,sports,train
3448,sports,train
535,sports,train
3956,politics,train
11261,sports,train
4028,politics,train
7307,politics,train
668,sports,train
6562,sports,train
10195,sports,train
1340,sports,train
11392,sports,train
1334,sports,train
6097,sports,train
11305,sports,train
6823,sports,train
3991,sports,train
8926,politics,train
11332,sports,train
3134,business,train
8310,sports,train
11511,sports,train
10728,sports,train
1522,sports,train
3241,sports,train
8442,sports,train
7773,sports,train
3879,sports,train
3475,business,train
4505,sports,train
8330,business,train
1193,sports,train
3985,sports,train
11009,business,train
4573,sports,train
10410,politics,train
5937,sports,train
5473,sports,train
8312,politics,train
7863,sports,train
2591,sports,train
10246,sports,train
10757,sports,train
5305,business,train
6496,business,train
6342,sports,train
8475,politics,train
9088,sports,train
3673,sports,train
8352,sports,train
7377,business,train
4132,sports,train
7886,sports,train
6005,politics,train
3903,sports,train
1849,sports,train
11003,politics,train
4765,sports,train
2418,sports,train
6622,politics,train
1708,sports,train
10878,sports,train
10106,sports,train
4057,sports,train
3253,politics,train
1031,sports,train
2657,politics,train
6009,sports,train
5948,sports,train
4775,sports,train
703,sports,train
8728,sports,train
8013,sports,train
2290,sports,train
7221,sports,train
3214,business,train
2098,sports,train
1694,sports,train
9164,sports,train
5744,sports,train
5958,sports,train
2793,politics,train
8320,sports,train
2635,sports,train
1960,sports,train
9245,sports,train
5015,business,train
10422,sports,train
2431,sports,train
8912,sports,train
3902,business,train
928,business,train
10926,sports,train
7655,sports,train
675,politics,train
7860,sports,train
11052,business,train
5335,sports,train
8755,politics,train
7657,business,train
10257,sports,train
6336,politics,train
4967,politics,train
10640,sports,train
2986,business,train
5296,sports,train
773,sports,train
7353,sports,train
5886,sports,train
10960,sports,train
687,business,train
7400,sports,train
10490,sports,train
8730,sports,train
4230,sports,train
7911,politics,train
7238,sports,train
9492,sports,train
4696,business,train
6970,sports,train
11321,sports,train
10298,sports,train
1180,sports,train
1325,sports,train
3964,sports,train
4216,politics,train
5371,sports,train
2044,sports,train
4188,sports,train
4290,sports,train
1102,sports,train
6346,sports,train
1671,sports,train
8737,sports,train
2129,sports,train
8928,sports,train
2682,sports,train
10114,politics,train
10296,sports,train
8905,politics,train
10487,sports,train
4742,sports,train
6439,sports,train
3504,sports,train
5581,sports,train
109,sports,train
10538,sports,train
3827,politics,train
939,sports,train
6960,sports,train
7357,politics,train
1405,sports,train
10550,sports,train
6579,sports,train
3196,sports,train
2230,sports,train
294,sports,train
1489,sports,train
2328,sports,train
4136,sports,train
7939,sports,train
589,sports,train
4011,politics,train
6995,business,train
1421,sports,train
7749,sports,train
7963,sports,train
10637,sports,train
8356,politics,train
3316,sports,train
8636,business,train
11066,business,train
234,sports,train
6983,business,train
346,business,train
1345,sports,train
2117,sports,train
2047,sports,train
8016,politics,train
9991,politics,train
7443,politics,train
1745,sports,train
5083,sports,train
4260,sports,train
5882,sports,train
6305,sports,train
1659,sports,train
3469,sports,train
80,sports,train
8559,sports,train
1780,sports,train
4135,sports,train
976,business,train
6603,business,train
8572,sports,train
5787,sports,train
537,sports,train
1323,sports,train
6703,politics,train
5500,sports,train
5978,sports,train
9738,politics,train
2277,sports,train
4875,business,train
4382,sports,train
6667,sports,train
7562,sports,train
7821,sports,train
10722,sports,train
9095,sports,train
7356,sports,train
9617,sports,train
253,sports,train
7813,politics,train
2832,sports,train
9436,sports,train
4723,sports,train
4763,sports,train
4862,politics,train
1916,sports,train
8772,sports,train
1154,sports,train
6985,sports,train
7943,politics,train
6449,sports,train
9101,sports,train
8365,sports,train
9372,politics,train
2684,business,train
6781,sports,train
3035,sports,train
3254,politics,train
9043,sports,train
8550,sports,train
7148,sports,train
8087,politics,train
5189,business,train
3591,sports,train
228,sports,train
9213,sports,train
11276,business,train
11090,sports,train
8929,sports,train
878,sports,train
8476,sports,train
10754,sports,train
1112,sports,train
5602,sports,train
2636,sports,train
7395,sports,train
3792,business,train
7015,sports,train
9942,sports,train
4618,sports,train
820,sports,train
4162,politics,train
467,sports,train
3788,politics,train
2871,sports,train
11112,business,train
907,sports,train
3814,politics,train
824,sports,train
8284,sports,train
2596,business,train
2115,sports,train
6881,business,train
6924,sports,train
4918,sports,train
9938,politics,train
2338,business,train
6719,sports,train
5653,sports,train
6236,sports,train
4034,business,train
11116,sports,train
11400,sports,train
7175,politics,train
7199,sports,train
65,sports,train
2714,sports,train
4603,sports,train
1238,sports,train
3423,sports,train
5176,business,train
7835,sports,train
8225,business,train
654,business,train
1878,business,train
11,business,train
2074,politics,train
2710,sports,train
9848,business,train
5090,sports,train
4368,sports,train
1978,business,train
62,business,train
6357,sports,train
9173,politics,train
7451,politics,train
8397,sports,train
11472,sports,train
11251,sports,train
6761,sports,train
4307,sports,train
2499,business,train
8654,politics,train
7001,politics,train
9758,sports,train
4412,sports,train
4845,sports,train
1790,sports,train
7588,sports,train
4435,sports,train
737,sports,train
10811,sports,train
9772,politics,train
8716,sports,train
7947,sports,train
3345,sports,train
2281,business,train
9388,sports,train
2123,politics,train
11501,sports,train
11043,sports,train
345,sports,train
8245,sports,train
625,sports,train
8304,sports,train
10238,sports,train
591,business,train
7609,sports,train
10934,sports,train
10068,sports,train
5202,sports,train
8571,sports,train
3026,sports,train
2374,sports,train
6083,politics,train
1512,sports,train
2843,sports,train
5454,sports,train
400,sports,train
9269,sports,train
2603,sports,train
220,sports,train
4375,sports,train
7747,sports,train
5061,sports,train
4331,sports,train
2809,sports,train
5599,politics,train
8924,sports,train
7169,politics,train
4656,sports,train
969,sports,train
2524,sports,train
9996,sports,train
937,sports,train
6297,sports,train
9172,sports,train
11127,sports,train
6008,business,train
391,sports,train
1256,sports,train
6078,sports,train
10003,sports,train
5297,business,train
1386,sports,train
8726,sports,train
2692,sports,train
218,sports,train
6027,sports,train
8822,business,train
2821,sports,train
5754,sports,train
2720,sports,train
11252,sports,train
1030,sports,train
6525,sports,train
1661,sports,train
6565,sports,train
4591,politics,train
4540,sports,train
3671,sports,train
4040,sports,train
8404,sports,train
9762,politics,train
158,sports,train
9296,business,train
6495,sports,train
1361,sports,train
8378,sports,train
6187,politics,train
6686,politics,train
8971,sports,train
3866,sports,train
362,business,train
4354,sports,train
4585,sports,train
6175,politics,train
9407,sports,train
7162,sports,train
8000,sports,train
10853,business,train
2932,politics,train
3955,sports,train
10131,business,train
1311,sports,train
1135,sports,train
1207,sports,train
10827,sports,train
10478,sports,train
10180,sports,train
4857,sports,train
9661,sports,train
8407,politics,train
3819,sports,train
7198,sports,train
5510,sports,train
7680,politics,train
10333,sports,train
5810,sports,train
3771,politics,train
4937,sports,train
8736,sports,train
3502,sports,train
10695,sports,train
90,sports,train
6247,politics,train
4945,sports,train
10224,sports,train
869,sports,train
5849,sports,train
4419,sports,train
6555,sports,train
3474,sports,train
6399,sports,train
8072,sports,train
197,sports,train
5736,sports,train
8740,sports,train
2430,sports,train
8042,sports,train
4601,sports,train
8895,business,train
5895,sports,train
8115,sports,train
6793,politics,train
7936,sports,train
5491,sports,train
439,sports,train
9170,sports,train
392,business,train
6918,sports,train
8892,sports,train
3966,sports,train
10894,politics,train
6800,politics,train
1331,sports,train
5196,sports,train
6842,sports,train
5685,business,train
8750,sports,train
4071,sports,train
11134,sports,train
6159,sports,train
10127,sports,train
9195,sports,train
198,sports,train
5435,sports,train
375,sports,train
193,sports,train
4892,sports,train
8854,sports,train
1406,sports,train
730,sports,train
1079,business,train
3945,sports,train
3608,sports,train
5540,sports,train
5869,politics,train
983,sports,train
2289,sports,train
10812,politics,train
6032,sports,train
8682,sports,train
5490,sports,train
9459,sports,train
10904,politics,train
5784,sports,train
8369,sports,train
9567,sports,train
2313,sports,train
153,sports,train
4818,business,train
972,sports,train
129,sports,train
9904,sports,train
2532,business,train
6486,sports,train
6387,politics,train
7711,sports,train
70,sports,train
9840,sports,train
3429,sports,train
2149,sports,train
6191,sports,train
6396,sports,train
9990,sports,train
11215,sports,train
2903,business,train
2542,business,train
9708,sports,train
5611,sports,train
6956,business,train
10041,sports,train
1339,sports,train
8396,sports,train
8985,sports,train
1524,business,train
8831,sports,train
7300,sports,train
8483,politics,train
5855,sports,train
4160,sports,train
6014,sports,train
6694,sports,train
4676,sports,train
6858,sports,train
4091,sports,train
5864,sports,train
10109,sports,train
7962,sports,train
9629,politics,train
3522,sports,train
3220,sports,train
11503,sports,train
7480,sports,train
2368,sports,train
6480,sports,train
4327,sports,train
9111,business,train
2861,sports,train
10943,sports,train
2706,sports,train
6073,politics,train
5082,sports,train
8722,sports,train
3374,sports,train
1425,sports,train
4748,sports,train
8112,sports,train
1413,sports,train
1270,sports,train
11130,sports,train
7107,sports,train
10342,sports,train
5218,sports,train
5708,sports,train
11141,sports,train
10223,politics,train
4652,business,train
3003,sports,train
9403,sports,train
11493,sports,train
8011,sports,train
6466,politics,train
8558,sports,train
4721,sports,train
2886,sports,train
1300,sports,train
2049,sports,train
9023,sports,train
2029,sports,train
2314,sports,train
3724,sports,train
6017,sports,train
11157,sports,train
7427,sports,train
8886,sports,train
9438,sports,train
2373,sports,train
6937,business,train
5315,sports,train
2790,sports,train
914,sports,train
4804,sports,train
2270,sports,train
9086,politics,train
9831,sports,train
6058,sports,train
11227,sports,train
1293,sports,train
282,business,train
6632,sports,train
6487,sports,train
6475,politics,train
9428,politics,train
4206,sports,train
10349,sports,train
1239,sports,train
1907,business,train
9258,sports,train
10295,sports,train
5616,sports,train
7621,sports,train
8260,sports,train
7808,sports,train
8144,sports,train
11489,business,train
3715,politics,train
8064,sports,train
4241,sports,train
5499,business,train
7817,business,train
11343,sports,train
970,sports,train
1874,sports,train
4586,politics,train
5641,sports,train
5622,politics,train
4213,sports,train
5655,sports,train
1309,sports,train
11448,business,train
6961,sports,train
8953,sports,train
5419,sports,train
9640,sports,train
2949,sports,train
9877,sports,train
5941,politics,train
7554,politics,train
10666,sports,train
2283,sports,train
217,business,train
9348,politics,train
4706,sports,train
11262,sports,train
4167,sports,train
2895,business,train
5220,business,train
1515,business,train
5120,sports,train
7589,sports,train
1898,sports,train
1332,sports,train
3774,sports,train
10432,sports,train
5367,politics,train
681,sports,train
5834,sports,train
2040,sports,train
4275,sports,train
960,sports,train
2043,sports,train
8721,sports,train
7123,politics,train
584,business,train
3280,sports,train
9505,sports,train
2176,sports,train
5363,business,train
2609,sports,train
9094,sports,train
8513,sports,train
3723,sports,train
2738,sports,train
11273,sports,train
6128,sports,train
2589,sports,train
2848,sports,train
2214,business,train
4075,sports,train
612,sports,train
777,sports,train
7105,sports,train
9067,sports,train
8741,sports,train
7409,politics,train
6943,sports,train
7081,sports,train
11351,sports,train
3856,sports,train
7063,sports,train
8309,sports,train
566,sports,train
2796,sports,train
4685,politics,train
10561,sports,train
7038,sports,train
3628,sports,train
421,business,train
1392,sports,train
11497,sports,train
4074,sports,train
11270,sports,train
8587,sports,train
301,politics,train
6714,sports,train
5761,sports,train
9943,sports,train
2652,sports,train
9212,business,train
1249,sports,train
6123,sports,train
5853,politics,train
1269,sports,train
8323,sports,train
11278,sports,train
9885,sports,train
447,sports,train
136,business,train
933,sports,train
3783,business,train
2425,sports,train
805,sports,train
8506,sports,train
3795,politics,train
10972,sports,train
9380,sports,train
3063,sports,train
8966,sports,train
1006,sports,train
5044,politics,train
8995,sports,train
100,sports,train
8925,sports,train
2067,sports,train
861,sports,train
1279,sports,train
138,sports,train
10247,sports,train
11364,sports,train
3323,sports,train
9345,sports,train
1655,sports,train
10643,sports,train
6806,sports,train
9160,sports,train
8457,sports,train
3980,sports,train
600,sports,train
4126,sports,train
3870,sports,train
4316,sports,train
3058,sports,train
2638,sports,train
6834,sports,train
9093,sports,train
6398,sports,train
3317,politics,train
5629,politics,train
11040,business,train
5695,sports,train
10113,business,train
5743,sports,train
8640,business,train
8035,politics,train
932,sports,train
4625,sports,train
4152,sports,train
7464,sports,train
3106,sports,train
549,sports,train
5042,sports,train
7847,sports,train
10552,sports,train
8060,sports,train
2343,sports,train
6671,sports,train
9116,sports,train
3550,sports,train
10086,business,train
6903,politics,train
5970,sports,train
1313,sports,train
3108,business,train
9647,sports,train
11271,sports,train
10399,sports,train
9696,business,train
10868,business,train
2685,sports,train
1430,sports,train
11398,sports,train
8941,sports,train
2858,politics,train
4476,sports,train
8904,sports,train
7595,business,train
944,sports,train
8001,sports,train
4754,politics,train
11249,sports,train
11165,sports,train
8661,sports,train
4107,sports,train
5704,sports,train
7482,politics,train
3592,sports,train
2555,sports,train
3951,sports,train
3548,sports,train
10551,sports,train
9002,sports,train
5214,business,train
3075,sports,train
776,sports,train
5691,sports,train
3844,politics,train
6351,business,train
7606,sports,train
10820,sports,train
9354,sports,train
10251,business,train
9275,business,train
3882,sports,train
5595,sports,train
3708,sports,train
5265,sports,train
8381,politics,train
3336,sports,train
11002,sports,train
677,sports,train
8677,sports,train
5175,sports,train
9143,business,train
10211,business,train
6211,politics,train
7672,sports,train
6174,sports,train
3874,sports,train
1060,sports,train
11204,sports,train
7133,sports,train
4568,sports,train
1019,sports,train
6069,sports,train
5825,sports,train
10402,sports,train
2872,sports,train
7689,sports,train
5575,politics,train
10325,sports,train
8975,business,train
10219,sports,train
3768,business,train
300,sports,train
1236,sports,train
8933,politics,train
5249,politics,train
1996,sports,train
331,sports,train
3848,business,train
9367,politics,train
5280,sports,train
6164,sports,train
11199,sports,train
8448,sports,train
8047,sports,train
10256,sports,train
9601,sports,train
9020,politics,train
2549,sports,train
147,sports,train
6668,sports,train
3485,sports,train
10594,business,train
3818,sports,train
2444,sports,train
5486,sports,train
5100,sports,train
2557,business,train
7767,sports,train
6483,politics,train
2066,sports,train
9869,politics,train
7895,sports,train
5528,sports,train
1816,sports,train
8062,business,train
8265,politics,train
9179,sports,train
6932,sports,train
6088,sports,train
10979,politics,train
1927,sports,train
4395,sports,train
10240,sports,train
9734,sports,train
3745,sports,train
2548,sports,train
2563,business,train
7229,sports,train
3863,sports,train
5338,sports,train
1830,sports,train
958,sports,train
4670,sports,train
1623,sports,train
10080,sports,train
6299,sports,train
7275,sports,train
1090,sports,train
2052,sports,train
1571,sports,train
1869,business,train
2512,sports,train
8083,business,train
6753,sports,train
4961,sports,train
2111,sports,train
6246,sports,train
10255,sports,train
9790,business,train
8160,sports,train
8350,sports,train
2922,sports,train
5143,sports,train
2079,sports,train
6661,sports,train
10275,sports,train
1166,business,train
1197,business,train
9090,sports,train
4026,sports,train
2521,sports,train
4705,sports,train
874,sports,train
2071,business,train
6425,sports,train
10351,sports,train
7849,sports,train
1646,sports,train
1607,sports,train
1223,sports,train
4444,sports,train
3574,sports,train
10523,sports,train
2703,sports,train
5197,sports,train
4579,sports,train
2285,sports,train
7485,sports,train
7758,sports,train
832,sports,train
2400,sports,train
10521,sports,train
53,sports,train
6104,politics,train
1375,sports,train
5903,sports,train
2632,sports,train
5634,sports,train
5651,sports,train
6415,politics,train
659,sports,train
5020,sports,train
4671,politics,train
10467,sports,train
3044,sports,train
11240,sports,train
10277,sports,train
239,sports,train
2691,sports,train
9412,politics,train
8530,sports,train
373,sports,train
7660,sports,train
1491,sports,train
7720,sports,train
4336,sports,train
2699,sports,train
9715,sports,train
6327,sports,train
4562,sports,train
5084,politics,train
7559,politics,train
9453,sports,train
11328,sports,train
3470,sports,train
1728,sports,train
10778,business,train
3486,sports,train
11053,business,train
8425,sports,train
10768,sports,train
5256,business,train
4855,sports,train
4157,sports,train
1052,business,train
6590,politics,train
8902,business,train
6594,sports,train
7874,sports,train
3842,sports,train
9632,sports,train
8491,business,train
10922,sports,train
9622,sports,train
8805,politics,train
3801,business,train
9319,sports,train
2975,sports,train
3515,politics,train
10236,sports,train
7752,business,train
4097,sports,train
731,sports,train
5412,sports,train
10684,sports,train
2361,business,train
3271,sports,train
6257,sports,train
2193,sports,train
8406,politics,train
1001,sports,train
720,sports,train
6895,sports,train
8935,politics,train
8029,business,train
4020,business,train
8999,sports,train
5290,sports,train
5291,politics,train
4212,sports,train
1541,sports,train
8758,sports,train
6265,business,train
1160,sports,train
1639,sports,train
3927,business,train
9493,sports,train
6845,sports,train
11233,sports,train
4110,politics,train
4092,sports,train
6273,sports,train
10242,sports,train
5546,sports,train
9064,sports,train
11429,sports,train
6504,sports,train
4480,sports,train
11467,sports,train
3222,politics,train
3434,sports,train
8241,sports,train
9351,politics,train
7540,sports,train
1024,business,train
2727,sports,train
6698,sports,train
1242,sports,train
7101,sports,train
7854,sports,train
1992,sports,train
10966,politics,train
3648,politics,train
10290,sports,train
8116,sports,train
3534,sports,train
8277,sports,train
793,sports,train
5269,sports,train
1740,sports,train
729,sports,train
10384,sports,train
4615,sports,train
9349,sports,train
9373,sports,train
2745,sports,train
9298,sports,train
8009,sports,train
8231,sports,train
4244,sports,train
2342,sports,train
4021,sports,train
10183,sports,train
166,sports,train
7685,business,train
9693,sports,train
1351,sports,train
3590,sports,train
5235,sports,train
5119,sports,train
474,business,train
8523,sports,train
1550,sports,train
443,sports,train
998,sports,train
11329,sports,train
4049,sports,train
8207,sports,train
6036,sports,train
10707,sports,train
2173,sports,train
8403,politics,train
3875,business,train
11301,sports,train
5507,sports,train
6652,business,train
3513,business,train
9328,sports,train
229,sports,train
4190,politics,train
6209,sports,train
3518,sports,train
7305,sports,train
1984,sports,train
3737,sports,train
8032,sports,train
10724,sports,train
7461,sports,train
126,sports,train
10669,sports,train
4443,sports,train
1133,sports,train
5531,business,train
6868,sports,train
4593,sports,train
189,sports,train
1994,business,train
1890,politics,train
9913,politics,train
8851,politics,train
2280,sports,train
7267,sports,train
5749,sports,train
9278,politics,train
2454,sports,train
5105,business,train
7899,sports,train
3088,sports,train
10,sports,train
7754,sports,train
4398,sports,train
3529,sports,train
8449,politics,train
10587,sports,train
5050,politics,train
4614,sports,train
1477,business,train
1517,business,train
5111,sports,train
87,sports,train
4197,sports,train
3776,sports,train
6274,sports,train
6393,sports,train
7768,sports,train
4104,sports,train
4872,business,train
1473,sports,train
1266,sports,train
10319,politics,train
3031,sports,train
5539,sports,train
9155,sports,train
1514,sports,train
10706,politics,train
4483,sports,train
2856,sports,train
5023,sports,train
4303,sports,train
9500,sports,train
5301,sports,train
3359,sports,train
3573,politics,train
10479,sports,train
4072,sports,train
3286,sports,train
8579,sports,train
9883,sports,train
7422,politics,train
9283,sports,train
8480,sports,train
20,sports,train
7050,sports,train
10229,sports,train
11395,sports,train
9097,sports,train
7066,sports,train
4689,politics,train
8641,sports,train
10144,sports,train
2752,politics,train
5610,sports,train
2984,sports,train
3889,sports,train
11047,business,train
2966,business,train
3503,sports,train
361,sports,train
8166,business,train
6248,politics,train
6726,sports,train
5311,sports,train
10271,politics,train
4255,business,train
9010,sports,train
8478,sports,train
11300,sports,train
5601,sports,train
10604,sports,train
9310,politics,train
10311,sports,train
8085,sports,train
10623,sports,train
6919,business,train
10244,sports,train
8272,sports,train
8416,sports,train
3128,sports,train
4428,sports,train
918,business,train
10527,sports,train
1628,sports,train
1746,sports,train
3688,sports,train
250,sports,train
5975,sports,train
5686,sports,train
1865,sports,train
7154,sports,train
666,sports,train
7024,sports,train
11287,sports,train
6205,business,train
10963,sports,train
2933,business,train
5123,sports,train
7067,sports,train
7223,business,train
4146,sports,train
2612,business,train
3363,sports,train
6576,sports,train
450,sports,train
4895,sports,train
1903,business,train
4173,sports,train
7779,business,train
63,sports,train
5206,sports,train
10258,sports,train
6366,politics,train
10549,sports,train
7118,sports,train
3698,sports,train
5766,sports,train
529,sports,train
6010,sports,train
2113,sports,train
4189,sports,train
8414,sports,train
4838,politics,train
284,business,train
2885,sports,train
4144,sports,train
2394,business,train
10403,sports,train
6893,sports,train
6003,sports,train
11166,sports,train
5331,sports,train
3203,sports,train
8838,politics,train
8877,sports,train
11363,sports,train
6419,sports,train
9429,sports,train
434,business,train
9844,sports,train
3443,business,train
10375,sports,train
6029,sports,train
8499,sports,train
7626,sports,train
487,sports,train
2405,sports,train
4960,sports,train
4866,politics,train
627,sports,train
6229,sports,train
1520,sports,train
6825,sports,train
5053,sports,train
11267,sports,train
1028,business,train
5466,sports,train
11008,business,train
7383,business,train
2251,sports,train
3793,sports,train
3811,sports,train
1286,sports,train
11260,business,train
5381,sports,train
5949,sports,train
3184,sports,train
3914,business,train
6055,sports,train
718,business,train
1833,sports,train
10338,politics,train
9171,business,train
2748,politics,train
11089,business,train
32,business,train
8288,sports,train
7329,sports,train
2002,sports,train
3953,sports,train
4134,sports,train
3105,sports,train
3162,sports,train
1192,sports,train
3533,sports,train
7832,business,train
7568,sports,train
10241,politics,train
9254,sports,train
1307,sports,train
5302,sports,train
2065,sports,train
2320,sports,train
7998,sports,train
11475,business,train
8695,politics,train
8268,sports,train
5930,business,train
7228,sports,train
173,sports,train
3130,sports,train
5080,sports,train
3803,sports,train
423,business,train
9049,politics,train
5116,sports,train
3037,sports,train
9370,sports,train
9249,sports,train
3934,politics,train
1134,business,train
4577,sports,train
852,sports,train
8516,sports,train
974,sports,train
4387,politics,train
674,sports,train
4358,sports,train
8066,sports,train
1755,sports,train
8151,politics,train
1957,politics,train
6940,sports,train
10655,sports,train
2355,sports,train
8443,sports,train
9246,sports,train
9735,sports,train
6545,politics,train
8322,sports,train
4487,sports,train
304,business,train
9984,sports,train
10687,sports,train
9417,business,train
10395,sports,train
9396,sports,train
3435,sports,train
10250,sports,train
10656,politics,train
4420,sports,train
5187,business,train
9695,sports,train
9718,sports,train
2616,business,train
809,sports,train
11000,sports,train
5570,sports,train
2965,sports,train
605,sports,train
4333,sports,train
10033,sports,train
8321,sports,train
4416,sports,train
2847,politics,train
2127,sports,train
7030,sports,train
10489,sports,train
7731,sports,train
8492,sports,train
4407,sports,train
10082,sports,train
3967,sports,train
5483,sports,train
701,sports,train
11509,sports,train
1205,sports,train
7390,sports,train
5360,sports,train
10189,politics,train
2456,sports,train
66,sports,train
11477,sports,train
10352,sports,train
11257,sports,train
7974,sports,train
8749,politics,train
6136,sports,train
5319,sports,train
7748,politics,train
5701,business,train
2443,sports,train
1803,sports,train
5804,sports,train
7163,politics,train
448,sports,train
6508,sports,train
9487,sports,train
1946,sports,train
7659,sports,train
6132,sports,train
6098,sports,train
7569,sports,train
7361,sports,train
10434,sports,train
1545,sports,train
7010,sports,train
8686,sports,train
4392,sports,train
7845,sports,train
6916,sports,train
9538,politics,train
5257,sports,train
5001,politics,train
6740,sports,train
10147,sports,train
10115,business,train
8436,sports,train
3247,sports,train
7190,sports,train
9641,sports,train
5160,sports,train
2766,sports,train
10235,sports,train
10824,sports,train
8252,sports,train
11292,sports,train
11473,sports,train
8297,sports,train
2386,sports,train
2131,business,train
4874,sports,train
10510,sports,train
8976,business,train
3602,sports,train
16,sports,train
10027,sports,train
3798,sports,train
6186,politics,train
3772,sports,train
9236,sports,train
9628,business,train
738,business,train
2037,sports,train
2288,sports,train
8779,sports,train
4604,sports,train
6491,business,train
1368,sports,train
6062,sports,train
5368,politics,train
2860,sports,train
7325,sports,train
833,sports,train
10105,sports,train
1629,sports,train
2988,sports,train
3304,sports,train
10291,business,train
9971,sports,train
639,business,train
9706,sports,train
10511,sports,train
1834,sports,train
2897,sports,train
9451,politics,train
7780,sports,train
11385,sports,train
4289,sports,train
6900,sports,train
9033,sports,train
3332,politics,train
2637,business,train
5489,sports,train
9107,sports,train
134,business,train
1638,business,train
7870,sports,train
6376,sports,train
2700,sports,train
3946,sports,train
10746,sports,train
10634,politics,train
3023,sports,train
1929,politics,train
532,sports,train
3199,sports,train
4581,sports,train
2750,sports,train
11174,business,train
6408,sports,train
11432,business,train
1559,sports,train
1475,business,train
6219,politics,train
3260,sports,train
3823,sports,train
10074,sports,train
1998,business,train
5631,politics,train
7605,sports,train
2136,sports,train
7046,politics,train
10092,sports,train
1426,sports,train
6454,sports,train
4005,politics,train
2105,sports,train
403,sports,train
575,sports,train
2467,sports,train
3258,sports,train
5712,sports,train
7404,sports,train
2203,sports,train
11390,business,train
9766,business,train
6930,sports,train
1167,business,train
5327,sports,train
1672,sports,train
2867,sports,train
2863,sports,train
5125,politics,train
9918,sports,train
5729,politics,train
9746,sports,train
4449,sports,train
1407,sports,train
5236,sports,train
7271,sports,train
10519,politics,train
761,sports,train
1385,sports,train
8158,sports,train
10708,sports,train
10899,politics,train
2091,sports,train
10274,business,train
2991,sports,train
1152,sports,train
2414,sports,train
10476,sports,train
8074,business,train
9165,sports,train
10928,sports,train
9720,sports,train
8847,sports,train
8943,sports,train
2366,sports,train
2171,business,train
6963,sports,train
5129,politics,train
9603,politics,train
1412,sports,train
6118,politics,train
9457,sports,train
10913,sports,train
488,sports,train
1040,sports,train
828,business,train
9727,sports,train
8282,sports,train
7695,sports,train
3658,sports,train
6693,sports,train
541,sports,train
4651,business,train
888,sports,train
4346,sports,train
1505,business,train
9280,sports,train
3992,sports,train
3773,sports,train
1156,sports,train
9411,sports,train
3018,sports,train
9123,sports,train
8867,sports,train
5974,business,train
1042,sports,train
1363,sports,train
2851,politics,train
7326,politics,train
1906,sports,train
5551,sports,train
2198,sports,train
8232,business,train
6606,business,train
4,sports,train
8803,sports,train
5484,politics,train
3761,politics,train
11352,sports,train
6965,business,train
6189,sports,train
4659,sports,train
8376,business,train
7869,sports,train
344,sports,train
4645,sports,train
5063,sports,train
6303,sports,train
5477,sports,train
6252,sports,train
7623,sports,train
2235,sports,train
5994,sports,train
6735,politics,train
2218,sports,train
54,sports,train
9012,sports,train
8959,sports,train
2934,sports,train
2884,business,train
7887,sports,train
3476,sports,train
1485,sports,train
4032,politics,train
4087,sports,train
4017,sports,train
2299,sports,train
7025,sports,train
8196,politics,train
1029,sports,train
9413,sports,train
3262,sports,train
5604,sports,train
7000,politics,train
7906,business,train
569,sports,train
8287,sports,train
10139,sports,train
9776,sports,train
787,sports,train
6639,sports,train
3566,sports,train
6969,sports,train
1999,sports,train
2053,sports,train
10617,politics,train
6560,sports,train
4304,sports,train
2547,business,train
11113,business,train
8209,sports,train
2417,sports,train
3832,politics,train
285,sports,train
5699,sports,train
9915,sports,train
94,sports,train
370,sports,train
3787,politics,train
10473,sports,train
3593,sports,train
10932,sports,train
4445,business,train
4239,sports,train
10901,sports,train
10895,sports,train
4594,sports,train
10581,sports,train
9892,business,train
7796,sports,train
917,sports,train
2726,sports,train
7802,sports,train
3389,sports,train
6766,sports,train
10986,sports,train
11115,business,train
2163,business,train
1837,sports,train
1132,sports,train
2275,sports,train
1142,sports,train
8215,sports,train
10958,sports,train
4807,sports,train
4027,business,train
3397,sports,train
5666,sports,train
10874,sports,train
7075,sports,train
6816,sports,train
2599,business,train
8466,politics,train
7252,sports,train
9267,sports,train
4560,sports,train
2236,sports,train
545,sports,train
1080,sports,train
2668,sports,train
4171,politics,train
5066,politics,train
4175,sports,train
1168,sports,train
10585,sports,train
4114,sports,train
1054,sports,train
8670,sports,train
1304,sports,train
7932,sports,train
5145,sports,train
561,sports,train
6685,sports,train
5673,politics,train
859,sports,train
3690,sports,train
6817,sports,train
5639,sports,train
7027,sports,train
8437,sports,train
9394,sports,train
3936,sports,train
8913,sports,train
3381,business,train
6423,sports,train
5912,sports,train
5304,sports,train
211,sports,train
9232,sports,train
7565,sports,train
8883,sports,train
810,sports,train
12,sports,train
11074,business,train
6294,business,train
8159,sports,train
3933,politics,train
8542,sports,train
1008,sports,train
2791,business,train
5018,politics,train
3272,sports,train
4812,sports,train
1284,sports,train
1010,sports,train
995,sports,train
8257,sports,train
10227,sports,train
3303,sports,train
11150,sports,train
1189,sports,train
7587,sports,train
9511,sports,train
6129,sports,train
8129,politics,train
10711,sports,train
7248,sports,train
4891,sports,train
7268,sports,train
2723,sports,train
6607,sports,train
7727,sports,train
5956,politics,train
1464,sports,train
279,sports,train
9103,politics,train
8390,sports,train
11297,sports,train
11496,sports,train
8891,business,train
11086,business,train
9803,sports,train
7699,sports,train
3669,politics,train
8650,sports,train
857,sports,train
8991,sports,train
10992,sports,train
9550,sports,train
6258,politics,train
9810,sports,train
2940,sports,train
1554,business,train
7387,sports,train
6255,sports,train
7256,sports,train
4755,sports,train
2150,sports,train
5293,business,train
9882,sports,train
10620,sports,train
9927,sports,train
1719,sports,train
8315,sports,train
7880,sports,train
1087,sports,train
6404,sports,train
5791,sports,train
9317,sports,train
3755,sports,train
4432,sports,train
6269,sports,train
3730,politics,train
6140,sports,train
9162,sports,train
9615,sports,train
2148,sports,train
518,sports,train
1263,sports,train
2312,sports,train
1316,sports,train
10924,sports,train
5525,sports,train
4439,politics,train
6293,business,train
2305,sports,train
9568,politics,train
11281,sports,train
9432,politics,train
2740,politics,train
8285,politics,train
6075,sports,train
6573,sports,train
4580,sports,train
5380,sports,train
3036,sports,train
3321,sports,train
89,sports,train
8398,sports,train
103,sports,train
2678,sports,train
3297,sports,train
991,sports,train
431,sports,train
3265,sports,train
1619,sports,train
593,sports,train
5361,politics,train
9480,sports,train
7496,politics,train
3965,sports,train
6783,business,train
397,sports,train
6994,sports,train
5076,business,train
3159,politics,train
10954,sports,train
1494,sports,train
162,sports,train
2442,sports,train
7091,business,train
6861,sports,train
5901,sports,train
656,sports,train
8699,sports,train
6855,sports,train
5091,sports,train
5846,sports,train
10676,sports,train
8190,sports,train
441,sports,train
10973,sports,train
10390,sports,train
8611,sports,train
7359,business,train
1116,business,train
3492,sports,train
216,business,train
2461,sports,train
11403,business,train
1315,sports,train
5,sports,train
4943,sports,train
1519,sports,train
8746,sports,train
9271,sports,train
6593,sports,train
5347,sports,train
5043,sports,train
2174,sports,train
7303,business,train
1507,sports,train
3339,business,train
4623,sports,train
2770,sports,train
6585,business,train
6401,politics,train
8998,politics,train
2923,sports,train
1041,sports,train
6084,politics,train
494,sports,train
1378,sports,train
3187,sports,train
2972,sports,train
9621,sports,train
8141,politics,train
3636,business,train
9562,sports,train
6068,sports,train
4464,sports,train
7983,sports,train
2094,sports,train
3153,sports,train
8526,sports,train
4760,sports,train
2618,business,train
11242,sports,train
2924,sports,train
9477,sports,train
4310,sports,train
44,sports,train
3647,sports,train
7789,sports,train
9384,sports,train
10672,sports,train
10415,sports,train
516,sports,train
6708,sports,train
3752,sports,train
8368,sports,train
3617,politics,train
2420,sports,train
1775,sports,train
10417,sports,train
9119,sports,train
9759,sports,train
1282,sports,train
5755,sports,train
3695,sports,train
6224,sports,train
3666,politics,train
1636,sports,train
1585,sports,train
8660,politics,train
790,sports,train
1615,business,train
3305,business,train
10764,sports,train
823,sports,train
7210,politics,train
2869,politics,train
9186,sports,train
6702,sports,train
5429,sports,train
11396,sports,train
2523,sports,train
2511,sports,train
546,business,train
1806,sports,train
316,sports,train
11454,sports,train
1488,sports,train
5568,sports,train
79,business,train
6460,sports,train
8862,sports,train
3437,sports,train
8690,sports,train
7193,sports,train
11028,sports,train
82,sports,train
4084,sports,train
977,sports,train
9999,sports,train
10134,sports,train
4962,sports,train
2530,sports,train
5537,politics,train
772,sports,train
465,sports,train
2472,sports,train
11304,business,train
10641,sports,train
8217,sports,train
7774,sports,train
3546,business,train
10150,sports,train
1970,business,train
10075,sports,train
6863,politics,train
8379,business,train
1936,sports,train
2487,sports,train
8901,sports,train
7153,sports,train
3346,sports,train
6421,sports,train
3660,sports,train
5715,sports,train
2349,sports,train
9764,sports,train
5070,sports,train
6815,sports,train
1935,business,train
313,sports,train
8972,politics,train
1884,sports,train
11236,sports,train
7978,sports,train
1887,sports,train
10292,sports,train
453,business,train
2788,politics,train
5728,politics,train
3653,sports,train
10662,sports,train
7982,sports,train
1647,business,train
6087,sports,train
5062,sports,train
7636,sports,train
6754,sports,train
5905,business,train
3836,sports,train
797,business,train
2121,sports,train
1067,sports,train
7168,sports,train
5336,sports,train
5814,sports,train
4551,sports,train
9200,sports,train
4576,sports,train
3948,sports,train
9488,sports,train
7941,sports,train
10678,sports,train
837,sports,train
693,business,train
865,sports,train
2273,sports,train
9251,sports,train
9916,sports,train
9508,sports,train
6370,sports,train
5389,sports,train
7028,sports,train
4390,sports,train
1176,sports,train
7483,sports,train
9391,sports,train
10692,business,train
3491,sports,train
1250,sports,train
7052,sports,train
10597,sports,train
5294,sports,train
707,sports,train
7804,sports,train
2733,business,train
5102,sports,train
5962,sports,train
6461,sports,train
3780,sports,train
8581,business,train
5051,politics,train
1668,sports,train
9796,sports,train
7258,sports,train
3600,business,train
7008,sports,train
1210,sports,train
6025,politics,train
1966,business,train
6778,sports,train
10268,sports,train
1283,sports,train
4795,sports,train
10759,business,train
756,business,train
7866,politics,train
5996,politics,train
9753,business,train
7138,sports,train
1338,sports,train
1737,sports,train
289,sports,train
8719,sports,train
2367,sports,train
7318,sports,train
8139,sports,train
5533,business,train
7372,sports,train
11180,sports,train
2693,sports,train
3421,sports,train
667,sports,train
3741,politics,train
84,sports,train
655,sports,train
9242,sports,train
8441,business,train
6750,sports,train
1677,business,train
7173,business,train
1930,politics,train
11298,sports,train
5590,sports,train
9414,sports,train
5871,business,train
1539,sports,train
1710,sports,train
5914,sports,train
6605,sports,train
10350,sports,train
3367,sports,train
10500,sports,train
9714,sports,train
798,sports,train
2008,business,train
115,sports,train
5504,business,train
5663,sports,train
3104,sports,train
458,business,train
1724,sports,train
3398,sports,train
7960,sports,train
6317,politics,train
1844,sports,train
8238,sports,train
6975,sports,train
2385,sports,train
10272,politics,train
7702,sports,train
7374,sports,train
1400,sports,train
672,sports,train
9845,politics,train
955,sports,train
7406,sports,train
2630,sports,train
10905,sports,train
3775,sports,train
5081,politics,train
10673,sports,train
7519,sports,train
11277,sports,train
7058,sports,train
6100,sports,train
3097,politics,train
2030,sports,train
1497,sports,train
2453,business,train
846,sports,train
230,business,train
9121,sports,train
10822,sports,train
1056,sports,train
5506,sports,train
7811,sports,train
6135,sports,train
7026,sports,train
8908,politics,train
7583,sports,train
2434,sports,train
5857,politics,train
2116,sports,train
1467,sports,train
10017,business,train
4194,sports,train
3372,sports,train
2783,sports,train
8494,sports,train
6543,business,train
7128,business,train
1713,sports,train
4149,politics,train
3224,sports,train
4232,business,train
8286,sports,train
3094,sports,train
6792,sports,train
5178,sports,train
4090,sports,train
9914,politics,train
7612,business,train
3207,sports,train
2999,business,train
4825,sports,train
8547,sports,train
550,business,train
9952,sports,train
68,sports,train
6928,sports,train
3868,business,train
9789,politics,train
2134,sports,train
379,sports,train
6915,sports,train
1738,sports,train
5215,business,train
6528,sports,train
5117,business,train
10237,sports,train
8873,sports,train
9624,sports,train
1602,sports,train
8234,sports,train
5127,sports,train
10837,sports,train
8107,sports,train
10843,sports,train
9862,sports,train
9581,sports,train
7136,sports,train
10495,politics,train
8616,sports,train
5796,sports,train
2324,sports,train
8639,sports,train
9168,sports,train
3069,sports,train
1651,sports,train
8102,sports,train
11044,sports,train
3410,sports,train
9847,sports,train
5902,sports,train
4509,sports,train
10347,sports,train
10006,sports,train
254,business,train
8244,sports,train
1609,business,train
11100,sports,train
2452,sports,train
689,sports,train
9743,politics,train
1510,sports,train
4840,sports,train
7853,sports,train
4393,sports,train
10199,business,train
303,sports,train
1959,sports,train
9528,sports,train
10831,sports,train
8091,sports,train
4587,sports,train
11176,sports,train
6206,politics,train
7942,politics,train
8524,sports,train
8421,sports,train
6188,politics,train
965,sports,train
6328,sports,train
7315,business,train
121,business,train
5652,politics,train
1436,sports,train
1303,business,train
8048,business,train
6235,sports,train
11443,sports,train
751,sports,train
771,business,train
1465,business,train
3525,politics,train
760,sports,train
2197,sports,train
4256,sports,train
6095,politics,train
679,sports,train
2410,sports,train
3489,sports,train
2893,sports,train
2072,sports,train
6935,sports,train
1880,sports,train
5979,sports,train
6227,politics,train
3939,politics,train
2087,business,train
2075,business,train
6451,sports,train
2162,sports,train
3189,politics,train
981,sports,train
2234,sports,train
8353,sports,train
3542,sports,train
4621,sports,train
1200,sports,train
10369,business,train
10494,politics,train
9650,sports,train
9385,sports,train
8250,politics,train
9371,sports,train
7509,sports,train
9273,business,train
5266,business,train
1078,business,train
3417,sports,train
3,sports,train
9630,sports,train
1513,sports,train
6115,sports,train
1650,sports,train
4933,sports,train
4514,business,train
3127,sports,train
6377,sports,train
4681,sports,train
8462,sports,train
1478,business,train
9292,sports,train
9335,sports,train
11244,business,train
3001,sports,train
6553,sports,train
10624,sports,train
7850,sports,train
3990,sports,train
8565,business,train
6762,business,train
11309,sports,train
6459,sports,train
1118,sports,train
6951,sports,train
715,sports,train
4799,sports,train
10638,politics,train
838,sports,train
6463,sports,train
9022,sports,train
4150,sports,train
6604,sports,train
2527,business,train
9154,politics,train
9788,business,train
1633,sports,train
8223,sports,train
8326,sports,train
10900,sports,train
4123,sports,train
9389,sports,train
8868,business,train
9211,sports,train
10307,business,train
7573,sports,train
5333,sports,train
3021,sports,train
6426,sports,train
107,sports,train
9226,sports,train
9825,sports,train
3155,sports,train
5426,sports,train
8108,sports,train
3683,sports,train
9832,sports,train
33,sports,train
460,business,train
9861,sports,train
4966,politics,train
5548,politics,train
10365,sports,train
3531,sports,train
1796,sports,train
7570,sports,train
6481,sports,train
725,sports,train
8632,sports,train
8792,sports,train
4751,business,train
1188,sports,train
5863,business,train
4923,sports,train
2701,sports,train
2756,sports,train
3984,politics,train
1614,sports,train
3460,sports,train
271,business,train
4125,sports,train
1394,sports,train
3463,sports,train
987,sports,train
6749,sports,train
57,sports,train
4142,politics,train
2575,business,train
7144,sports,train
6110,sports,train
8418,sports,train
1419,politics,train
3847,sports,train
2383,sports,train
7653,sports,train
7056,sports,train
10733,sports,train
1253,business,train
3611,sports,train
785,sports,train
8121,sports,train
1429,sports,train
4631,sports,train
6120,sports,train
6880,sports,train
3301,sports,train
8364,sports,train
10854,sports,train
5518,sports,train
10253,sports,train
2881,sports,train
8602,sports,train
1449,sports,train
7065,sports,train
46,sports,train
10328,sports,train
813,business,train
8384,sports,train
2852,sports,train
2734,sports,train
1934,sports,train
1944,sports,train
9386,sports,train
5193,sports,train
10217,sports,train
4627,politics,train
9791,sports,train
5221,sports,train
1827,sports,train
1191,sports,train
2165,business,train
2902,business,train
5496,sports,train
5661,sports,train
10414,sports,train
9834,sports,train
6926,sports,train
3380,sports,train
7897,politics,train
9491,sports,train
9216,politics,train
4597,sports,train
5318,politics,train
10574,sports,train
7787,sports,train
525,sports,train
3777,sports,train
11275,sports,train
1684,sports,train
6658,sports,train
11361,sports,train
4360,politics,train
2010,politics,train
9306,sports,train
900,sports,train
992,sports,train
8100,politics,train
6414,sports,train
9516,business,train
3817,sports,train
426,sports,train
8623,sports,train
8846,sports,train
6043,sports,train
11408,sports,train
4863,politics,train
3740,sports,train
6266,business,train
7340,sports,train
7125,sports,train
997,sports,train
4131,business,train
5421,sports,train
7933,business,train
1828,sports,train
5158,sports,train
10429,politics,train
5054,business,train
4224,sports,train
1584,business,train
3140,sports,train
5530,business,train
6231,sports,train
4732,sports,train
4238,sports,train
8783,business,train
4328,sports,train
6874,politics,train
678,sports,train
6198,politics,train
2712,sports,train
2021,sports,train
9930,politics,train
4501,politics,train
1077,sports,train
2786,sports,train
8058,sports,train
1366,sports,train
9321,sports,train
1867,sports,train
10218,sports,train
3944,sports,train
7124,sports,train
4147,sports,train
5632,sports,train
6476,sports,train
3735,sports,train
2602,sports,train
9781,sports,train
7215,politics,train
4280,sports,train
6249,politics,train
3156,sports,train
3781,sports,train
4622,politics,train
2455,sports,train
5387,sports,train
176,sports,train
5742,sports,train
5852,politics,train
4637,sports,train
9838,business,train
9137,sports,train
1590,business,train
265,business,train
5388,sports,train
146,sports,train
5786,sports,train
9424,sports,train
3352,politics,train
1144,sports,train
7642,sports,train
5893,business,train
10303,politics,train
1344,sports,train
9919,business,train
7336,politics,train
10846,sports,train
5856,sports,train
8820,sports,train
6133,sports,train
5656,sports,train
5498,sports,train
700,sports,train
688,sports,train
706,sports,train
2792,sports,train
4655,sports,train
1383,sports,train
1729,sports,train
7270,business,train
4048,sports,train
916,sports,train
5998,sports,train
8621,sports,train
2063,business,train
11324,sports,train
8652,sports,train
473,sports,train
3073,politics,train
3786,sports,train
6179,sports,train
3970,sports,train
4329,sports,train
7401,sports,train
8527,sports,train
64,sports,train
7778,politics,train
95,sports,train
6046,sports,train
5273,sports,train
9382,sports,train
255,business,train
6672,politics,train
9426,sports,train
11245,sports,train
5369,sports,train
8435,politics,train
1240,business,train
8715,sports,train
8911,business,train
1219,business,train
6243,sports,train
4934,sports,train
596,sports,train
6542,sports,train
2012,business,train
7658,politics,train
7114,sports,train
4649,sports,train
6727,politics,train
10060,sports,train
6732,business,train
5173,sports,train
8409,sports,train
4784,politics,train
7472,sports,train
2226,sports,train
9979,sports,train
1138,sports,train
1317,sports,train
6982,sports,train
2158,sports,train
5977,sports,train
7602,politics,train
3878,politics,train
6808,sports,train
3307,sports,train
4964,politics,train
9897,sports,train
6788,sports,train
9059,business,train
4678,sports,train
11291,business,train
10512,sports,train
7924,sports,train
781,sports,train
4486,sports,train
9514,sports,train
4220,sports,train
3738,sports,train
2586,business,train
7408,sports,train
2928,business,train
1140,sports,train
1446,sports,train
7239,business,train
5267,sports,train
1588,sports,train
5717,sports,train
4950,sports,train
848,sports,train
10066,sports,train
4956,sports,train
2311,sports,train
6921,politics,train
2912,sports,train
10539,sports,train
10450,sports,train
4013,politics,train
1624,business,train
4924,sports,train
1044,sports,train
10379,politics,train
11212,sports,train
2838,sports,train
10505,sports,train
3295,sports,train
9658,politics,train
1914,politics,train
9689,sports,train
782,sports,train
5760,politics,train
2263,sports,train
8163,sports,train
1565,business,train
6411,sports,train
6345,sports,train
11289,sports,train
619,politics,train
1416,sports,train
336,sports,train
9302,sports,train
11014,sports,train
2429,sports,train
10747,sports,train
2316,sports,train
5739,sports,train
5808,business,train
5324,politics,train
9077,sports,train
2220,sports,train
9255,sports,train
11285,sports,train
9132,sports,train
9430,politics,train
6363,politics,train
4130,sports,train
8598,sports,train
1852,sports,train
314,sports,train
7619,sports,train
6038,sports,train
2137,business,train
791,sports,train
3923,sports,train
2878,sports,train
1618,sports,train
10945,sports,train
5288,sports,train
5707,sports,train
8920,sports,train
1262,sports,train
6028,sports,train
7966,sports,train
1603,sports,train
5594,politics,train
1459,sports,train
9422,sports,train
5155,sports,train
4234,business,train
10663,sports,train
1272,sports,train
10353,politics,train
108,sports,train
980,sports,train
10435,sports,train
3906,politics,train
5596,politics,train
3857,sports,train
1125,business,train
778,sports,train
6798,politics,train
6158,sports,train
10526,sports,train
2133,business,train
714,business,train
2057,sports,train
8861,politics,train
2951,sports,train
9456,politics,train
2125,sports,train
2331,business,train
3011,business,train
2967,sports,train
11295,sports,train
10675,politics,train
9257,sports,train
7686,politics,train
9290,sports,train
1782,sports,train
9410,sports,train
3828,business,train
2978,sports,train
3932,sports,train
2619,sports,train
4729,sports,train
4119,sports,train
2559,business,train
4278,business,train
7744,sports,train
4200,sports,train
7709,sports,train
6105,sports,train
4736,sports,train
226,sports,train
9124,sports,train
1021,sports,train
5833,sports,train
6519,sports,train
7834,sports,train
7777,sports,train
7455,politics,train
4811,politics,train
2107,sports,train
480,business,train
287,business,train
5614,politics,train
3468,sports,train
8237,sports,train
10835,sports,train
3292,sports,train
6870,business,train
10914,sports,train
8450,sports,train
9400,sports,train
3420,sports,train
11399,sports,train
4781,politics,train
3089,politics,train
10848,sports,train
2346,sports,train
11389,sports,train
1097,sports,train
5765,sports,train
9333,sports,train
10055,politics,train
5386,business,train
1991,sports,train
10582,sports,train
2160,business,train
7269,politics,train
8164,sports,train
812,sports,train
10359,sports,train
5226,business,train
989,business,train
1226,sports,train
9777,sports,train
6638,sports,train
9520,sports,train
2438,sports,train
10064,sports,train
2935,sports,train
8114,sports,train
9146,sports,train
11097,business,train
8853,politics,train
6440,sports,train
2209,sports,train
2302,sports,train
7603,politics,train
2833,sports,train
8705,sports,train
5668,sports,train
5703,sports,train
9256,sports,train
6922,sports,train
7093,sports,train
5999,politics,train
8727,sports,train
7240,sports,train
2120,sports,train
7417,sports,train
6053,sports,train
6298,politics,train
8834,sports,train
5270,sports,train
8514,business,train
6795,sports,train
7035,politics,train
2042,sports,train
1931,sports,train
9156,business,train
5875,politics,train
1221,sports,train
4790,politics,train
9671,sports,train
11154,sports,train
8866,sports,train
4155,sports,train
8452,sports,train
5847,sports,train
2879,business,train
5445,sports,train
3432,business,train
7087,politics,train
6416,politics,train
7196,sports,train
9465,sports,train
1988,business,train
10044,sports,train
11057,business,train
8269,sports,train
7783,sports,train
2255,business,train
3763,sports,train
10126,sports,train
1455,sports,train
6455,sports,train
8961,sports,train
1388,sports,train
7954,sports,train
2552,business,train
3535,sports,train
4363,sports,train
420,sports,train
11423,sports,train
922,sports,train
6210,business,train
2598,sports,train
2409,sports,train
3268,sports,train
41,sports,train
11081,business,train
5985,sports,train
10608,sports,train
11148,sports,train
10155,politics,train
3545,sports,train
6648,sports,train
11482,sports,train
6738,politics,train
827,sports,train
3663,sports,train
4217,politics,train
6472,business,train
3710,politics,train
10267,sports,train
6310,sports,train
4539,sports,train
6013,sports,train
8263,sports,train
3115,sports,train
11373,business,train
3516,sports,train
665,sports,train
4454,business,train
2227,business,train
7119,politics,train
5399,sports,train
9763,politics,train
3915,sports,train
3440,sports,train
6223,business,train
93,sports,train
6289,politics,train
10321,business,train
5474,business,train
8784,business,train
7537,sports,train
6111,politics,train
10872,politics,train
3438,sports,train
9770,sports,train
5558,business,train
5741,sports,train
1993,sports,train
2085,sports,train
3152,sports,train
1879,sports,train
669,sports,train
11039,business,train
4211,sports,train
326,sports,train
6891,sports,train
124,politics,train
902,business,train
3839,politics,train
6074,sports,train
4262,sports,train
3188,sports,train
10887,business,train
1302,sports,train
5538,sports,train
59,sports,train
11495,business,train
9554,sports,train
6464,politics,train
11409,sports,train
10123,business,train
9551,sports,train
8063,business,train
2639,sports,train
10497,sports,train
411,sports,train
3891,sports,train
5677,business,train
1586,sports,train
5241,sports,train
9768,business,train
10085,sports,train
1099,sports,train
1693,sports,train
968,sports,train
2831,sports,train
1901,politics,train
8500,politics,train
9343,sports,train
1923,politics,train
3703,politics,train
8791,sports,train
1922,sports,train
7674,sports,train
6267,politics,train
7555,sports,train
10089,sports,train
123,sports,train
8386,sports,train
2056,business,train
9786,politics,train
1773,sports,train
9587,sports,train
8898,business,train
8189,sports,train
6721,sports,train
308,business,train
8828,sports,train
11457,sports,train
24,sports,train
5407,sports,train
233,sports,train
5904,politics,train
5907,politics,train
10028,sports,train
1841,sports,train
2192,sports,train
7298,politics,train
10119,sports,train
698,sports,train
4512,sports,train
9252,politics,train
10948,sports,train
10938,sports,train
11484,sports,train
258,sports,train
9959,sports,train
9225,politics,train
3045,sports,train
1288,sports,train
483,sports,train
378,sports,train
5917,sports,train
11350,sports,train
1173,sports,train
4291,sports,train
7385,sports,train
4887,business,train
1471,sports,train
127,sports,train
9751,politics,train
5326,sports,train
8906,sports,train
1808,sports,train
5121,sports,train
8988,sports,train
1697,sports,train
5910,sports,train
75,sports,train
246,business,train
8501,sports,train
2694,sports,train
3337,sports,train
4684,sports,train
8951,sports,train
526,sports,train
1642,sports,train
1840,business,train
9180,sports,train
6301,sports,train
9685,sports,train
4563,sports,train
7705,politics,train
2680,sports,train
2839,sports,train
7358,business,train
7279,sports,train
9182,business,train
7398,sports,train
10424,sports,train
5016,sports,train
433,business,train
862,business,train
390,sports,train
240,sports,train
2164,business,train
3147,politics,train
7831,sports,train
7545,sports,train
1516,sports,train
2269,sports,train
4583,sports,train
7728,sports,train
272,sports,train
8840,sports,train
9357,sports,train
11487,sports,train
2709,sports,train
9444,politics,train
5613,sports,train
2202,sports,train
5705,sports,train
588,sports,train
6711,sports,train
1982,sports,train
9148,sports,train
3101,sports,train
9113,politics,train
6492,politics,train
8689,business,train
8451,sports,train
1203,sports,train
5409,sports,train
10946,sports,train
1096,sports,train
620,sports,train
1546,sports,train
7277,politics,train
4128,sports,train
3672,sports,train
8236,sports,train
9958,sports,train
6690,business,train
2805,sports,train
6147,sports,train
8424,sports,train
1683,sports,train
6548,sports,train
2141,sports,train
7428,sports,train
7635,sports,train
17,business,train
10541,sports,train
9106,politics,train
592,sports,train
4127,sports,train
905,sports,train
2139,sports,train
10951,sports,train
9013,sports,train
9697,sports,train
13,sports,train
7257,politics,train
11325,politics,train
7392,sports,train
409,sports,train
8692,sports,train
11405,sports,train
11492,politics,train
719,sports,train
5928,sports,train
748,business,train
3424,sports,train
7902,sports,train
3402,sports,train
2536,business,train
8023,business,train
941,sports,train
7694,sports,train
5138,business,train
8412,sports,train
10856,sports,train
5589,sports,train
4559,sports,train
9055,politics,train
1682,sports,train
9056,sports,train
8808,sports,train
10668,sports,train
60,sports,train
7725,politics,train
792,sports,train
6897,business,train
11010,business,train
7627,politics,train
2995,sports,train
4724,politics,train
2732,politics,train
821,sports,train
6418,sports,train
5085,sports,train
1417,sports,train
7402,sports,train
5396,business,train
11438,sports,train
11502,sports,train
1774,sports,train
3886,politics,train
3490,sports,train
270,sports,train
7466,sports,train
1114,business,train
10451,politics,train
5238,sports,train
8757,sports,train
6410,sports,train
1811,sports,train
8934,politics,train
2961,sports,train
5757,sports,train
4133,sports,train
4643,sports,train
5124,sports,train
1034,sports,train
101,sports,train
9950,politics,train
2674,sports,train
6338,sports,train
9744,sports,train
4947,sports,train
6691,sports,train
585,sports,train
1103,sports,train
3158,sports,train
11105,business,train
11030,business,train
9699,sports,train
137,sports,train
10326,business,train
5244,politics,train
11440,sports,train
1025,sports,train
7995,sports,train
6239,business,train
9506,sports,train
5763,sports,train
151,sports,train
3517,sports,train
5073,business,train
5509,sports,train
10785,sports,train
5049,politics,train
6646,sports,train
2920,sports,train
9535,sports,train
7135,politics,train
3815,sports,train
2874,sports,train
5697,politics,train
2166,sports,train
5592,politics,train
5003,business,train
5859,sports,train
10988,politics,train
1824,sports,train
7894,business,train
5586,sports,train
11225,sports,train
10393,sports,train
4221,sports,train
3664,sports,train
2282,politics,train
7017,politics,train
9007,sports,train
2221,sports,train
1486,sports,train
468,sports,train
5192,sports,train
6802,business,train
567,sports,train
9582,politics,train
2667,sports,train
4254,business,train
10606,sports,train
9642,business,train
509,sports,train
9308,sports,train
3700,sports,train
4927,sports,train
1604,business,train
8470,sports,train
2399,business,train
2243,sports,train
3072,sports,train
5788,sports,train
1456,sports,train
1928,sports,train
3678,politics,train
7793,sports,train
5947,politics,train
3912,business,train
2031,sports,train
8331,sports,train
4993,sports,train
8096,sports,train
6663,sports,train
8665,sports,train
3312,sports,train
8325,sports,train
6260,sports,train
1458,sports,train
2937,sports,train
2787,sports,train
5800,sports,train
8128,sports,train
9475,sports,train
5671,politics,train
1015,sports,train
3846,sports,train
4349,business,train
8619,politics,train
11167,sports,train
8014,sports,train
6996,sports,train
3414,sports,train
9521,sports,train
4408,sports,train
2850,politics,train
6238,business,train
4951,sports,train
1675,sports,train
2780,politics,train
9668,sports,train
9197,sports,train
2492,sports,train
7567,politics,train
10162,sports,train
3080,sports,train
11411,sports,train
3785,sports,train
2647,sports,train
4879,sports,train
6020,sports,train
7723,politics,train
3202,sports,train
1802,business,train
6651,sports,train
1691,sports,train
912,sports,train
9986,politics,train
4978,sports,train
6803,sports,train
8930,politics,train
10514,sports,train
338,sports,train
10679,politics,train
6936,sports,train
11153,business,train
4088,politics,train
5542,sports,train
4391,sports,train
6988,sports,train
10444,sports,train
1248,sports,train
9294,sports,train
9745,politics,train
6769,sports,train
8049,sports,train
9682,sports,train
1070,sports,train
2660,sports,train
10513,sports,train
4738,sports,train
5166,sports,train
3649,politics,train
7180,sports,train
9625,sports,train
5007,sports,train
429,sports,train
9061,business,train
7292,business,train
8394,sports,train
7438,politics,train
6752,sports,train
1717,sports,train
11059,sports,train
3905,sports,train
8172,sports,train
2905,business,train
9149,sports,train
9572,sports,train
418,business,train
4523,sports,train
9128,sports,train
1557,sports,train
1748,sports,train
4547,politics,train
4383,sports,train
9122,sports,train
9202,politics,train
6550,sports,train
2048,sports,train
3042,sports,train
305,sports,train
7944,sports,train
5379,politics,train
8780,sports,train
527,sports,train
56,business,train
5437,sports,train
8714,business,train
4829,sports,train
5427,politics,train
1826,sports,train
3510,politics,train
1492,sports,train
6529,sports,train
11380,sports,train
6307,sports,train
7965,sports,train
7462,sports,train
2564,sports,train
1352,sports,train
10935,sports,train
7710,sports,train
7625,sports,train
10000,sports,train
354,politics,train
4004,sports,train
4297,sports,train
10465,sports,train
4252,politics,train
9891,sports,train
8556,sports,train
2292,sports,train
780,sports,train
6611,sports,train
5184,sports,train
5425,politics,train
8796,sports,train
6019,sports,train
6984,sports,train
6011,politics,train
5603,sports,train
8266,sports,train
3797,sports,train
4994,sports,train
6837,sports,train
8188,sports,train
10968,sports,train
10023,sports,train
8050,sports,train
9732,politics,train
10446,politics,train
6076,politics,train
6684,politics,train
2763,politics,train
9065,sports,train
8546,sports,train
7384,sports,train
8348,sports,train
4058,politics,train
7843,politics,train
8507,politics,train
10345,sports,train
506,sports,train
10035,sports,train
10228,sports,train
2865,sports,train
3988,sports,train
5920,politics,train
3796,politics,train
4299,sports,train
948,sports,train
6230,sports,train
3384,sports,train
8815,sports,train
11470,sports,train
2186,sports,train
11205,sports,train
410,business,train
2083,sports,train
472,sports,train
10696,business,train
6595,business,train
8992,sports,train
11158,sports,train
6060,sports,train
10774,sports,train
7929,politics,train
3358,sports,train
320,sports,train
8292,sports,train
8653,sports,train
235,sports,train
7639,sports,train
3123,politics,train
7152,sports,train
10190,business,train
1598,sports,train
11072,sports,train
2829,sports,train
5069,politics,train
9286,sports,train
9965,business,train
9217,sports,train
3213,politics,train
5644,sports,train
7732,sports,train
416,business,train
10649,sports,train
2801,sports,train
5152,sports,train
5099,sports,train
7389,sports,train
5230,sports,train
1457,sports,train
2954,sports,train
1518,business,train
10331,sports,train
5845,sports,train
6432,business,train
2335,sports,train
8701,sports,train
5769,sports,train
2836,sports,train
8357,sports,train
6435,sports,train
1115,sports,train
9635,politics,train
428,business,train
10949,sports,train
1776,sports,train
7412,sports,train
6867,sports,train
1783,sports,train
2238,sports,train
6259,business,train
490,sports,train
7034,sports,train
945,sports,train
6099,sports,train
11198,sports,train
1186,sports,train
3993,sports,train
721,business,train
5843,sports,train
6582,sports,train
2503,sports,train
8276,politics,train
8600,sports,train
982,sports,train
7233,politics,train
2659,politics,train
5390,sports,train
894,sports,train
6506,sports,train
3583,sports,train
5470,sports,train
9464,sports,train
9937,sports,train
5025,sports,train
6892,business,train
10871,sports,train
9725,politics,train
9754,politics,train
711,sports,train
2610,business,train
5534,politics,train
5900,sports,train
7100,politics,train
11213,sports,train
7508,sports,train
7416,sports,train
329,sports,train
7165,sports,train
2473,business,train
7851,sports,train
5140,sports,train
606,sports,train
4270,sports,train
2096,sports,train
7405,sports,train
3181,sports,train
3907,sports,train
676,sports,train
10964,politics,train
2896,business,train
7908,sports,train
10340,business,train
2964,sports,train
1942,politics,train
118,sports,train
1950,business,train
4266,sports,train
854,sports,train
5364,sports,train
3291,business,train
11463,sports,train
8455,sports,train
7664,sports,train
4231,sports,train
10174,sports,train
6314,sports,train
4922,sports,train
5157,politics,train
6488,sports,train
3563,politics,train
10744,sports,train
6944,sports,train
7543,sports,train
6556,sports,train
9361,politics,train
513,sports,train
4069,business,train
10828,sports,train
6002,sports,train
10877,politics,train
3324,politics,train
1823,sports,train
9214,sports,train
7807,sports,train
9939,sports,train
2908,sports,train
7950,sports,train
3500,sports,train
142,sports,train
3736,politics,train
2607,business,train
427,sports,train
9379,business,train
3693,sports,train
6679,sports,train
2441,sports,train
8643,business,train
7746,sports,train
6662,sports,train
4009,politics,train
5045,sports,train
6077,politics,train
8010,sports,train
3269,business,train
4081,sports,train
11182,sports,train
466,business,train
451,sports,train
4019,business,train
11243,sports,train
5174,politics,train
3049,sports,train
9231,sports,train
3900,sports,train
4352,politics,train
3701,sports,train
3084,politics,train
8544,sports,train
7585,sports,train
10260,sports,train
1589,sports,train
6534,sports,train
657,sports,train
2753,politics,train
8505,sports,train
2655,sports,train
2916,sports,train
6484,sports,train
1092,business,train
6807,sports,train
6906,sports,train
3343,sports,train
6244,sports,train
9230,sports,train
6041,sports,train
2571,business,train
11372,sports,train
7297,sports,train
2960,business,train
8723,sports,train
3750,sports,train
3675,sports,train
10859,sports,train
5598,sports,train
2562,business,train
10354,sports,train
8218,sports,train
3942,sports,train
9963,sports,train
1218,sports,train
10890,sports,train
6431,sports,train
1820,sports,train
5520,politics,train
8034,sports,train
7468,sports,train
10650,sports,train
3351,sports,train
8354,sports,train
7492,sports,train
9631,sports,train
1393,sports,train
1347,sports,train
8267,sports,train
1082,sports,train
2286,sports,train
4712,business,train
7557,sports,train
1254,sports,train
7399,sports,train
9476,sports,train
1997,sports,train
9062,business,train
5942,sports,train
5529,sports,train
6681,politics,train
3987,sports,train
2502,sports,train
10719,politics,train
8594,sports,train
3299,sports,train
9957,sports,train
5501,sports,train
7501,sports,train
8313,sports,train
3368,sports,train
10460,politics,train
9383,sports,train
10532,sports,train
7742,sports,train
5465,sports,train
6818,sports,train
6145,sports,train
10436,sports,train
3331,sports,train
7013,sports,train
5329,sports,train
9025,sports,train
9540,sports,train
7809,sports,train
4515,sports,train
4214,business,train
2363,sports,train
7039,sports,train
6939,politics,train
7260,sports,train
1071,sports,train
5922,business,train
9174,sports,train
8543,sports,train
3129,sports,train
11386,sports,train
5086,sports,train
8336,sports,train
2665,sports,train
7019,politics,train
7956,sports,train
10261,business,train
10999,sports,train
1002,sports,train
9324,sports,train
3514,sports,train
7600,sports,train
4707,sports,train
3896,business,train
2506,business,train
5444,sports,train
702,sports,train
1258,sports,train
358,business,train
10517,sports,train
5378,business,train
10658,sports,train
7981,politics,train
6717,sports,train
9416,sports,train
1228,business,train
3482,business,train
4076,sports,train
7423,sports,train
8041,politics,train
2873,sports,train
438,sports,train
9972,sports,train
4869,politics,train
7839,sports,train
10882,business,train
19,sports,train
6004,politics,train
942,sports,train
5264,business,train
481,sports,train
8766,sports,train
8914,sports,train
1911,business,train
10917,sports,train
5408,sports,train
11391,sports,train
7975,sports,train
1902,sports,train
6228,sports,train
4033,politics,train
7109,politics,train
5287,sports,train
9614,sports,train
1445,sports,train
6571,sports,train
7041,sports,train
8659,business,train
3719,sports,train
4385,sports,train
8794,sports,train
4399,sports,train
10168,sports,train
7601,sports,train
4484,politics,train
1652,sports,train
4661,sports,train
5420,sports,train
7756,sports,train
9336,sports,train
8510,sports,train
3564,sports,train
9590,sports,train
7419,politics,train
2533,sports,train
10717,sports,train
2688,sports,train
9932,sports,train
9752,sports,train
1825,sports,train
3139,sports,train
5585,sports,train
8787,sports,train
7864,sports,train
3107,sports,train
6512,politics,train
10098,sports,train
4746,sports,train
1169,sports,train
422,sports,train
4703,sports,train
3480,sports,train
2989,business,train
9501,business,train
1479,sports,train
4010,business,train
8305,politics,train
2673,sports,train
3831,sports,train
7126,sports,train
11221,sports,train
5955,business,train
4314,sports,train
7185,sports,train
6150,politics,train
4664,sports,train
7810,sports,train
2447,sports,train
8347,business,train
6037,sports,train
9605,politics,train
11230,sports,train
5039,sports,train
10792,politics,train
1701,sports,train
1532,sports,train
9102,sports,train
4117,sports,train
4118,sports,train
9489,sports,train
1804,sports,train
2001,business,train
6177,politics,train
3910,politics,train
3650,business,train
11228,sports,train
347,business,train
4531,sports,train
2045,sports,train
249,sports,train
5298,sports,train
5740,politics,train
6204,business,train
9301,sports,train
10614,sports,train
8319,sports,train
10664,sports,train
7548,sports,train
3043,sports,train
10982,politics,train
339,business,train
7806,sports,train
5203,sports,train
5395,politics,train
10881,business,train
1128,sports,train
3689,sports,train
4675,sports,train
723,sports,train
9924,sports,train
3532,business,train
3418,sports,train
9806,sports,train
5545,sports,train
10166,politics,train
574,sports,train
7203,sports,train
363,sports,train
10025,sports,train
7990,business,train
4154,sports,train
9222,sports,train
4554,sports,train
8440,sports,train
3170,sports,train
6116,sports,train
7819,sports,train
727,sports,train
2968,business,train
5075,sports,train
8685,sports,train
9478,sports,train
5526,sports,train
4888,sports,train
5935,sports,train
5835,sports,train
5950,politics,train
5452,sports,train
5566,sports,train
8634,sports,train
5416,sports,train
3904,business,train
11062,sports,train
8006,sports,train
5719,sports,train
4056,sports,train
7579,sports,train
3806,sports,train
1948,sports,train
9634,sports,train
8399,politics,train
7106,sports,train
6945,sports,train
167,sports,train
8566,politics,train
7531,sports,train
319,sports,train
10372,business,train
11184,sports,train
9397,politics,train
908,sports,train
7523,sports,train
739,sports,train
879,sports,train
975,sports,train
10734,sports,train
555,sports,train
10991,sports,train
9100,politics,train
6656,politics,train
4466,sports,train
8580,sports,train
10591,sports,train
8743,sports,train
1224,sports,train
6380,sports,train
280,business,train
9893,sports,train
10800,politics,train
6225,sports,train
8683,sports,train
3725,sports,train
7172,sports,train
1758,sports,train
10048,business,train
3411,politics,train
10475,business,train
9223,politics,train
1043,sports,train
5861,sports,train
6482,sports,train
3971,sports,train
4099,sports,train
6101,politics,train
1850,sports,train
11092,sports,train
7794,sports,train
4102,sports,train
3722,sports,train
8165,sports,train
11238,business,train
7737,sports,train
664,sports,train
5254,sports,train
6494,politics,train
4859,sports,train
8694,sports,train
3300,sports,train
5554,politics,train
9541,sports,train
4517,sports,train
5827,politics,train
11347,sports,train
398,business,train
746,sports,train
3824,business,train
4858,sports,train
8663,sports,train
6302,business,train
1027,sports,train
1350,sports,train
8539,business,train
8842,sports,train
10753,sports,train
6201,politics,train
2959,business,train
2525,business,train
8004,politics,train
9610,sports,train
5720,politics,train
4782,sports,train
1575,sports,train
3974,sports,train
10755,sports,train
4716,business,train
1149,politics,train
10249,sports,train
8086,sports,train
4650,sports,train
9887,politics,train
2112,sports,train
886,sports,train
9070,sports,train
5772,sports,train
925,sports,train
1289,sports,train
10279,sports,train
6167,sports,train
3124,sports,train
6705,sports,train
8916,sports,train
3079,politics,train
2516,sports,train
6364,sports,train
10631,sports,train
383,sports,train
4394,sports,train
11318,sports,train
7641,sports,train
6193,politics,train
3935,business,train
2857,sports,train
4148,sports,train
130,sports,train
4060,politics,train
9466,sports,train
3694,politics,train
3183,politics,train
76,sports,train
3168,business,train
644,sports,train
5627,sports,train
8024,business,train
7651,sports,train
10391,sports,train
4635,sports,train
5074,sports,train
9524,sports,train
10320,business,train
11253,sports,train
3717,politics,train
6896,sports,train
1919,sports,train
4749,sports,train
5394,sports,train
7253,sports,train
9096,sports,train
8212,sports,train
5195,politics,train
7294,business,train
8613,sports,train
978,sports,train
8463,sports,train
3612,sports,train
5721,sports,train
5411,sports,train
5472,sports,train
10117,sports,train
10062,sports,train
708,business,train
2807,politics,train
6517,sports,train
194,sports,train
4566,sports,train
8810,sports,train
149,sports,train
3484,sports,train
6748,sports,train
10421,sports,train
1920,sports,train
4762,sports,train
8667,sports,train
9525,sports,train
5342,sports,train
1747,sports,train
5357,politics,train
5077,sports,train
10455,business,train
5459,sports,train
8278,sports,train
9736,politics,train
8242,politics,train
3082,politics,train
9427,sports,train
113,sports,train
10047,sports,train
7976,sports,train
10207,business,train
1359,sports,train
8249,sports,train
7590,sports,train
1178,sports,train
1399,sports,train
11102,business,train
5057,sports,train
5433,sports,train
2022,business,train
35,politics,train
8551,sports,train
4425,sports,train
4041,sports,train
7246,politics,train
10382,sports,train
9045,sports,train
11101,business,train
261,sports,train
5890,politics,train
4141,politics,train
1528,sports,train
3125,sports,train
4228,politics,train
4538,sports,train
1592,business,train
3921,sports,train
2622,sports,train
10884,business,train
4940,sports,train
5487,sports,train
9954,business,train
10618,sports,train
4377,sports,train
4567,politics,train
4381,sports,train
7928,politics,train
9977,sports,train
247,sports,train
2422,sports,train
775,sports,train
11313,sports,train
603,business,train
10464,sports,train
3278,sports,train
6772,business,train
2582,business,train
3242,sports,train
4687,sports,train
11183,sports,train
3150,politics,train
3858,sports,train
1657,sports,train
10120,sports,train
7986,sports,train
9857,sports,train
7110,sports,train
10545,sports,train
7330,sports,train
7266,sports,train
3182,sports,train
8502,sports,train
5635,politics,train
8768,sports,train
1235,sports,train
10536,politics,train
732,sports,train
5243,sports,train
3029,sports,train
11342,sports,train
9652,sports,train
2580,sports,train
9962,sports,train
6780,sports,train
5678,sports,train
11159,sports,train
3319,sports,train
2407,sports,train
10221,sports,train
9662,sports,train
6383,sports,train
1251,sports,train
7844,politics,train
5899,sports,train
10520,sports,train
7591,business,train
4739,business,train
6871,business,train
1285,sports,train
8584,sports,train
1506,sports,train
8420,sports,train
5658,sports,train
4182,sports,train
9316,business,train
6094,sports,train
943,sports,train
2004,sports,train
5625,sports,train
5986,business,train
7351,sports,train
8229,politics,train
9784,sports,train
9740,sports,train
1403,business,train
11377,sports,train
9729,politics,train
8197,business,train
579,sports,train
10057,sports,train
9552,business,train
1721,sports,train
5722,sports,train
9523,business,train
8380,sports,train
7166,sports,train
8618,sports,train
4165,sports,train
1039,sports,train
6183,sports,train
10802,sports,train
3821,sports,train
7164,sports,train
9816,sports,train
10262,sports,train
6630,sports,train
691,sports,train
5376,sports,train
98,sports,train
1768,sports,train
5555,business,train
8324,sports,train
3279,business,train
8644,sports,train
4061,sports,train
4493,politics,train
3020,sports,train
2156,sports,train
5004,sports,train
6127,politics,train
7205,business,train
4343,business,train
9503,sports,train
4386,sports,train
10952,business,train
3759,business,train
2359,sports,train
7751,sports,train
1084,business,train
4682,politics,train
4686,politics,train
7665,sports,train
3657,sports,train
9293,politics,train
5239,sports,train
9852,sports,train
5512,sports,train
3644,politics,train
4046,politics,train
3845,sports,train
5460,sports,train
11420,sports,train
8617,sports,train
4653,business,train
1569,business,train
405,sports,train
9452,politics,train
6102,sports,train
5696,sports,train
83,sports,train
580,sports,train
11136,sports,train
6931,sports,train
3436,politics,train
4590,sports,train
2730,politics,train
5067,sports,train
88,sports,train
10855,sports,train
9539,sports,train
4357,business,train
8626,politics,train
4306,sports,train
11137,business,train
7534,sports,train
6665,politics,train
7713,sports,train
9894,sports,train
9472,sports,train
7526,sports,train
7043,sports,train
919,sports,train
616,sports,train
6275,politics,train
5392,sports,train
9884,politics,train
1431,sports,train
1548,sports,train
11146,sports,train
415,sports,train
2082,politics,train
2941,sports,train
8389,business,train
2041,politics,train
4786,business,train
4931,sports,train
5505,sports,train
3543,sports,train
11234,business,train
5247,business,train
268,sports,train
11065,business,train
3680,sports,train
11425,sports,train
9548,business,train
6677,sports,train
734,sports,train
3206,business,train
10334,politics,train
11259,sports,train
5008,sports,train
8022,politics,train
5648,sports,train
6515,sports,train
4323,politics,train
8146,sports,train
9645,sports,train
6021,sports,train
8099,sports,train
2624,sports,train
1000,sports,train
7661,politics,train
2103,sports,train
6124,sports,train
9737,sports,train
4507,sports,train
5773,sports,train
10654,sports,train
3496,sports,train
7381,politics,train
1234,sports,train
1716,sports,train
3662,sports,train
3853,politics,train
7425,politics,train
4169,sports,train
10571,politics,train
7961,sports,train
2815,sports,train
8118,sports,train
9295,sports,train
7913,business,train
3894,sports,train
1356,sports,train
2906,sports,train
5393,politics,train
11516,sports,train
634,sports,train
9675,politics,train
8261,sports,train
7337,sports,train
2388,sports,train
5303,sports,train
9455,sports,train
9304,sports,train
10593,politics,train
9966,politics,train
9479,sports,train
45,sports,train
9985,sports,train
3409,sports,train
9948,politics,train
1893,business,train
10110,sports,train
6709,politics,train
10806,sports,train
5216,business,train
9017,sports,train
2433,sports,train
747,sports,train
9911,sports,train
5844,sports,train
2997,politics,train
2097,sports,train
4524,politics,train
8362,business,train
2090,sports,train
1681,sports,train
6052,sports,train
8872,sports,train
811,sports,train
4261,sports,train
3509,sports,train
3587,sports,train
11067,business,train
8574,business,train
3595,sports,train
4663,sports,train
11108,business,train
10108,sports,train
3684,politics,train
10285,sports,train
10670,sports,train
2853,sports,train
7310,sports,train
6558,sports,train
7671,sports,train
4638,sports,train
4469,sports,train
5126,sports,train
6166,sports,train
6876,politics,train
9755,business,train
7324,politics,train
3209,politics,train
8608,sports,train
6673,sports,train
10499,sports,train
1673,sports,train
6541,sports,train
10032,sports,train
7367,sports,train
1744,sports,train
2904,sports,train
9499,sports,train
205,sports,train
10312,sports,train
2746,politics,train
1,sports,train
9722,sports,train
3677,politics,train
10084,sports,train
5502,sports,train
5405,business,train
2054,politics,train
5299,sports,train
8570,sports,train
6196,sports,train
1120,sports,train
4422,sports,train
11211,sports,train
9495,politics,train
2977,sports,train
2157,business,train
9724,sports,train
9130,sports,train
2497,sports,train
10042,sports,train
8101,sports,train
4519,sports,train
10052,sports,train
2211,business,train
6580,sports,train
10300,politics,train
3050,sports,train
5894,sports,train
7147,business,train
10427,sports,train
5373,sports,train
6523,sports,train
3692,sports,train
4529,sports,train
6771,sports,train
5377,business,train
6612,sports,train
9997,sports,train
10850,sports,train
611,sports,train
10051,sports,train
684,sports,train
6325,sports,train
199,sports,train
5689,sports,train
7979,sports,train
3588,sports,train
9187,business,train
8858,sports,train
10883,sports,train
10688,sports,train
510,sports,train
3928,sports,train
7861,sports,train
9544,sports,train
2520,business,train
839,business,train
2646,sports,train
4701,sports,train
11254,sports,train
6875,sports,train
626,business,train
4082,sports,train
7613,sports,train
2806,sports,train
5281,business,train
6883,sports,train
9987,sports,train
2614,business,train
3226,sports,train
3766,business,train
9823,sports,train
3586,sports,train
8518,sports,train
6564,sports,train
11256,business,train
1372,sports,train
7338,sports,train
2910,sports,train
170,sports,train
5940,sports,train
262,sports,train
9409,business,train
4620,business,train
4996,business,train
2206,sports,train
5702,sports,train
2483,sports,train
5320,sports,train
4823,business,train
934,sports,train
1194,sports,train
11149,sports,train
3387,sports,train
6857,sports,train
2985,business,train
3721,sports,train
6277,sports,train
8751,business,train
7057,business,train
3100,sports,train
4340,sports,train
11435,sports,train
7077,sports,train
5495,sports,train
187,sports,train
1809,politics,train
9873,sports,train
26,sports,train
10448,sports,train
8765,business,train
31,sports,train
7904,politics,train
2739,sports,train
10185,sports,train
8332,politics,train
2822,sports,train
1509,business,train
8020,sports,train
9092,sports,train
7117,sports,train
2496,sports,train
8431,sports,train
2449,sports,train
3561,business,train
4797,politics,train
9726,sports,train
6503,politics,train
7517,sports,train
11437,sports,train
10019,sports,train
2259,business,train
7121,politics,train
3641,sports,train
3897,sports,train
3173,politics,train
116,sports,train
4617,sports,train
5961,sports,train
3523,politics,train
2229,business,train
7522,sports,train
11054,business,train
4865,politics,train
6557,politics,train
6619,sports,train
3549,business,train
4506,sports,train
8243,business,train
10313,sports,train
143,sports,train
1805,sports,train
2930,sports,train
42,sports,train
11123,business,train
4886,politics,train
1981,sports,train
6850,politics,train
10732,sports,train
5838,sports,train
5931,sports,train
4570,sports,train
1035,sports,train
2722,sports,train
9636,sports,train
293,business,train
11368,sports,train
7521,sports,train
8382,politics,train
9980,sports,train
5148,business,train
4038,sports,train
1570,sports,train
1895,business,train
4939,sports,train
9166,politics,train
7208,sports,train
2641,business,train
1605,sports,train
7049,sports,train
5014,sports,train
8593,sports,train
9350,sports,train
5122,sports,train
10870,sports,train
3876,sports,train
248,business,train
5618,sports,train
7150,sports,train
872,sports,train
6090,politics,train
10373,sports,train
6680,sports,train
2551,business,train
10557,sports,train
2481,business,train
10125,politics,train
6927,politics,train
6631,sports,train
114,sports,train
1447,sports,train
384,sports,train
1762,sports,train
610,sports,train
3961,sports,train
4861,business,train
2242,sports,train
3334,politics,train
11310,sports,train
5478,sports,train
1213,sports,train
6412,business,train
2369,business,train
6856,sports,train
2917,politics,train
8200,sports,train
3679,sports,train
2093,sports,train
9461,sports,train
6696,sports,train
10703,sports,train
2190,sports,train
11413,sports,train
3289,business,train
10024,sports,train
8773,sports,train
2126,sports,train
8947,sports,train
6785,sports,train
4281,business,train
1990,sports,train
7755,sports,train
1104,sports,train
4447,business,train
8521,sports,train
621,sports,train
8337,business,train
8456,sports,train
8996,business,train
3446,sports,train
10485,sports,train
2301,sports,train
4178,sports,train
1620,sports,train
10026,politics,train
1105,sports,train
4926,sports,train
10612,sports,train
9014,sports,train
5009,business,train
7332,politics,train
6621,sports,train
963,sports,train
3027,sports,train
543,sports,train
5698,sports,train
2233,sports,train
3642,sports,train
9247,sports,train
1037,sports,train
7061,sports,train
4773,sports,train
4111,sports,train
6080,sports,train
1222,sports,train
5759,business,train
3712,sports,train
387,business,train
9536,sports,train
3356,sports,train
4283,sports,train
10781,sports,train
10576,politics,train
9175,sports,train
4288,sports,train
5873,sports,train
8143,sports,train
10124,politics,train
1866,business,train
7507,sports,train
1424,sports,train
911,sports,train
3594,sports,train
2464,sports,train
10273,sports,train
4796,sports,train
9547,politics,train
8194,sports,train
3113,sports,train
9830,sports,train
1185,sports,train
4229,sports,train
164,sports,train
8067,business,train
7884,sports,train
7291,business,train
295,business,train
7571,sports,train
3576,sports,train
6256,sports,train
7096,politics,train
1860,business,train
2690,sports,train
8124,sports,train
6885,sports,train
1195,sports,train
1611,sports,train
6290,sports,train
3756,sports,train
5403,sports,train
3133,business,train
10001,sports,train
11339,sports,train
9115,sports,train
5965,sports,train
9068,sports,train
3557,sports,train
8131,politics,train
10975,sports,train
3979,sports,train
10186,sports,train
10970,sports,train
491,business,train
4912,politics,train
6911,sports,train
5480,politics,train
8255,politics,train
935,business,train
3520,sports,train
10909,business,train
4313,business,train
6407,business,train
2401,sports,train
2477,sports,train
10950,sports,train
10577,sports,train
927,sports,train
11476,sports,train
5424,sports,train
4192,politics,train
2330,business,train
2643,sports,train
11453,sports,train
4059,sports,train
1703,sports,train
3314,business,train
8222,sports,train
710,sports,train
10762,sports,train
3686,politics,train
1098,sports,train
154,sports,train
8079,sports,train
9560,sports,train
6689,sports,train
3707,sports,train
8021,business,train
4207,politics,train
7917,sports,train
2155,sports,train
5026,sports,train
3665,sports,train
11479,sports,train
2185,sports,train
8359,sports,train
4510,politics,train
6741,sports,train
11294,sports,train
3252,politics,train
4535,sports,train
5770,sports,train
11218,sports,train
9109,sports,train
10769,sports,train
10923,sports,train
9592,sports,train
4321,sports,train
37,business,train
903,sports,train
2028,business,train
310,sports,train
6340,sports,train
4842,sports,train
503,sports,train
8199,sports,train
3425,sports,train
2963,politics,train
9129,sports,train
8630,sports,train
9584,politics,train
8830,sports,train
22,business,train
9604,sports,train
4733,sports,train
10094,sports,train
8046,sports,train
1246,business,train
10915,sports,train
10686,sports,train
5723,sports,train
1198,sports,train
8349,sports,train
3052,sports,train
3449,sports,train
6710,politics,train
11178,sports,train
6308,sports,train
9880,sports,train
1977,sports,train
8762,sports,train
1252,sports,train
9886,sports,train
369,sports,train
8610,politics,train
4324,sports,train
7082,sports,train
10245,sports,train
10983,sports,train
1564,sports,train
1560,sports,train
6450,sports,train
2762,politics,train
5563,sports,train
993,sports,train
221,sports,train
10702,sports,train
5946,sports,train
1843,politics,train
4455,politics,train
7527,sports,train
4520,sports,train
10220,sports,train
8776,sports,train
2018,sports,train
1558,business,train
11104,sports,train
4427,sports,train
6437,sports,train
4504,sports,train
7032,sports,train
6725,sports,train
11020,business,train
2640,sports,train
11231,sports,train
34,sports,train
10346,sports,train
2785,politics,train
10431,sports,train
10998,politics,train
5406,sports,train
9935,politics,train
590,sports,train
10808,sports,train
517,sports,train
10691,sports,train
10079,sports,train
3599,sports,train
10389,sports,train
4116,sports,train
5150,sports,train
9015,sports,train
3091,sports,train
9926,sports,train
6373,sports,train
8037,sports,train
7327,sports,train
6304,sports,train
8671,sports,train
92,sports,train
1231,business,train
5198,sports,train
2560,sports,train
10374,sports,train
6169,sports,train
5108,sports,train
8155,politics,train
3061,sports,train
4801,business,train
3567,sports,train
6774,business,train
2175,sports,train
608,sports,train
6134,sports,train
2713,politics,train
11358,sports,train
3731,sports,train
9083,sports,train
3365,politics,train
2938,sports,train
5449,sports,train
1749,sports,train
3261,sports,train
3603,sports,train
7237,sports,train
5365,sports,train
11504,politics,train
6675,business,train
11241,sports,train
2827,sports,train
10385,sports,train
1196,sports,train
2199,sports,train
4335,sports,train
717,sports,train
8025,politics,train
11177,sports,train
7500,sports,train
11122,business,train
7331,business,train
10366,business,train
1126,business,train
9899,sports,train
4163,sports,train
0,sports,train
3838,sports,train
8884,sports,train
649,sports,train
1889,business,train
631,sports,train
3764,politics,train
7715,sports,train
1061,sports,train
7769,sports,train
6108,sports,train
8145,sports,train
7020,sports,train
9141,sports,train
5328,sports,train
11201,sports,train
10657,politics,train
5428,sports,train
4276,politics,train
1786,sports,train
3284,sports,train
389,sports,train
356,business,train
9903,politics,train
1757,sports,train
10151,politics,train
5456,sports,train
5718,sports,train
938,sports,train
18,sports,train
9080,sports,train
4465,sports,train
8687,business,train
9665,sports,train
6059,sports,train
508,sports,train
2356,business,train
2507,sports,train
3794,sports,train
598,sports,train
3283,sports,train
8180,sports,train
8785,politics,train
3553,politics,train
3892,sports,train
3829,sports,train
9215,sports,train
9679,sports,train
7369,sports,train
2671,business,train
6185,sports,train
3981,sports,train
4384,sports,train
554,sports,train
1658,sports,train
3086,politics,train
4911,politics,train
770,sports,train
10496,sports,train
10627,sports,train
10635,sports,train
11027,sports,train
5260,business,train
11331,sports,train
7510,sports,train
7209,sports,train
7592,politics,train
11021,business,train
8497,politics,train
4970,politics,train
9878,business,train
10880,sports,train
2408,sports,train
11354,sports,train
1444,sports,train
11145,sports,train
6213,sports,train
7997,sports,train
11094,business,train
7700,sports,train
4179,sports,train
3177,business,train
6462,sports,train
889,sports,train
3117,sports,train
2064,sports,train
7115,business,train
2177,sports,train
3281,politics,train
1573,sports,train
4667,politics,train
10010,business,train
2794,sports,train
2249,sports,train
6902,business,train
2140,business,train
6382,sports,train
4668,sports,train
9657,politics,train
6814,sports,train
102,sports,train
7662,sports,train
7255,politics,train
128,sports,train
4470,sports,train
11284,sports,train
3038,sports,train
4364,sports,train
6674,sports,train
1267,sports,train
694,business,train
9030,sports,train
6687,sports,train
11037,business,train
10012,sports,train
607,sports,train
1563,sports,train
5078,politics,train
3373,business,train
4839,sports,train
5475,politics,train
11091,sports,train
1947,business,train
7556,sports,train
2653,sports,train
7296,politics,train
5600,politics,train
9482,sports,train
3919,sports,train
11032,sports,train
4498,business,train
8955,sports,train
524,sports,train
7225,sports,train
1666,sports,train
10554,sports,train
8978,sports,train
4295,sports,train
7706,sports,train
11359,sports,train
10933,sports,train
1521,business,train
6232,sports,train
3208,sports,train
6117,sports,train
1769,business,train
7103,sports,train
9961,sports,train
10213,sports,train
7420,sports,train
8135,sports,train
4642,sports,train
2724,sports,train
5060,politics,train
8422,sports,train
5151,sports,train
9969,business,train
10518,sports,train
1601,sports,train
9557,politics,train
8110,sports,train
6647,sports,train
5219,sports,train
8428,sports,train
6106,sports,train
8270,sports,train
7320,sports,train
1122,sports,train
7922,sports,train
9305,sports,train
4440,politics,train
7120,sports,train
9449,sports,train
10788,sports,train
1760,sports,train
10458,business,train
9793,sports,train
3059,politics,train
4913,sports,train
5714,sports,train
578,sports,train
7987,sports,train
6093,sports,train
10316,sports,train
7632,sports,train
3687,sports,train
7668,sports,train
8964,politics,train
7241,sports,train
9599,sports,train
1549,sports,train
7923,sports,train
661,sports,train
6526,business,train
3640,sports,train
6976,business,train
10947,sports,train
9555,business,train
6977,sports,train
936,sports,train
6322,politics,train
5234,sports,train
10869,sports,train
8918,sports,train
2118,sports,train
9742,sports,train
8106,sports,train
9723,sports,train
8910,sports,train
10472,sports,train
10651,business,train
9198,sports,train
10172,politics,train
9795,politics,train
1692,sports,train
4273,sports,train
351,sports,train
461,business,train
132,sports,train
4397,sports,train
6967,business,train
8874,politics,train
808,sports,train
5181,sports,train
7415,politics,train
3937,sports,train
8401,sports,train
7797,politics,train
5325,politics,train
840,business,train
9425,politics,train
5246,sports,train
10547,sports,train
4771,sports,train
8622,politics,train
11424,sports,train
9837,sports,train
5781,sports,train
799,sports,train
6572,sports,train
4779,sports,train
4177,sports,train
1932,business,train
906,business,train
7312,business,train
10957,sports,train
7729,sports,train
8167,sports,train
4532,sports,train
4511,politics,train
6588,sports,train
6114,sports,train
2201,sports,train
8373,politics,train
444,sports,train
5778,sports,train
6354,business,train
6546,sports,train
3083,sports,train
6184,sports,train
8258,sports,train
4129,business,train
6452,sports,train
7561,sports,train
1468,sports,train
4521,politics,train
5645,sports,train
624,sports,train
1897,sports,train
4051,sports,train
10628,politics,train
1280,sports,train
3733,sports,train
3161,sports,train
7951,sports,train
3327,sports,train
7977,politics,train
7322,sports,train
2800,sports,train
3439,sports,train
168,sports,train
2073,sports,train
1835,sports,train
4695,politics,train
10758,sports,train
2921,sports,train
5468,sports,train
10780,sports,train
5035,sports,train
104,sports,train
3046,sports,train
8375,sports,train
5768,sports,train
10406,politics,train
1732,sports,train
9177,sports,train
9395,sports,train
8826,sports,train
3989,sports,train
2246,sports,train
8214,sports,train
105,sports,train
7211,sports,train
1287,sports,train
5980,sports,train
6282,sports,train
9804,sports,train
9627,sports,train
8938,sports,train
5876,sports,train
2583,sports,train
8917,sports,train
2344,sports,train
7251,sports,train
514,sports,train
8533,politics,train
5584,politics,train
9274,sports,train
2760,politics,train
7934,sports,train
4161,sports,train
3869,sports,train
6578,sports,train
2579,business,train
8148,sports,train
7830,politics,train
9288,sports,train
10648,sports,train
3232,sports,train
1227,sports,train
2870,politics,train
5737,sports,train
880,sports,train
6045,sports,train
10773,politics,train
1529,business,train
3441,politics,train
6941,politics,train
5109,politics,train
9364,sports,train
2258,sports,train
3473,politics,train
5309,sports,train
6048,politics,train
6549,politics,train
7202,politics,train
3769,sports,train
10498,sports,train
8051,sports,train
1969,sports,train
5252,sports,train
10665,sports,train
7183,sports,train
8392,sports,train
1807,sports,train
1241,sports,train
3471,sports,train
9206,sports,train
887,sports,train
8657,sports,train
3732,sports,train
863,business,train
8410,sports,train
5597,sports,train
7143,politics,train
1635,sports,train
6602,politics,train
302,sports,train
5608,sports,train
463,sports,train
8522,sports,train
5553,politics,train
404,sports,train
9955,sports,train
2102,politics,train
9185,politics,train
3498,sports,train
10583,sports,train
78,sports,train
2060,sports,train
5562,sports,train
7818,sports,train
5183,sports,train
5606,politics,train
11421,sports,train
5149,sports,train
7069,sports,train
81,sports,train
8561,politics,train
10394,sports,train
9263,politics,train
4376,politics,train
9637,sports,train
5041,sports,train
3925,sports,train
8343,sports,train
7364,politics,train
1450,business,train
6568,sports,train
9284,politics,train
7918,sports,train
3350,politics,train
3962,sports,train
4463,sports,train
6520,sports,train
2948,politics,train
8316,sports,train
10661,sports,train
10501,business,train
1117,sports,train
769,politics,train
5848,sports,train
3799,business,train
4848,sports,train
1058,sports,train
9836,sports,train
6279,sports,train
1119,sports,train
8299,sports,train
1264,sports,train
8949,sports,train
1341,politics,train
3288,sports,train
9044,politics,train
5897,sports,train
4202,sports,train
9204,sports,train
663,sports,train
4389,sports,train
3930,business,train
8177,sports,train
8174,sports,train
10022,sports,train
3347,sports,train
4688,business,train
4883,politics,train
4457,sports,train
11011,sports,train
6742,sports,train
3812,sports,train
7424,sports,train
10994,sports,train
9157,sports,train
9000,politics,train
1741,sports,train
7273,sports,train
10798,sports,train
7116,sports,train
7449,sports,train
6458,sports,train
6226,sports,train
11345,sports,train
6092,business,train
8614,business,train
1068,sports,train
8769,sports,train
10145,sports,train
1162,sports,train
9775,sports,train
5276,politics,train
9314,sports,train
1161,sports,train
3238,sports,train
4067,business,train
10036,sports,train
2835,business,train
3830,sports,train
7504,sports,train
4847,business,train
9818,sports,train
6978,sports,train
4849,business,train
1555,sports,train
4180,sports,train
6065,business,train
9794,sports,train
5676,sports,train
1274,sports,train
7244,politics,train
7649,sports,train
10681,sports,train
4442,sports,train
5159,sports,train
4882,sports,train
8358,sports,train
2814,sports,train
10232,politics,train
6973,politics,train
10920,sports,train
4791,sports,train
1705,sports,train
6715,sports,train
4938,sports,train
11290,sports,train
3706,politics,train
424,sports,train
9238,sports,train
6403,business,train
6510,sports,train
7071,sports,train
1900,sports,train
8821,sports,train
4644,sports,train
1150,sports,train
9448,sports,train
836,sports,train
847,sports,train
6500,sports,train
9462,sports,train
4044,sports,train
10170,sports,train
6197,sports,train
263,sports,train
3826,sports,train
9376,sports,train
2451,sports,train
5850,sports,train
3218,sports,train
716,sports,train
5524,politics,train
2990,politics,train
11232,sports,train
4932,business,train
4930,sports,train
11162,sports,train
10378,sports,train
10572,politics,train
3204,sports,train
2768,sports,train
1838,sports,train
7037,politics,train
6082,sports,train
8445,sports,train
10592,sports,train
9566,business,train
8411,sports,train
8605,sports,train
4423,business,train
559,sports,train
11336,sports,train
10408,sports,train
9218,sports,train
9561,sports,train
10031,sports,train
11007,business,train
5259,business,train
2089,sports,train
9694,sports,train
3908,sports,train
3092,sports,train
4876,sports,train
365,sports,train
1784,sports,train
10929,business,train
2950,business,train
3244,sports,train
2840,sports,train
3342,sports,train
3452,sports,train
3454,sports,train
920,sports,train
8504,sports,train
6707,politics,train
3609,sports,train
11431,sports,train
9359,sports,train
4768,politics,train
7219,sports,train
159,sports,train
10470,politics,train
6822,sports,train
1353,sports,train
10096,sports,train
1663,sports,train
5522,sports,train
8732,sports,train
9868,politics,train
9829,sports,train
3629,sports,train
4237,business,train
8788,politics,train
6884,politics,train
3791,business,train
505,sports,train
10426,sports,train
3065,politics,train
1552,sports,train
849,sports,train
10177,sports,train
4264,sports,train
3540,sports,train
3005,sports,train
2223,sports,train
1725,sports,train
5973,sports,train
5191,sports,train
6905,business,train
3060,sports,train
9691,politics,train
8186,sports,train
2396,sports,train
9040,politics,train
4332,politics,train
43,sports,train
4073,sports,train
1055,sports,train
1753,sports,train
7879,sports,train
9362,sports,train
38,sports,train
959,sports,train
5341,sports,train
1045,sports,train
23,sports,train
10143,politics,train
7985,business,train
3248,sports,train
9120,sports,train
2159,sports,train
2006,sports,train
1121,sports,train
7952,sports,train
11357,sports,train
7432,sports,train
376,sports,train
125,sports,train
8894,sports,train
9611,sports,train
2519,sports,train
5133,sports,train
243,sports,train
4366,sports,train
2779,politics,train
3375,politics,train
7476,sports,train
6650,sports,train
2953,business,train
7812,sports,train
2715,sports,train
6417,sports,train
8298,sports,train
3276,politics,train
2310,sports,train
6375,sports,train
7130,sports,train
10090,business,train
1127,sports,train
9052,sports,train
2535,sports,train
10742,sports,train
1631,sports,train
3488,sports,train
10981,sports,train
10452,sports,train
2204,sports,train
10750,sports,train
9079,sports,train
10838,sports,train
5866,politics,train
10087,sports,train
5694,sports,train
10770,sports,train
8823,business,train
2540,sports,train
11268,sports,train
1508,sports,train
9588,sports,train
3239,sports,train
3691,sports,train
7940,sports,train
628,sports,train
5915,sports,train
9616,sports,train
3338,politics,train
7145,sports,train
6413,business,train
2119,business,train
5251,sports,train
11434,sports,train
7060,sports,train
414,sports,train
1503,sports,train
11098,business,train
9586,sports,train
4267,sports,train
11505,sports,train
11338,sports,train
6989,sports,train
5878,sports,train
11316,sports,train
2381,sports,train
8240,sports,train
2504,sports,train
4756,sports,train
572,sports,train
7703,sports,train
4793,sports,train
6331,sports,train
5983,politics,train
8503,sports,train
6202,sports,train
9272,sports,train
5485,sports,train
3972,sports,train
9728,sports,train
2672,business,train
2956,business,train
8921,sports,train
10157,sports,train
2278,business,train
2974,sports,train
4713,sports,train
2076,sports,train
724,sports,train
5071,sports,train
2877,politics,train
6596,business,train
276,business,train
9922,business,train
8814,sports,train
7036,sports,train
7739,sports,train
5559,sports,train
4624,sports,train
11263,sports,train
7301,sports,train
4050,sports,train
7194,business,train
7051,sports,train
5415,business,train
1036,sports,train
2130,sports,train
2585,sports,train
7677,sports,train
11353,sports,train
6200,business,train
7530,sports,train
7282,sports,train
1973,sports,train
9573,sports,train
9677,sports,train
4612,sports,train
9900,sports,train
377,business,train
5919,business,train
1572,sports,train
8684,politics,train
6374,business,train
353,sports,train
9995,sports,train
7021,sports,train
1980,business,train
10974,sports,train
3366,sports,train
9208,politics,train
2654,sports,train
9046,sports,train
3114,business,train
10413,sports,train
1215,sports,train
7495,sports,train
1653,sports,train
3635,business,train
8153,sports,train
929,sports,train
10067,sports,train
3931,politics,train
2919,politics,train
5314,sports,train
5565,politics,train
2987,politics,train
10370,politics,train
8984,sports,train
6654,politics,train
1379,sports,train
10397,business,train
4362,sports,train
1382,sports,train
5952,sports,train
3840,sports,train
3364,politics,train
1568,sports,train
10252,sports,train
15,sports,train
4458,sports,train
6353,politics,train
2864,sports,train
5898,sports,train
273,sports,train
5556,politics,train
3760,politics,train
5747,sports,train
1480,sports,train
7108,politics,train
3634,business,train
6505,business,train
7611,sports,train
3138,sports,train
8391,sports,train
3841,sports,train
371,business,train
3195,politics,train
5567,business,train
1113,sports,train
4537,sports,train
7053,sports,train
630,business,train
5626,sports,train
9602,sports,train
7436,business,train
7580,sports,train
8117,sports,train
6107,sports,train
10193,sports,train
9833,sports,train
3442,politics,train
4800,sports,train
4809,sports,train
3275,sports,train
6286,politics,train
51,sports,train
7953,sports,train
2457,sports,train
7054,sports,train
7708,sports,train
5951,business,train
9193,sports,train
9785,sports,train
5011,politics,train
741,sports,train
4233,politics,train
8881,sports,train
8126,sports,train
4411,sports,train
5959,sports,train
2027,sports,train
9854,sports,train
3784,business,train
5578,sports,train
2628,sports,train
2581,business,train
4350,sports,train
635,sports,train
9034,sports,train
10990,sports,train
2252,sports,train
6824,sports,train
8182,sports,train
2642,sports,train
8517,sports,train
5574,sports,train
7949,sports,train
11355,business,train
437,sports,train
5006,sports,train
8812,sports,train
7441,sports,train
5002,sports,train
6222,sports,train
11384,sports,train
3085,sports,train
10794,sports,train
6281,sports,train
11216,sports,train
5582,sports,train
5624,sports,train
5751,sports,train
10493,business,train
1798,sports,train
5010,sports,train
6367,sports,train
9964,politics,train
8691,sports,train
10712,sports,train
1752,sports,train
1177,sports,train
10142,sports,train
4151,sports,train
7040,sports,train
3926,sports,train
335,sports,train
4928,sports,train
9399,sports,train
2498,sports,train
11393,sports,train
4518,sports,train
2749,sports,train
3497,sports,train
3999,politics,train
6212,sports,train
10167,sports,train
9268,sports,train
9098,politics,train
322,sports,train
5272,business,train
10088,politics,train
7220,sports,train
1211,sports,train
8832,politics,train
11513,sports,train
8948,sports,train
8668,politics,train
5909,sports,train
8179,sports,train
5939,politics,train
6666,business,train
7285,sports,train
10130,sports,train
3231,sports,train
7334,politics,train
9375,politics,train
9920,sports,train
3019,sports,train
6315,politics,train
3880,politics,train
4334,sports,train
1863,sports,train
4948,sports,train
2488,sports,train
7938,sports,train
1617,sports,train
5654,politics,train
8134,sports,train
1396,sports,train
9814,sports,train
1434,sports,train
5451,politics,train
2380,sports,train
5713,sports,train
6056,business,train
2062,business,train
10797,politics,train
10093,politics,train
2767,politics,train
2550,sports,train
5711,sports,train
10731,sports,train
736,sports,train
8088,business,train
9946,sports,train
4446,sports,train
5767,sports,train
2593,sports,train
9387,politics,train
10407,sports,train
6142,politics,train
8005,sports,train
1665,sports,train
10919,sports,train
498,business,train
196,sports,train
1435,sports,train
8590,sports,train
4243,politics,train
4856,sports,train
7295,sports,train
1247,sports,train
10767,sports,train
6746,politics,train
11486,sports,train
3118,sports,train
5156,sports,train
6972,politics,train
3145,sports,train
6833,sports,train
9209,politics,train
5888,sports,train
5455,sports,train
5921,sports,train
6830,politics,train
1402,sports,train
9377,sports,train
7247,sports,train
8673,sports,train
11247,sports,train
7458,politics,train
6767,sports,train
7433,sports,train
10146,politics,train
3899,politics,train
9463,sports,train
2686,sports,train
9332,sports,train
11441,sports,train
4079,sports,train
5258,sports,train
7836,sports,train
6889,business,train
9307,sports,train
6728,politics,train
8681,sports,train
5885,sports,train
6540,sports,train
3110,sports,train
6538,sports,train
7792,sports,train
5967,sports,train
8056,sports,train
6507,sports,train
2962,politics,train
10633,politics,train
10276,sports,train
3221,sports,train
8122,business,train
2566,business,train
873,sports,train
11445,sports,train
7972,sports,train
7577,sports,train
2104,business,train
9701,politics,train
6276,politics,train
1432,sports,train
269,sports,train
8745,sports,train
407,sports,train
3062,politics,train
10376,sports,train
7407,sports,train
5467,sports,train
5968,sports,train
6350,sports,train
8061,sports,train
3405,sports,train
6033,sports,train
9802,sports,train
1063,sports,train
6913,sports,train
5816,sports,train
2558,business,train
11168,sports,train
6161,sports,train
2151,sports,train
623,sports,train
3837,business,train
8529,sports,train
2191,business,train
2035,business,train
2769,politics,train
8609,sports,train
7898,sports,train
9773,politics,train
2003,sports,train
6533,sports,train
10674,sports,train
8402,politics,train
4794,sports,train
10697,sports,train
8531,politics,train
11322,sports,train
5700,sports,train
2683,sports,train
881,sports,train
9596,sports,train
7350,sports,train
2088,sports,train
868,business,train
9110,sports,train
6070,sports,train
4279,sports,train
9860,sports,train
3149,sports,train
7227,sports,train
9623,politics,train
3333,sports,train
2541,sports,train
1621,business,train
7182,sports,train
4673,sports,train
11376,sports,train
3871,sports,train
10775,sports,train
4854,sports,train
5750,sports,train
11194,sports,train
622,sports,train
1696,sports,train
5163,politics,train
7086,sports,train
8799,sports,train
9801,business,train
8429,business,train
9309,sports,train
2462,sports,train
7306,sports,train
2590,business,train
3718,politics,train
803,sports,train
6170,sports,train
2755,sports,train
4370,sports,train
7265,sports,train
7212,politics,train
2391,sports,train
5664,sports,train
4452,sports,train
7274,sports,train
8430,business,train
7342,sports,train
7968,business,train
6627,sports,train
5284,sports,train
9716,politics,train
1172,business,train
8077,sports,train
8564,business,train
10558,sports,train
10825,sports,train
8193,sports,train
1678,sports,train
6810,sports,train
10053,sports,train
6443,sports,train
822,sports,train
7068,sports,train
3137,sports,train
9105,sports,train
6000,business,train
10159,sports,train
492,sports,train
10243,sports,train
9908,sports,train
4025,sports,train
6347,sports,train
4976,sports,train
2719,sports,train
8937,business,train
8919,sports,train
7539,sports,train
4045,sports,train
10392,sports,train
1910,politics,train
10553,sports,train
4068,politics,train
8870,sports,train
8171,sports,train
9983,politics,train
412,sports,train
7842,sports,train
3293,sports,train
5865,sports,train
5115,business,train
6446,sports,train
7344,sports,train
9051,politics,train
3012,sports,train
2419,sports,train
7059,sports,train
1442,sports,train
9,sports,train
3911,politics,train
8175,sports,train
1155,sports,train
10626,sports,train
7397,sports,train
7654,politics,train
10007,sports,train
5349,politics,train
5295,sports,train
4286,sports,train
8341,sports,train
7316,politics,train
7503,sports,train
8827,sports,train
2480,sports,train
4826,sports,train
4690,sports,train
9320,sports,train
145,sports,train
8490,sports,train
8554,sports,train
10477,sports,train
4356,business,train
7418,sports,train
10944,sports,train
3582,business,train
4640,sports,train
11087,business,train
1461,sports,train
10984,politics,train
4037,politics,train
1868,sports,train
7079,politics,train
7892,sports,train
10184,sports,train
851,sports,train
11063,business,train
7693,politics,train
896,sports,train
10534,sports,train
10437,sports,train
10632,politics,train
8033,sports,train
11334,sports,train
6026,business,train
3464,sports,train
609,sports,train
3493,politics,train
7848,politics,train
5710,politics,train
8342,sports,train
2534,sports,train
10784,sports,train
11214,sports,train
6655,business,train
2888,sports,train
2554,sports,train
5128,sports,train
297,business,train
6192,politics,train
1815,sports,train
8624,sports,train
4285,politics,train
6130,sports,train
2406,sports,train
1578,sports,train
4572,sports,train
7617,business,train
6513,sports,train
9035,sports,train
5620,sports,train
9353,sports,train
6089,sports,train
3631,sports,train
1408,sports,train
9934,sports,train
2068,sports,train
8965,sports,train
10306,sports,train
1612,sports,train
1954,sports,train
7289,sports,train
1873,sports,train
122,sports,train
10693,sports,train
8606,politics,train
9203,sports,train
9674,sports,train
8363,sports,train
3237,sports,train
6253,sports,train
4246,sports,train
2553,sports,train
8775,sports,train
7348,sports,train
4607,sports,train
576,sports,train
3887,business,train
9526,sports,train
7743,sports,train
3243,sports,train
5482,politics,train
10324,politics,train
5806,sports,train
5171,sports,train
6645,business,train
6371,sports,train
9993,sports,train
2812,sports,train
7160,sports,train
9651,sports,train
5457,sports,train
5836,sports,train
6626,sports,train
11192,sports,train
2152,sports,train
1297,sports,train
11006,business,train
2033,sports,train
7910,sports,train
10737,sports,train
7610,sports,train
2050,politics,train
10037,business,train
5926,politics,train
5782,sports,train
7375,business,train
1275,sports,train
10867,sports,train
6181,sports,train
3541,sports,train
8393,sports,train
10566,sports,train
2569,business,train
9522,sports,train
3507,sports,train
9817,sports,train
8583,sports,train
1933,sports,train
1785,sports,train
5780,sports,train
2213,sports,train
2810,sports,train
5358,politics,train
7090,politics,train
8136,sports,train
5777,business,train
9483,sports,train
3290,politics,train
4900,sports,train
5278,sports,train
1324,sports,train
4007,sports,train
7186,sports,train
8633,sports,train
4265,politics,train
956,sports,train
3959,sports,train
875,business,train
10248,sports,train
10826,politics,train
11071,sports,train
11114,business,train
10740,sports,train
6782,politics,train
5033,sports,train
10264,sports,train
4418,politics,train
9074,sports,train
5093,sports,train
9104,politics,train
10076,sports,train
4700,sports,train
4365,sports,train
4473,sports,train
1175,sports,train
10965,sports,train
9031,sports,train
4905,politics,train
5587,sports,train
4974,sports,train
7280,politics,train
7287,business,train
6334,business,train
1534,business,train
3379,sports,train
7174,sports,train
9259,sports,train
4467,sports,train
867,sports,train
7177,sports,train
4414,politics,train
5667,sports,train
7764,business,train
10447,sports,train
1634,business,train
11209,sports,train
4433,sports,train
8761,business,train
9917,sports,train
8405,sports,train
3383,sports,train
8997,sports,train
2172,sports,train
7629,politics,train
5317,sports,train
967,business,train
3512,sports,train
4709,sports,train
7826,sports,train
1163,sports,train
3508,sports,train
2145,business,train
8355,sports,train
8351,sports,train
4744,business,train
3742,sports,train
6321,sports,train
6478,business,train
7634,sports,train
3287,politics,train
7189,sports,train
11190,sports,train
1438,sports,train
2364,sports,train
6947,sports,train
5065,sports,train
7745,sports,train
4803,sports,train
6739,sports,train
9393,sports,train
962,sports,train
7062,sports,train
9545,sports,train
10694,sports,train
9502,sports,train
10176,sports,train
5107,sports,train
7076,sports,train
10528,sports,train
3395,sports,train
4692,sports,train
10910,politics,train
11402,sports,train
2736,sports,train
2505,sports,train
1214,sports,train
4315,politics,train
940,business,train
3909,sports,train
8679,sports,train
8030,sports,train
9654,sports,train
7675,sports,train
10396,sports,train
6659,politics,train
5862,sports,train
5012,sports,train
9774,politics,train
7083,politics,train
8915,sports,train
10524,sports,train
9032,sports,train
73,business,train
2245,sports,train
1268,sports,train
2340,sports,train
6964,sports,train
2819,business,train
3957,sports,train
7022,sports,train
9941,sports,train
11172,sports,train
2568,business,train
11307,sports,train
11433,sports,train
237,sports,train
9936,sports,train
6839,sports,train
10709,sports,train
3670,sports,train
3997,sports,train
3455,politics,train
10751,sports,train
2681,sports,train
3699,sports,train
10008,sports,train
1504,sports,train
7558,business,train
5375,sports,train
5812,sports,train
10533,sports,train
891,sports,train
7453,sports,train
10925,sports,train
9360,sports,train
10181,business,train
1355,sports,train
10009,sports,train
4302,sports,train
7243,sports,train
9881,sports,train
2677,sports,train
789,sports,train
11217,sports,train
1202,sports,train
10777,sports,train
1230,business,train
4837,sports,train
3625,sports,train
485,sports,train
11160,sports,train
10095,sports,train
892,sports,train
5726,sports,train
3310,sports,train
8604,sports,train
10233,sports,train
8835,sports,train
8825,sports,train
6406,sports,train
560,sports,train
10815,sports,train
6986,politics,train
9326,sports,train
204,sports,train
8833,business,train
10259,sports,train
3477,politics,train
2106,business,train
10564,sports,train
3341,sports,train
10816,politics,train
6485,sports,train
4103,sports,train
4953,business,train
8434,sports,train
1179,sports,train
3643,sports,train
3357,sports,train
6835,sports,train
728,sports,train
3198,sports,train
11323,politics,train
2774,sports,train
9613,sports,train
3494,sports,train
5374,sports,train
3378,sports,train
7498,sports,train
4006,sports,train
5896,sports,train
5339,business,train
8471,politics,train
495,sports,train
11299,business,train
3034,politics,train
9867,business,train
1072,sports,train
6278,sports,train
7286,sports,train
8377,politics,train
4608,politics,train
477,business,train
10897,politics,train
5803,sports,train
11045,business,train
7213,business,train
10809,politics,train
1702,sports,train
4860,sports,train
971,sports,train
4798,sports,train
3190,sports,train
10647,sports,train
7799,sports,train
6509,sports,train
2142,sports,train
9338,politics,train
10602,politics,train
5225,sports,train
2397,sports,train
7781,sports,train
7222,politics,train
10383,sports,train
2601,business,train
7862,sports,train
7827,sports,train
5168,sports,train
1380,business,train
10580,sports,train
5541,business,train
9419,politics,train
6993,sports,train
7502,sports,train
705,business,train
5665,sports,train
8942,sports,train
2789,sports,train
10377,sports,train
4403,sports,train
4344,sports,train
9125,sports,train
4008,politics,train
215,sports,train
3789,sports,train
1714,business,train
2061,sports,train
1943,business,train
5434,sports,train
4613,sports,train
10862,sports,train
11164,sports,train
1452,sports,train
3193,sports,train
8520,sports,train
1343,sports,train
10330,sports,train
9019,sports,train
3407,sports,train
312,business,train
5253,sports,train
2994,politics,train
8113,sports,train
3074,sports,train
7170,sports,train
1051,sports,train
291,business,train
2731,politics,train
6333,business,train
3466,sports,train
3481,sports,train
1962,politics,train
9585,sports,train
8226,politics,train
1561,sports,train
10971,sports,train
5883,sports,train
7937,sports,train
9767,politics,train
3697,sports,train
1730,sports,train
2675,politics,train
11418,sports,train
9808,sports,train
2,sports,train
876,sports,train
779,sports,train
7339,sports,train
4817,sports,train
1094,sports,train
6894,sports,train
4184,sports,train
3651,politics,train
5662,politics,train
7624,sports,train
3607,politics,train
947,sports,train
1771,sports,train
9556,sports,train
6391,sports,train
8845,sports,train
1346,sports,train
4121,sports,train
4710,sports,train
8672,sports,train
355,business,train
2007,sports,train
3172,sports,train
4513,sports,train
5447,politics,train
9300,sports,train
3920,sports,train
2357,sports,train
4808,sports,train
4062,sports,train
2894,politics,train
117,sports,train
7064,sports,train
3054,sports,train
9655,sports,train
9719,sports,train
2295,sports,train
381,sports,train
10749,sports,train
10401,politics,train
6250,business,train
224,business,train
1233,politics,train
213,sports,train
556,politics,train
11142,sports,train
9619,sports,train
10560,sports,train
7309,sports,train
364,sports,train
4600,sports,train
4569,sports,train
8789,politics,train
6457,business,train
10787,sports,train
152,sports,train
25,sports,train
9733,sports,train
1322,business,train
10790,business,train
6620,sports,train
10453,sports,train
1065,sports,train
5762,politics,train
6501,sports,train
8015,sports,train
8790,sports,train
10799,sports,train
5933,sports,train
5514,sports,train
4662,sports,train
5821,politics,train
10225,sports,train
6733,business,train
8675,sports,train
6934,sports,train
7137,sports,train
7465,sports,train
1974,sports,train
2845,sports,train
3217,sports,train
11076,sports,train
9757,sports,train
1861,sports,train
1174,sports,train
5438,sports,train
4936,sports,train
856,sports,train
3416,politics,train
6743,sports,train
7909,sports,train
2257,sports,train
3544,sports,train
1726,sports,train
1327,sports,train
2362,politics,train
4374,politics,train
10879,business,train
6502,politics,train
1606,sports,train
8535,business,train
6148,politics,train
6813,politics,train
7903,business,train
6682,sports,train
3151,sports,train
4666,sports,train
9579,politics,train
9769,politics,train
2216,business,train
6636,sports,train
8800,politics,train
1145,sports,train
11265,sports,train
2350,sports,train
2219,sports,train
11412,sports,train
3325,business,train
2393,sports,train
9421,sports,train
5858,sports,train
523,sports,train
10194,sports,train
10834,sports,train
11374,sports,train
3230,sports,train
8388,sports,train
69,sports,train
440,sports,train
7171,sports,train
7763,business,train
9815,sports,train
9158,sports,train
8125,sports,train
8885,sports,train
4317,politics,train
745,sports,train
2032,business,train
9843,politics,train
843,sports,train
4325,sports,train
7881,business,train
7321,sports,train
11200,sports,train
9147,sports,train
8031,business,train
1237,sports,train
5354,sports,train
4810,sports,train
10187,sports,train
1073,business,train
750,business,train
10927,sports,train
2973,business,train
10886,politics,train
1854,sports,train
4063,sports,train
9126,sports,train
3406,sports,train
9888,sports,train
10100,sports,train
2276,sports,train
7426,politics,train
4873,politics,train
3369,sports,train
11051,business,train
4981,sports,train
5248,politics,train
4413,sports,train
5172,politics,train
1306,sports,train
2058,sports,train
85,business,train
7959,sports,train
662,sports,train
5479,sports,train
4850,business,train
10063,business,train
9406,business,train
11017,business,train
1535,sports,train
2782,politics,train
1770,business,train
3924,sports,train
207,sports,train
2101,sports,train
9011,sports,train
4201,sports,train
7141,sports,train
6952,sports,train
9467,sports,train
6865,sports,train
8251,politics,train
7437,business,train
8052,sports,train
807,business,train
2228,sports,train
11018,business,train
7919,sports,train
10701,sports,train
7801,sports,train
8191,politics,train
3141,sports,train
6784,sports,train
1310,sports,train
179,sports,train
10072,sports,train
5402,sports,train
10745,politics,train
1626,business,train
4774,sports,train
6434,sports,train
7553,sports,train
3554,politics,train
10077,politics,train
7094,sports,train
10941,sports,train
8367,sports,train
2055,sports,train
4462,sports,train
1490,sports,train
1720,sports,train
1414,sports,train
3415,sports,train
3562,politics,train
357,sports,train
6125,sports,train
7698,sports,train
5775,sports,train
6264,business,train
3444,politics,train
6240,sports,train
6251,sports,train
4752,sports,train
1985,business,train
4124,sports,train
6490,politics,train
1013,sports,train
1975,sports,train
11465,sports,train
4031,business,train
5154,sports,train
3087,sports,train
11500,business,train
4815,sports,train
2114,business,train
6214,politics,train
7231,sports,train
4764,sports,train
9612,sports,train
6615,sports,train
3413,politics,train
77,sports,train
4955,sports,train
6809,sports,train
8813,sports,train
348,business,train
921,sports,train
5918,sports,train
9439,sports,train
10622,sports,train
2370,business,train
4367,politics,train
7993,business,train
4035,sports,train
4750,sports,train
8017,sports,train
7867,sports,train
1109,sports,train
4980,sports,train
8735,sports,train
1643,sports,train
1470,sports,train
10182,politics,train
5776,sports,train
6657,sports,train
9968,sports,train
1495,sports,train
3860,sports,train
10083,sports,train
4824,politics,train
11416,sports,train
8760,politics,train
7486,sports,train
6218,sports,train
8989,sports,train
1711,business,train
7645,politics,train
8990,sports,train
2662,sports,train
5680,business,train
5887,sports,train
8958,sports,train
5989,sports,train
9433,sports,train
6757,sports,train
3453,sports,train
9114,sports,train
9906,sports,train
8081,sports,train
6433,sports,train
10796,sports,train
7156,sports,train
7488,sports,train
8283,sports,train
2161,business,train
10308,sports,train
4475,politics,train
10411,sports,train
5809,sports,train
10280,sports,train
4024,sports,train
49,sports,train
5423,sports,train
951,sports,train
3867,sports,train
10772,sports,train
7195,sports,train
9081,sports,train
8090,business,train
8753,sports,train
7371,sports,train
10839,sports,train
3099,sports,train
1857,sports,train
1567,sports,train
7005,sports,train
6756,sports,train
8123,sports,train
7214,sports,train
4193,sports,train
7281,business,train
11128,sports,train
1422,sports,train
4338,sports,train
2424,sports,train
3090,sports,train
512,sports,train
4054,sports,train
11191,sports,train
2572,business,train
55,sports,train
7666,sports,train
10140,sports,train
6261,sports,train
4780,politics,train
10081,politics,train
10888,sports,train
9072,politics,train
8680,sports,train
1616,business,train
3659,sports,train
1018,sports,train
9118,sports,train
10601,sports,train
6804,sports,train
709,sports,train
8039,politics,train
9303,sports,train
11195,business,train
4272,sports,train
1526,sports,train
4867,business,train
1810,sports,train
8725,politics,train
4222,sports,train
3511,politics,train
4853,business,train
9978,sports,train
11460,sports,train
4827,sports,train
4747,politics,train
2284,business,train
9504,sports,train
1656,sports,train
5813,sports,train
7877,business,train
5889,politics,train
3176,politics,train
6701,sports,train
7207,business,train
8899,sports,train
8446,business,train
9078,sports,train
8184,sports,train
11219,sports,train
8370,sports,train
1723,sports,train
7967,politics,train
9756,sports,train
2957,politics,train
11349,business,train
8774,sports,train
7823,sports,train
7080,sports,train
9138,sports,train
6820,politics,train
7696,sports,train
6390,sports,train
7856,sports,train
1482,business,train
10011,sports,train
6847,politics,train
2351,sports,train
8781,sports,train
3478,sports,train
11111,business,train
5811,sports,train
8045,business,train
7477,sports,train
5144,sports,train
9529,sports,train
10653,sports,train
5271,sports,train
7373,sports,train
5056,sports,train
9201,politics,train
570,business,train
4657,sports,train
7786,sports,train
577,sports,train
1766,sports,train
10942,sports,train
8879,politics,train
8855,politics,train
3013,sports,train
10367,sports,train
9445,sports,train
551,sports,train
2621,politics,train
3249,business,train
4309,politics,train
4639,sports,train
8432,sports,train
2883,sports,train
9402,business,train
1698,sports,train
540,sports,train
11450,business,train
1255,sports,train
4588,sports,train
110,business,train
9234,sports,train
10387,sports,train
882,business,train
8481,sports,train
1437,sports,train
9667,sports,train
11140,business,train
9780,sports,train
5391,politics,train
8700,sports,train
11055,business,train
1577,sports,train
7111,politics,train
2650,sports,train
6385,sports,train
5147,sports,train
139,sports,train
3538,sports,train
157,sports,train
2303,sports,train
10339,sports,train
3219,politics,train
11246,sports,train
5205,politics,train
2862,sports,train
538,sports,train
3259,sports,train
10515,sports,train
1049,sports,train
11296,sports,train
602,sports,train
6907,sports,train
10568,sports,train
4528,sports,train
10449,politics,train
8625,politics,train
5508,sports,train
9276,sports,train
2980,sports,train
10284,sports,train
6831,politics,train
10198,business,train
5283,business,train
6430,sports,train
1148,sports,train
1409,sports,train
4683,politics,train
3767,sports,train
8752,sports,train
3758,sports,train
3893,sports,train
6722,sports,train
8888,sports,train
9194,sports,train
3569,sports,train
244,business,train
6843,sports,train
4482,sports,train
7628,sports,train
6165,sports,train
9858,sports,train
8922,sports,train
9578,sports,train
3102,sports,train
2317,business,train
4096,sports,train
8987,sports,train
1110,sports,train
11129,sports,train
318,sports,train
10156,sports,train
5572,sports,train
5237,sports,train
6280,politics,train
7682,sports,train
6760,sports,train
5523,sports,train
9956,sports,train
2020,sports,train
6199,politics,train
5182,sports,train
1704,sports,train
6901,sports,train
5982,politics,train
10205,sports,train
6609,sports,train
1171,sports,train
1731,sports,train
6001,politics,train
10804,sports,train
10425,sports,train
7474,business,train
10821,politics,train
5831,business,train
10912,sports,train
11404,sports,train
1965,sports,train
6424,sports,train
1342,sports,train
4718,politics,train
9260,sports,train
7692,business,train
8488,sports,train
11366,sports,train
9205,sports,train
8233,politics,train
10132,sports,train
6925,sports,train
7841,sports,train
10386,sports,train
9782,politics,train
4901,sports,train
7140,sports,train
10153,politics,train
7676,sports,train
7824,sports,train
901,sports,train
5242,politics,train
8187,politics,train
8909,sports,train
10148,sports,train
8130,sports,train
178,sports,train
11518,business,train
1870,business,train
5431,sports,train
11170,sports,train
3178,business,train
4602,sports,train
2084,business,train
5322,sports,train
6215,sports,train
1767,sports,train
3809,sports,train
1600,business,train
7631,sports,train
2440,sports,train
7633,sports,train
5577,sports,train
5971,sports,train
4353,sports,train
72,sports,train
8848,sports,train
2981,sports,train
2352,sports,train
2764,politics,train
6064,sports,train
9287,sports,train
10282,sports,train
8974,sports,train
6591,sports,train
10040,sports,train
9659,sports,train
9266,sports,train
2747,sports,train
6318,sports,train
2070,sports,train
5637,sports,train
8512,sports,train
6618,politics,train
3048,sports,train
3040,politics,train
2969,sports,train
4665,sports,train
11340,sports,train
9589,sports,train
2404,sports,train
643,sports,train
8279,sports,train
3240,sports,train
3223,sports,train
5024,business,train
8273,sports,train
2095,sports,train
2254,sports,train
9004,business,train
10046,sports,train
6589,sports,train
4301,sports,train
9134,sports,train
309,sports,train
9574,sports,train
9443,sports,train
3370,sports,train
8676,sports,train
266,sports,train
2196,sports,train
4548,sports,train
3572,business,train
10409,politics,train
9707,sports,train
5139,politics,train
4595,sports,train
5868,sports,train
9282,sports,train
5984,business,train
5190,politics,train
5669,sports,train
10234,business,train
10318,sports,train
2146,sports,train
5040,politics,train
6422,business,train
6683,sports,train
5936,sports,train
11491,sports,train
11439,sports,train
2992,sports,train
9879,politics,train
553,business,train
8289,business,train
5351,sports,train
52,sports,train
2605,sports,train
5709,politics,train
7192,sports,train
3560,politics,train
1038,sports,train
3014,sports,train
9042,sports,train
9575,sports,train
4259,business,train
6789,sports,train
7494,politics,train
5366,politics,train
3320,sports,train
6860,sports,train
8708,sports,train
4802,sports,train
4030,politics,train
6320,sports,train
9533,sports,train
10058,sports,train
2666,sports,train
11038,business,train
3978,politics,train
2611,business,train
6904,politics,train
6359,sports,train
4502,sports,train
4698,sports,train
10589,sports,train
8482,sports,train
11060,business,train
5516,sports,train
4975,business,train
9646,sports,train
4341,politics,train
4722,sports,train
1164,business,train
9690,business,train
8712,sports,train
11206,sports,train
5660,sports,train
10191,sports,train
6054,business,train
10911,politics,train
10903,politics,train
6079,business,train
9760,politics,train
7646,politics,train
5794,sports,train
6061,sports,train
8447,politics,train
1742,sports,train
3495,sports,train
2272,business,train
10730,sports,train
11302,sports,train
11147,business,train
7276,sports,train
6730,sports,train
8589,sports,train
10286,politics,train
6040,sports,train
1536,business,train
386,business,train
1967,politics,train
8216,sports,train
11188,sports,train
6329,politics,train
8744,sports,train
9543,sports,train
522,sports,train
930,sports,train
6112,politics,train
7889,sports,train
1763,sports,train
8489,sports,train
2926,sports,train
3843,politics,train
9418,politics,train
2038,sports,train
9339,sports,train
8945,sports,train
2901,sports,train
6438,sports,train
9673,sports,train
3943,sports,train
4669,business,train
8525,sports,train
5842,business,train
2493,sports,train
307,business,train
8782,sports,train
3537,politics,train
7930,sports,train
6776,sports,train
9152,sports,train
633,sports,train
8271,sports,train
1689,business,train
9018,sports,train
11315,business,train
306,sports,train
9710,sports,train
755,sports,train
7378,sports,train
417,business,train
4172,sports,train
6908,sports,train
9420,sports,train
7798,politics,train
1354,sports,train
11012,sports,train
9434,sports,train
36,sports,train
5162,business,train
4479,sports,train
6392,sports,train
1818,business,train
259,sports,train
3807,business,train
4138,sports,train
7999,politics,train
11320,sports,train
9440,politics,train
6203,sports,train
10699,sports,train
9490,sports,train
10104,sports,train
1091,sports,train
10786,sports,train
2826,sports,train
6846,sports,train
10380,politics,train
1587,business,train
3154,sports,train
6288,politics,train
10907,sports,train
3873,sports,train
6349,sports,train
9481,sports,train
10586,sports,train
2222,sports,train
186,business,train
2432,sports,train
7031,sports,train
9863,business,train
5560,sports,train
9864,sports,train
1648,business,train
3941,sports,train
8247,sports,train
7155,politics,train
10508,sports,train
5210,sports,train
2574,sports,train
10598,sports,train
3519,sports,train
8709,sports,train
337,sports,train
4792,sports,train
9639,sports,train
4897,sports,train
11464,sports,train
8856,sports,train
7785,politics,train
1842,sports,train
4226,business,train
4003,sports,train
7439,politics,train
5564,sports,train
1320,sports,train
2771,business,train
6848,business,train
11383,sports,train
1908,sports,train
11155,sports,train
713,business,train
784,business,train
11414,sports,train
8256,sports,train
9250,sports,train
4089,politics,train
4459,sports,train
4630,sports,train
2528,sports,train
2597,business,train
10289,sports,train
8829,sports,train
4699,sports,train
2841,sports,train
1170,sports,train
3618,sports,train
8162,sports,train
8303,sports,train
5343,sports,train
6917,politics,train
2914,sports,train
8203,sports,train
10216,sports,train
8778,business,train
5579,sports,train
2698,sports,train
3696,sports,train
10388,sports,train
1141,sports,train
5630,sports,train
6306,sports,train
10201,sports,train
4085,sports,train
5929,sports,train
5756,sports,train
5646,sports,train
1582,business,train
6799,sports,train
2795,politics,train
3103,sports,train
6096,sports,train
1026,sports,train
8454,sports,train
5277,business,train
5734,sports,train
3716,politics,train
7478,business,train
5355,sports,train
10152,sports,train
2501,sports,train
11152,sports,train
8460,sports,train
9270,politics,train
9264,sports,train
7594,sports,train
3382,business,train
4561,sports,train
4242,politics,train
1955,sports,train
3506,sports,train
120,sports,train
2695,sports,train
7549,sports,train
9787,sports,train
11132,sports,train
2773,sports,train
7283,sports,train
10937,sports,train
11151,sports,train
7127,sports,train
8098,sports,train
5212,sports,train
3702,sports,train
5807,sports,train
2594,sports,train
1265,business,train
7454,sports,train
7302,sports,train
6777,sports,train
1544,sports,train
1581,sports,train
5642,politics,train
1295,sports,train
8977,sports,train
7379,sports,train
8290,politics,train
6245,sports,train
10430,sports,train
1415,business,train
3757,sports,train
2546,business,train
144,sports,train
2217,sports,train
5659,sports,train
2333,sports,train
9607,sports,train
1538,sports,train
4311,politics,train
3197,sports,train
2382,sports,train
8444,politics,train
5228,sports,train
1941,business,train
1679,sports,train
10736,sports,train
4023,sports,train
2309,sports,train
8767,sports,train
4611,sports,train
1765,business,train
5211,sports,train
8036,sports,train
1851,sports,train
2231,sports,train
5649,sports,train
1384,sports,train
3983,politics,train
1360,sports,train
191,sports,train
2122,sports,train
926,sports,train
9329,sports,train
5464,sports,train
4944,sports,train
10738,sports,train
9112,sports,train
7311,politics,train
10776,business,train
10985,sports,train
2332,sports,train
7679,sports,train
8932,sports,train
28,sports,train
4380,sports,train
7701,sports,train
3917,sports,train
695,sports,train
1523,sports,train
2820,sports,train
1543,sports,train
9196,sports,train
9469,sports,train
11488,sports,train
10961,business,train
5440,sports,train
5398,sports,train
1739,sports,train
988,sports,train
4223,politics,train
830,sports,train
9687,politics,train
9822,sports,train
10204,politics,train
10993,business,train
11279,sports,train
1441,sports,train
252,business,train
6395,business,train
5820,sports,train
3318,sports,train
9988,sports,train
4342,sports,train
2178,business,train
9127,sports,train
9485,sports,train
6929,sports,train
2179,sports,train
8065,sports,train
1896,sports,train
165,sports,train
11485,sports,train
4450,sports,train
7536,sports,train
1086,sports,train
10356,sports,train
7890,business,train
4880,politics,train
7471,sports,train
9244,sports,train
1591,sports,train
343,sports,train
7525,politics,train
4499,sports,train
219,sports,train
994,business,train
1206,sports,train
6670,sports,train
7551,sports,train
4294,sports,train
47,sports,train
7360,business,train
4282,sports,train
2322,sports,train
3747,sports,train
4881,sports,train
1788,business,train
288,sports,train
1273,sports,train
7740,politics,train
10034,sports,train
8296,sports,train
1583,sports,train
6669,sports,train
7278,sports,train
7984,politics,train
3234,politics,train
380,sports,train
2577,sports,train
2946,business,train
7921,sports,train
413,sports,train
1007,sports,train
3419,sports,train
10535,sports,train
10698,sports,train
4095,sports,train
6453,sports,train
1217,sports,train
1498,business,train
670,sports,train
4949,sports,train
256,sports,train
8346,business,train
722,sports,train
8383,sports,train
8596,sports,train
5286,business,train
10969,business,train
7760,sports,train
7820,sports,train
1858,sports,train
8149,sports,train
9038,business,train
8469,sports,train
2225,sports,train
11428,sports,train
9672,sports,train
3313,politics,train
8844,sports,train
1915,sports,train
744,sports,train
106,sports,train
2818,sports,train
6948,sports,train
11046,sports,train
3285,sports,train
5188,sports,train
9748,sports,train
5954,business,train
10482,sports,train
5169,sports,train
2264,sports,train
9181,business,train
3095,sports,train
9073,sports,train
2705,sports,train
9960,sports,train
6514,politics,train
4550,sports,train
924,sports,train
753,sports,train
6190,sports,train
11422,sports,train
8318,sports,train
5706,sports,train
4424,business,train
9151,business,train
11070,business,train
4896,business,train
5199,politics,train
8536,business,train
5348,politics,train
7883,sports,train
4410,sports,train
9820,sports,train
7016,sports,train
10445,sports,train
5612,sports,train
202,sports,train
6057,business,train
8094,sports,train
4672,politics,train
10858,sports,train
6044,business,train
8843,sports,train
6493,politics,train
7074,politics,train
5826,sports,train
5503,sports,train
8156,sports,train
2837,sports,train
9680,politics,train
4527,sports,train
4979,sports,train
8168,sports,train
3399,sports,train
1761,business,train
7542,sports,train
7578,politics,train
140,sports,train
3877,sports,train
8710,sports,train
6987,sports,train
8707,sports,train
6362,business,train
2627,sports,train
8509,sports,train
5774,sports,train
7430,sports,train
4830,sports,train
1718,sports,train
3950,sports,train
3462,sports,train
210,sports,train
8819,politics,train
2645,sports,train
10575,sports,train
3450,sports,train
2828,politics,train
11095,business,train
5404,sports,train
10841,sports,train
4406,sports,train
7161,sports,train
3185,politics,train
3070,business,train
396,sports,train
5306,sports,train
4641,sports,train
7614,politics,train
7541,sports,train
1637,sports,train
8720,sports,train
7873,sports,train
1877,business,train
9366,business,train
11288,sports,train
8601,politics,train
11282,sports,train
3655,politics,train
1294,sports,train
5217,business,train
6469,sports,train
7139,sports,train
1979,business,train
1047,sports,train
6409,sports,train
5308,sports,train
9713,sports,train
195,sports,train
9676,politics,train
5591,sports,train
6518,sports,train
2570,sports,train
10813,business,train
9009,sports,train
9865,sports,train
10567,sports,train
3121,politics,train
6091,sports,train
3605,sports,train
6335,sports,train
5797,sports,train
7176,sports,train
4846,sports,train
6420,sports,train
9849,business,train
7448,sports,train
815,sports,train
4704,sports,train
4437,politics,train
4828,sports,train
7888,sports,train
8560,sports,train
11456,business,train
764,sports,train
4409,sports,train
500,sports,train
6139,sports,train
4589,sports,train
3778,sports,train
4122,sports,train
4495,sports,train
685,sports,train
6577,sports,train
10546,sports,train
5916,politics,train
2876,sports,train
2544,sports,train
3119,sports,train
6381,sports,train
1987,sports,train
5072,sports,train
10192,sports,train
10404,sports,train
5877,sports,train
3055,sports,train
5224,sports,train
7991,sports,train
9853,sports,train
7314,politics,train
212,sports,train
3164,sports,train
11317,sports,train
430,sports,train
7964,sports,train
10529,sports,train
8875,sports,train
2708,sports,train
9792,sports,train
1095,sports,train
6758,sports,train
8688,business,train
5854,politics,train
4902,sports,train
6138,sports,train
2495,sports,train
3273,sports,train
2855,business,train
8662,sports,train
11004,sports,train
5222,politics,train
1533,sports,train
9189,politics,train
1864,sports,train
3862,sports,train
534,sports,train
636,sports,train
8333,sports,train
6849,business,train
3969,sports,train
1440,sports,train
8419,sports,train
2319,sports,train
9872,business,train
1448,sports,train
758,sports,train
7200,sports,train
2017,politics,train
4271,sports,train
7697,sports,train
3326,sports,train
3329,business,train
7232,sports,train
10660,sports,train
1075,sports,train
9289,sports,train
8069,sports,train
3277,sports,train
8280,politics,train
3994,sports,train
3004,sports,train
11286,sports,train
4958,sports,train
5892,sports,train
6394,business,train
4697,sports,train
8836,sports,train
11308,business,train
7927,business,train
9925,sports,train
11382,business,train
1136,business,train
8002,sports,train
8651,business,train
9233,sports,train
7971,sports,train
4832,sports,train
1812,sports,train
2998,sports,train
3855,sports,train
6473,sports,train
9089,politics,train
2323,sports,train
5679,sports,train
2854,sports,train
3225,politics,train
11499,sports,train
2411,sports,train
3578,sports,train
330,sports,train
7249,sports,train
9835,sports,train
10805,sports,train
8674,sports,train
4679,sports,train
5785,sports,train
8669,sports,train
6980,sports,train
1064,sports,train
6126,sports,train
9910,sports,train
5832,business,train
9842,politics,train
814,sports,train
5547,sports,train
1157,sports,train
2644,sports,train
4870,business,train
7491,sports,train
10864,politics,train
1918,sports,train
6997,sports,train
402,sports,train
1453,business,train
8395,sports,train
8931,sports,train
4914,sports,train
3169,sports,train
4606,sports,train
8334,sports,train
4654,politics,train
4436,sports,train
4402,business,train
8869,politics,train
10578,sports,train
2189,business,train
1418,business,train
9855,sports,train
4720,sports,train
9281,sports,train
9178,sports,train
180,business,train
1537,business,train
8994,sports,train
4269,sports,train
2339,sports,train
10442,sports,train
5906,business,train
3396,sports,train
9626,sports,train
2250,business,train
4474,politics,train
9813,sports,train
2958,politics,train
7840,sports,train
9001,politics,train
1466,business,train
1566,business,train
6360,business,train
11118,business,train
1511,sports,train
7683,politics,train
3859,sports,train
3025,sports,train
1556,sports,train
2561,sports,train
642,sports,train
2304,sports,train
6763,sports,train
8952,sports,train
8467,sports,train
3296,sports,train
9902,sports,train
2372,sports,train
1057,sports,train
2023,business,train
11031,business,train
952,sports,train
10163,sports,train
5130,sports,train
6653,sports,train
1059,sports,train
5550,sports,train
9285,politics,train
3734,sports,train
2421,sports,train
7762,sports,train
1660,sports,train
3960,sports,train
6716,sports,train
2184,sports,train
6535,sports,train
6720,sports,train
2735,sports,train
385,sports,train
10202,politics,train
3556,sports,train
6872,sports,train
3459,politics,train
904,sports,train
6955,business,train
7784,sports,train
9530,sports,train
9643,sports,train
6539,sports,train
6388,sports,train
6489,sports,train
11001,sports,train
10752,sports,train
10454,sports,train
7413,sports,train
6544,sports,train
8,sports,train
11139,sports,train
6284,sports,train
640,sports,train
1676,sports,train
10931,sports,train
7652,sports,train
6953,sports,train
1404,sports,train
6295,sports,train
10065,sports,train
6971,sports,train
6467,sports,train
7349,sports,train
6063,sports,train
10563,business,train
806,sports,train
6365,sports,train
3427,sports,train
6608,sports,train
241,sports,train
6441,sports,train
7489,sports,train
1814,sports,train
9297,sports,train
4598,sports,train
169,sports,train
9057,sports,train
10817,sports,train
9558,sports,train
4137,sports,train
8599,sports,train
8900,politics,train
9896,sports,train
8202,sports,train
9140,sports,train
795,sports,train
10269,business,train
5458,sports,train
10469,sports,train
2291,politics,train
10179,sports,train
1395,sports,train
11481,sports,train
9898,sports,train
5047,politics,train
5870,sports,train
2539,sports,train
2138,sports,train
7146,business,train
1971,sports,train
5227,politics,train
4322,sports,train
1390,sports,train
5891,sports,train
203,sports,train
5938,sports,train
10165,business,train
3782,politics,train
2925,sports,train
7308,sports,train
4319,politics,train
9981,sports,train
1245,sports,train
3579,politics,train
7958,sports,train
877,sports,train
519,sports,train
9063,politics,train
10463,sports,train
3235,sports,train
3077,sports,train
11117,business,train
11016,business,train
5141,sports,train
11258,sports,train
7088,sports,train
9091,politics,train
6086,politics,train
7716,sports,train
835,sports,train
2737,politics,train
8053,sports,train
11068,business,train
3428,sports,train
1023,sports,train
8585,sports,train
5095,sports,train
2649,sports,train
6173,politics,train
11196,business,train
11381,sports,train
9765,sports,train
7772,sports,train
8335,business,train
3947,sports,train
11058,business,train
11311,sports,train
9135,sports,train
1839,sports,train
10705,sports,train
4820,business,train
10953,sports,train
10136,politics,train
2169,sports,train
10129,sports,train
8678,sports,train
6946,politics,train
1733,sports,train
4052,sports,train
4014,sports,train
5185,sports,train
8007,sports,train
683,sports,train
8078,politics,train
3804,sports,train
499,sports,train
286,sports,train
1410,sports,train
4833,business,train
9183,politics,train
6113,business,train
7736,sports,train
3884,sports,train
3975,business,train
4036,politics,train
1706,sports,train
11103,business,train
5233,sports,train
1381,sports,train
6323,sports,train
7018,sports,train
8724,sports,train
7907,politics,train
4553,sports,train
6882,sports,train
245,business,train
171,sports,train
3998,sports,train
8979,politics,train
7816,sports,train
1722,sports,train
6920,politics,train
2379,sports,train
399,politics,train
2153,sports,train
10362,sports,train
9133,sports,train
6587,sports,train
9087,business,train
1644,business,train
6643,sports,train
4481,sports,train
1244,sports,train
133,sports,train
7484,sports,train
10169,politics,train
6729,politics,train
4326,sports,train
10639,sports,train
4210,sports,train
11138,business,train
6085,sports,train
8027,sports,train
871,sports,train
2543,sports,train
2891,sports,train
112,sports,train
2448,sports,train
8183,sports,train
11024,sports,train
10173,sports,train
8923,sports,train
5795,business,train
10171,sports,train
8880,politics,train
6195,business,train
5745,sports,train
8889,sports,train
9334,sports,train
9681,politics,train
6018,politics,train
10405,business,train
8012,sports,train
1531,business,train
10613,sports,train
3306,sports,train
9518,sports,train
3958,sports,train
3881,sports,train
1129,sports,train
1938,sports,train
5588,sports,train
7355,business,train
10400,sports,train
10893,sports,train
9565,sports,train
7072,sports,train
4002,sports,train
1032,politics,train
923,business,train
2803,sports,train
7347,sports,train
1891,politics,train
7089,politics,train
7891,sports,train
5805,sports,train
9741,sports,train
6442,sports,train
8259,sports,train
3056,sports,train
1913,sports,train
9460,sports,train
4757,sports,train
7184,politics,train
8586,sports,train
2830,sports,train
4077,sports,train
9261,business,train
1209,sports,train
2859,sports,train
5779,sports,train
2240,sports,train
6773,politics,train
2929,sports,train
11346,sports,train
9856,sports,train
2039,business,train
4153,business,train
6155,sports,train
8849,sports,train
7188,sports,train
2600,business,train
9921,sports,train
6233,politics,train
7002,sports,train
8549,business,train
10018,business,train
4674,sports,train
9337,sports,train
9390,sports,train
1876,sports,train
1822,business,train
11034,business,train
11303,sports,train
4942,sports,train
7833,sports,train
1493,business,train
8534,politics,train
10097,sports,train
10605,sports,train
9730,business,train
7552,sports,train
1299,sports,train
6171,politics,train
8635,sports,train
2689,sports,train
7459,sports,train
3610,business,train
1014,business,train
5638,sports,train
11362,sports,train
11126,sports,train
1964,sports,train
2510,sports,train
10507,politics,train
489,business,train
5628,sports,train
8878,business,train
9895,sports,train
10317,sports,train
4917,sports,train
3205,sports,train
6819,sports,train
367,business,train
6566,sports,train
9240,sports,train
7187,sports,train
408,business,train
7724,business,train
1033,sports,train
10898,sports,train
7795,sports,train
1158,sports,train
6547,sports,train
7775,sports,train
3236,sports,train
327,business,train
3632,politics,train
5615,business,train
2458,sports,train
3754,politics,train
2697,politics,train
3854,sports,train
9609,sports,train
7304,sports,train
3122,sports,train
9142,sports,train
2526,business,train
8983,sports,train
6623,sports,train
2207,business,train
4174,sports,train
5884,sports,train
299,sports,train
7084,sports,train
5231,sports,train
3527,sports,train
7201,politics,train
3264,politics,train
10677,politics,train
6182,sports,train
7726,sports,train
1074,sports,train
515,sports,train
8360,politics,train
8802,business,train
7230,sports,train
1707,sports,train
1069,sports,train
9546,sports,train
9431,sports,train
1594,sports,train
9783,business,train
6790,politics,train
4015,sports,train
7765,sports,train
10531,sports,train
1020,sports,train
2392,sports,train
471,sports,train
6914,sports,train
2468,sports,train
5167,sports,train
6272,sports,train
11370,business,train
11410,sports,train
1963,sports,train
7085,sports,train
8541,sports,train
1649,sports,train
3041,sports,train
7368,sports,train
11224,sports,train
9050,sports,train
9709,sports,train
10341,sports,train
7376,politics,train
10418,sports,train
7414,sports,train
11131,business,train
11181,sports,train
3033,sports,train
6023,sports,train
9220,business,train
206,sports,train
6853,sports,train
6828,sports,train
2651,sports,train
10621,sports,train
8698,sports,train
4908,politics,train
2606,business,train
2799,sports,train
7112,sports,train
1093,sports,train
393,business,train
3143,sports,train
7969,business,train
7575,sports,train
4199,sports,train
2729,sports,train
5927,politics,train
6575,sports,train
8733,sports,train
9423,sports,train
8413,sports,train
5450,politics,train
2423,sports,train
9515,sports,train
3377,sports,train
10443,politics,train
4836,sports,train
257,sports,train
7996,sports,train
8747,sports,train
533,sports,train
10685,politics,train
4766,sports,train
6832,politics,train
155,sports,train
8314,sports,train
2500,sports,train
7178,sports,train
2325,sports,train
5841,sports,train
3166,sports,train
3968,sports,train
641,business,train
2337,sports,train
9698,business,train
8111,sports,train
690,sports,train
10896,sports,train
5943,sports,train
7102,sports,train
3571,sports,train
11255,sports,train
2005,sports,train
4164,sports,train
2348,sports,train
4728,sports,train
4284,sports,train
6745,sports,train
11084,sports,train
10989,sports,train
7871,sports,train
2294,sports,train
1881,sports,train
990,sports,train
8939,sports,train
10847,sports,train
6015,sports,train
3639,sports,train
7446,sports,train
4065,sports,train
7550,sports,train
10416,sports,train
5913,politics,train
7516,sports,train
394,sports,train
10609,politics,train
8798,sports,train
2623,sports,train
449,business,train
4907,sports,train
2898,sports,train
9352,sports,train
10863,sports,train
9241,sports,train
2887,sports,train
6234,business,train
8239,politics,train
6352,sports,train
5079,sports,train
7206,sports,train
6337,sports,train
8426,sports,train
6427,sports,train
8664,sports,train
3215,politics,train
1829,sports,train
9721,politics,train
984,sports,train
3349,sports,train
11461,sports,train
11293,business,train
1794,sports,train
2016,sports,train
5443,sports,train
10078,business,train
9029,sports,train
4973,politics,train
9318,sports,train
7593,business,train
5321,sports,train
3751,sports,train
3002,sports,train
5353,sports,train
6599,sports,train
3895,politics,train
1613,sports,train
292,sports,train
3016,sports,train
3361,sports,train
595,sports,train
9703,business,train
10791,sports,train
11056,business,train
4251,sports,train
10141,business,train
5027,business,train
5997,sports,train
5527,politics,train
788,sports,train
5494,sports,train
6389,sports,train
11109,sports,train
6552,sports,train
2687,sports,train
9889,sports,train
3066,sports,train
3746,business,train
10833,sports,train
5945,business,train
8291,sports,train
4770,sports,train
2167,business,train
2019,sports,train
3354,sports,train
2326,sports,train
11419,sports,train
3790,politics,train
3713,sports,train
1308,sports,train
3570,sports,train
1687,sports,train
10020,sports,train
8927,politics,train
2808,sports,train
7855,sports,train
3597,sports,train
11490,sports,train
7546,sports,train
4434,sports,train
6949,politics,train
10283,sports,train
3709,politics,train
6779,sports,train
6405,sports,train
9084,business,train
4320,sports,train
484,sports,train
11449,sports,train
9870,sports,train
2128,sports,train
5580,politics,train
445,sports,train
39,sports,train
9313,sports,train
6172,sports,train
6844,sports,train
6311,sports,train
11099,sports,train
4156,sports,train
2147,sports,train
4496,sports,train
7352,sports,train
7097,sports,train
2232,sports,train
7029,business,train
3192,politics,train
2587,business,train
1443,sports,train
931,sports,train
9494,sports,train
4396,sports,train
334,business,train
1305,sports,train
1017,sports,train
10723,sports,train
1314,sports,train
2100,sports,train
5758,sports,train
7362,sports,train
1695,sports,train
11061,business,train
5995,sports,train
5087,business,train
9265,sports,train
11371,sports,train
8871,sports,train
1260,sports,train
1799,sports,train
4204,politics,train
5310,sports,train
3144,sports,train
8963,sports,train
2034,sports,train
542,sports,train
7538,sports,train
860,sports,train
583,sports,train
1391,sports,train
999,sports,train
6796,politics,train
11023,sports,train
4971,sports,train
3157,sports,train
8986,sports,train
11312,sports,train
9798,politics,train
10830,sports,train
6156,sports,train
1290,sports,train
7440,sports,train
3353,sports,train
1476,sports,train
8132,politics,train
7648,sports,train
9660,sports,train
3949,sports,train
8329,politics,train
1801,sports,train
4983,sports,train
8713,sports,train
5801,business,train
9663,sports,train
9053,sports,train
3431,sports,train
3729,politics,train
6287,politics,train
9221,sports,train
502,sports,train
9235,sports,train
2445,sports,train
3681,sports,train
558,sports,train
10875,sports,train
568,sports,train
5359,sports,train
4530,sports,train
11451,business,train
2944,politics,train
4935,sports,train
1454,business,train
8638,sports,train
1542,sports,train
9509,sports,train
10995,sports,train
8484,sports,train
9875,politics,train
2099,sports,train
10070,sports,train
11229,sports,train
2513,sports,train
5462,sports,train
7596,business,train
7506,sports,train
10118,politics,train
3918,sports,train
9537,business,train
910,sports,train
91,sports,train
1912,business,train
3186,sports,train
8519,sports,train
10209,business,train
2759,sports,train
7616,business,train
7828,sports,train
8137,sports,train
6477,politics,train
3954,sports,train
3996,sports,train
4140,politics,train
2955,politics,train
10845,sports,train
2345,sports,train
1921,business,train
9747,sports,train
7023,sports,train
10230,sports,train
8275,sports,train
1527,business,train
10603,sports,train
682,sports,train
4001,sports,train
11085,business,train
7882,politics,train
8973,sports,train
3743,sports,train
9686,politics,train
10294,politics,train
1312,sports,train
9669,sports,train
8142,sports,train
7599,sports,train
2531,business,train
5201,sports,train
3212,sports,train
9909,sports,train
2595,business,train
1016,sports,train
1474,sports,train
7149,sports,train
283,sports,train
1278,sports,train
3233,sports,train
757,sports,train
1937,sports,train
3071,sports,train
10069,sports,train
7354,politics,train
11401,business,train
652,sports,train
493,sports,train
4203,sports,train
7299,politics,train
10976,sports,train
7872,sports,train
5323,sports,train
7766,sports,train
680,sports,train
1715,sports,train
10344,business,train
4605,sports,train
10918,sports,train
5441,sports,train
909,sports,train
4405,sports,train
9454,sports,train
586,sports,train
8195,sports,train
1487,business,train
9638,politics,train
5131,politics,train
9826,sports,train
1159,sports,train
6954,sports,train
9037,sports,train
9507,business,train
531,sports,train
3344,sports,train
11239,sports,train
4984,sports,train
831,sports,train
8804,sports,train
10335,sports,train
9192,sports,train
8597,sports,train
5657,sports,train
3624,sports,train
2427,sports,train
597,sports,train
3720,politics,train
7481,sports,train
10281,sports,train
6532,politics,train
4195,politics,train
6160,sports,train
5735,sports,train
2514,sports,train
10782,politics,train
11185,sports,train
1789,sports,train
3426,sports,train
7411,sports,train
2711,sports,train
6524,sports,train
2244,sports,train
8264,sports,train
1875,sports,train
8465,politics,train
4963,sports,train
7197,politics,train
4920,sports,train
6465,business,train
2237,sports,train
10642,sports,train
8055,sports,train
5573,sports,train
3412,sports,train
9323,sports,train
10503,sports,train
6968,sports,train
2545,business,train
6862,sports,train
4101,sports,train
5048,sports,train
9656,sports,train
2212,sports,train
9039,sports,train
6887,politics,train
10829,sports,train
6879,sports,train
8555,sports,train
8338,business,train
7003,sports,train
2009,sports,train
7670,sports,train
4737,politics,train
5098,business,train
3461,business,train
1460,sports,train
1781,sports,train
4055,sports,train
7992,sports,train
1525,business,train
6516,sports,train
1101,sports,train
8764,sports,train
3728,politics,train
2909,sports,train
4296,business,train
4852,politics,train
8876,politics,train
9239,politics,train
2670,politics,train
3633,business,train
3174,sports,train
6723,politics,train
8592,sports,train
6759,business,train
1401,sports,train
6527,sports,train
4472,sports,train
1423,sports,train
1022,sports,train
7669,sports,train
5792,sports,train
4471,politics,train
9024,sports,train
2475,sports,train
2776,sports,train
571,sports,train
8763,sports,train
7790,sports,train
10771,sports,train
5104,politics,train
4293,sports,train
1630,business,train
5204,sports,train
9277,sports,train
5385,sports,train
8306,business,train
9517,business,train
9510,business,train
766,sports,train
4497,sports,train
2663,sports,train
5213,business,train
763,sports,train
10814,sports,train
6521,sports,train
5557,sports,train
11005,sports,train
11050,business,train
9071,sports,train
11197,politics,train
8528,sports,train
8637,sports,train
5432,politics,train
1958,sports,train
3067,politics,train
5583,politics,train
2336,sports,train
7622,sports,train
3179,business,train
10573,sports,train
5118,politics,train
7319,sports,train
9026,sports,train
2395,sports,train
794,sports,train
8026,sports,train
10795,sports,train
10625,sports,train
552,sports,train
10840,sports,train
11506,sports,train
5990,sports,train
6368,politics,train
11478,sports,train
10364,sports,train
5263,business,valid
9473,sports,valid
1608,business,valid
5384,politics,valid
818,sports,valid
9446,business,valid
2315,sports,valid
4877,sports,valid
3973,sports,valid
4158,sports,valid
4787,politics,valid
1576,sports,valid
10122,business,valid
11266,sports,valid
10492,sports,valid
9828,politics,valid
9398,business,valid
10718,business,valid
2306,sports,valid
3376,sports,valid
9608,sports,valid
2824,sports,valid
8647,business,valid
4100,sports,valid
6629,politics,valid
8696,sports,valid
6358,sports,valid
4525,business,valid
4985,sports,valid
8157,sports,valid
7098,politics,valid
870,sports,valid
9933,sports,valid
8954,sports,valid
5544,sports,valid
2482,sports,valid
3180,sports,valid
11283,sports,valid
11356,sports,valid
10412,business,valid
5488,sports,valid
8615,sports,valid
7346,sports,valid
3111,sports,valid
3039,sports,valid
10091,sports,valid
1579,business,valid
2633,sports,valid
67,business,valid
5571,sports,valid
7722,sports,valid
5000,sports,valid
1181,business,valid
1951,sports,valid
855,sports,valid
819,sports,valid
3360,sports,valid
4708,sports,valid
1855,sports,valid
1362,business,valid
6355,business,valid
5692,sports,valid
4745,sports,valid
6852,sports,valid
897,sports,valid
10484,sports,valid
7973,sports,valid
10038,sports,valid
4727,sports,valid
281,business,valid
4909,sports,valid
10559,business,valid
4916,sports,valid
3109,sports,valid
8852,politics,valid
10959,sports,valid
479,sports,valid
8464,business,valid
7574,sports,valid
8656,sports,valid
4636,sports,valid
4274,sports,valid
8198,sports,valid
10876,business,valid
7250,sports,valid
9441,politics,valid
10590,sports,valid
7935,politics,valid
7560,business,valid
1329,sports,valid
7435,sports,valid
4298,sports,valid
4743,sports,valid
2188,sports,valid
2868,sports,valid
1398,sports,valid
3487,politics,valid
11348,politics,valid
9827,sports,valid
10852,sports,valid
5981,business,valid
1625,sports,valid
99,sports,valid
4431,sports,valid
637,sports,valid
11369,sports,valid
1599,sports,valid
3748,sports,valid
8221,business,valid
7691,sports,valid
6610,sports,valid
317,sports,valid
10763,sports,valid
6644,sports,valid
10619,sports,valid
8192,sports,valid
5493,sports,valid
5879,sports,valid
617,sports,valid
5497,business,valid
3131,sports,valid
1759,sports,valid
3451,sports,valid
7663,sports,valid
4584,sports,valid
1199,sports,valid
2465,sports,valid
10644,sports,valid
10506,business,valid
9750,business,valid
1640,sports,valid
8797,sports,valid
5058,sports,valid
10600,politics,valid
5461,sports,valid
1184,business,valid
8408,sports,valid
9712,sports,valid
2256,sports,valid
5110,sports,valid
7688,politics,valid
557,sports,valid
4941,sports,valid
10967,sports,valid
9458,sports,valid
10266,sports,valid
4415,sports,valid
6050,sports,valid
6537,sports,valid
9912,business,valid
7470,politics,valid
5471,business,valid
1212,sports,valid
4227,politics,valid
7791,sports,valid
9876,politics,valid
3559,sports,valid
8427,sports,valid
7234,sports,valid
9131,politics,valid
5535,sports,valid
4143,sports,valid
957,sports,valid
3744,sports,valid
11269,sports,valid
5346,sports,valid
1367,sports,valid
11022,business,valid
2347,sports,valid
2486,sports,valid
961,business,valid
9531,sports,valid
1085,sports,valid
2996,politics,valid
9248,sports,valid
8461,politics,valid
7264,sports,valid
2026,sports,valid
8417,sports,valid
5828,business,valid
511,sports,valid
1882,politics,valid
8345,sports,valid
10818,sports,valid
8811,sports,valid
6285,sports,valid
10200,sports,valid
1389,sports,valid
5028,sports,valid
8582,sports,valid
7782,sports,valid
97,sports,valid
3078,sports,valid
7712,sports,valid
2718,sports,valid
1066,sports,valid
2952,sports,valid
11187,sports,valid
4693,sports,valid
5605,sports,valid
6016,sports,valid
4740,sports,valid
7262,sports,valid
5476,sports,valid
8553,sports,valid
7532,politics,valid
1800,sports,valid
1187,sports,valid
1791,sports,valid
5492,sports,valid
9486,sports,valid
7006,sports,valid
11466,sports,valid
7597,sports,valid
5513,politics,valid
1088,sports,valid
325,sports,valid
6047,sports,valid
2268,sports,valid
177,sports,valid
8771,sports,valid
5732,politics,valid
6625,sports,valid
8311,business,valid
6072,sports,valid
10823,politics,valid
8734,sports,valid
8474,sports,valid
7410,sports,valid
2426,sports,valid
3256,sports,valid
4456,sports,valid
3580,sports,valid
7445,sports,valid
8339,sports,valid
278,sports,valid
10014,politics,valid
4549,sports,valid
6755,business,valid
7734,sports,valid
7598,sports,valid
10980,business,valid
3499,sports,valid
9003,sports,valid
4245,sports,valid
3726,business,valid
2754,sports,valid
1976,sports,valid
432,sports,valid
10779,politics,valid
2466,sports,valid
7290,politics,valid
486,sports,valid
188,business,valid
9368,sports,valid
7473,sports,valid
2011,sports,valid
5068,sports,valid
1627,business,valid
4954,sports,valid
2051,business,valid
7771,sports,valid
5112,politics,valid
8176,business,valid
7452,sports,valid
4816,sports,valid
4610,sports,valid
5114,sports,valid
4379,sports,valid
2086,business,valid
1894,sports,valid
1888,politics,valid
2308,sports,valid
10793,politics,valid
7586,sports,valid
563,sports,valid
3883,sports,valid
5463,sports,valid
4012,politics,valid
5944,sports,valid
2584,business,valid
10111,sports,valid
4491,politics,valid
6821,sports,valid
2802,sports,valid
7528,sports,valid
3210,sports,valid
10516,politics,valid
3447,sports,valid
3623,politics,valid
4814,sports,valid
4889,sports,valid
5180,sports,valid
8982,sports,valid
3835,sports,valid
8532,politics,valid
7134,politics,valid
11036,sports,valid
10556,sports,valid
9799,sports,valid
1337,sports,valid
9976,business,valid
4219,sports,valid
2728,sports,valid
8950,business,valid
10756,sports,valid
9812,politics,valid
5170,sports,valid
4145,sports,valid
11452,sports,valid
4890,sports,valid
520,sports,valid
352,sports,valid
5417,sports,valid
2078,sports,valid
5344,politics,valid
10468,sports,valid
8374,sports,valid
1688,sports,valid
11430,sports,valid
10866,business,valid
5684,politics,valid
4990,sports,valid
10099,sports,valid
10683,sports,valid
8246,business,valid
5208,sports,valid
9994,sports,valid
10906,politics,valid
9683,business,valid
1777,sports,valid
4776,sports,valid
148,sports,valid
2658,business,valid
10210,business,valid
8578,politics,valid
10471,sports,valid
10343,sports,valid
10358,sports,valid
6764,sports,valid
4772,sports,valid
4599,sports,valid
4070,sports,valid
1743,sports,valid
6597,sports,valid
7738,business,valid
10203,sports,valid
10438,sports,valid
8759,sports,valid
697,sports,valid
10483,sports,valid
9450,sports,valid
6786,sports,valid
5194,sports,valid
8893,sports,valid
4719,business,valid
9176,sports,valid
6530,sports,valid
8738,sports,valid
464,business,valid
10050,politics,valid
11507,sports,valid
8793,sports,valid
10486,sports,valid
8967,sports,valid
8607,politics,valid
6678,business,valid
172,sports,valid
8438,sports,valid
5687,politics,valid
3864,sports,valid
2398,sports,valid
4959,sports,valid
2459,sports,valid
7131,sports,valid
3589,sports,valid
11013,business,valid
2265,sports,valid
4022,sports,valid
11025,politics,valid
11026,business,valid
4112,sports,valid
10239,sports,valid
4982,business,valid
2297,sports,valid
3229,sports,valid
2261,business,valid
5872,sports,valid
1736,sports,valid
4717,business,valid
5279,politics,valid
7980,politics,valid
3834,sports,valid
5681,politics,valid
844,business,valid
5552,sports,valid
9711,politics,valid
6312,sports,valid
8839,politics,valid
3526,sports,valid
6348,sports,valid
8154,sports,valid
834,sports,valid
9563,sports,valid
10462,sports,valid
6942,sports,valid
61,sports,valid
7520,sports,valid
3749,sports,valid
1277,sports,valid
8817,sports,valid
3309,sports,valid
10659,sports,valid
7328,sports,valid
10030,business,valid
3227,business,valid
184,politics,valid
3963,sports,valid
10729,sports,valid
340,sports,valid
6270,business,valid
3330,sports,valid
6737,sports,valid
7681,politics,valid
7858,sports,valid
6554,sports,valid
501,sports,valid
4248,sports,valid
2334,sports,valid
817,sports,valid
800,sports,valid
3311,politics,valid
11161,sports,valid
8655,politics,valid
4660,sports,valid
6641,sports,valid
2798,sports,valid
5609,politics,valid
8960,sports,valid
6471,business,valid
4347,sports,valid
6866,sports,valid
614,sports,valid
10978,politics,valid
3861,sports,valid
7638,politics,valid
1983,politics,valid
3216,sports,valid
341,sports,valid
8044,sports,valid
10287,sports,valid
10645,sports,valid
7584,sports,valid
1208,business,valid
1856,business,valid
4053,politics,valid
7916,sports,valid
10297,sports,valid
7647,sports,valid
1397,politics,valid
6384,politics,valid
7948,politics,valid
3626,sports,valid
1137,sports,valid
1139,sports,valid
156,sports,valid
6628,sports,valid
4185,politics,valid
290,sports,valid
5789,sports,valid
10005,sports,valid
5137,sports,valid
3142,sports,valid
3637,sports,valid
7650,sports,valid
11462,sports,valid
6263,sports,valid
4868,sports,valid
11447,sports,valid
11508,sports,valid
3577,sports,valid
4170,sports,valid
475,politics,valid
5292,sports,valid
10646,sports,valid
8150,politics,valid
774,sports,valid
8387,business,valid
5716,sports,valid
9811,sports,valid
1111,sports,valid
6962,sports,valid
6581,sports,valid
497,sports,valid
4047,sports,valid
2743,sports,valid
8627,business,valid
3250,sports,valid
6864,sports,valid
9839,sports,valid
9405,politics,valid
6474,business,valid
4421,sports,valid
5819,business,valid
10015,sports,valid
2024,sports,valid
10175,sports,valid
7684,politics,valid
7132,politics,valid
8366,sports,valid
6613,sports,valid
3392,sports,valid
6006,sports,valid
8818,sports,valid
5418,business,valid
10525,sports,valid
2696,sports,valid
5911,sports,valid
10315,sports,valid
7370,sports,valid
4564,business,valid
1257,sports,valid
6957,politics,valid
2491,sports,valid
1046,sports,valid
8864,sports,valid
733,sports,valid
5746,sports,valid
6400,politics,valid
7333,sports,valid
5442,sports,valid
5383,business,valid
3714,sports,valid
658,sports,valid
6869,sports,valid
2224,sports,valid
8859,sports,valid
7640,sports,valid
6324,politics,valid
2081,sports,valid
10263,sports,valid
9944,sports,valid
10760,sports,valid
10607,sports,valid
4677,sports,valid
6570,sports,valid
10715,sports,valid
3604,sports,valid
6787,sports,valid
4555,sports,valid
1953,sports,valid
743,business,valid
8628,business,valid
7637,sports,valid
435,sports,valid
1062,sports,valid
2626,sports,valid
6498,politics,valid
7563,business,valid
11378,sports,valid
4438,sports,valid
11210,sports,valid
528,sports,valid
8890,sports,valid
10955,business,valid
1358,sports,valid
2717,politics,valid
9161,sports,valid
6207,sports,valid
10206,business,valid
5036,sports,valid
6840,politics,valid
111,business,valid
469,sports,valid
4330,sports,valid
9243,sports,valid
3913,business,valid
1011,sports,valid
10107,sports,valid
10716,sports,valid
3598,sports,valid
7673,sports,valid
10270,sports,valid
6522,politics,valid
11469,sports,valid
7759,sports,valid
4592,business,valid
10861,sports,valid
7515,sports,valid
9322,sports,valid
8453,sports,valid
7920,sports,valid
2403,sports,valid
6981,politics,valid
2775,sports,valid
4893,sports,valid
7393,sports,valid
3627,sports,valid
1321,sports,valid
5362,sports,valid
2704,sports,valid
7499,business,valid
1821,sports,valid
7457,business,valid
2110,sports,valid
4545,sports,valid
10885,politics,valid
8631,sports,valid
4372,politics,valid
2875,sports,valid
238,sports,valid
5422,politics,valid
2983,sports,valid
1318,sports,valid
8206,sports,valid
7288,sports,valid
5332,sports,valid
5052,sports,valid
7926,politics,valid
1956,sports,valid
1754,sports,valid
9442,politics,valid
765,sports,valid
8095,sports,valid
6344,sports,valid
2751,sports,valid
8433,sports,valid
8717,politics,valid
333,sports,valid
10570,sports,valid
9797,sports,valid
4806,sports,valid
7463,politics,valid
223,sports,valid
8956,politics,valid
3245,sports,valid
4029,sports,valid
6923,sports,valid
1772,sports,valid
752,sports,valid
1892,sports,valid
9992,sports,valid
1420,sports,valid
10121,sports,valid
1183,sports,valid
1301,sports,valid
5830,politics,valid
1501,sports,valid
3362,sports,valid
8795,sports,valid
5923,sports,valid
349,sports,valid
2823,sports,valid
10667,sports,valid
11375,sports,valid
1357,sports,valid
10725,sports,valid
1259,business,valid
1574,business,valid
6642,sports,valid
3160,sports,valid
5101,sports,valid
6217,sports,valid
3098,sports,valid
4209,sports,valid
11494,sports,valid
4843,sports,valid
11474,sports,valid
6563,sports,valid
1674,business,valid
539,sports,valid
1925,sports,valid
3430,sports,valid
11208,sports,valid
6583,sports,valid
11280,sports,valid
1462,business,valid
1484,business,valid
8496,sports,valid
4468,business,valid
4741,sports,valid
8208,sports,valid
3656,business,valid
1050,sports,valid
3676,politics,valid
5725,politics,valid
8588,sports,valid
10595,politics,valid
10420,business,valid
2844,sports,valid
3585,sports,valid
3685,sports,valid
3163,sports,valid
4541,politics,valid
850,sports,valid
9237,sports,valid
2135,sports,valid
2200,sports,valid
5031,sports,valid
4711,sports,valid
2979,sports,valid
5633,sports,valid
10908,business,valid
986,sports,valid
459,sports,valid
2080,business,valid
2353,business,valid
1847,sports,valid
7345,sports,valid
7757,sports,valid
3348,sports,valid
5991,business,valid
2816,sports,valid
10329,politics,valid
2971,sports,valid
6103,sports,valid
8169,politics,valid
3390,sports,valid
801,sports,valid
4016,business,valid
10135,sports,valid
5519,sports,valid
2170,sports,valid
841,sports,valid
2784,politics,valid
9989,sports,valid
10466,sports,valid
10548,sports,valid
10849,sports,valid
10212,sports,valid
6042,business,valid
9705,politics,valid
7707,business,valid
5019,politics,valid
7431,sports,valid
7382,sports,valid
6574,politics,valid
1428,sports,valid
10178,sports,valid
2915,sports,valid
5753,sports,valid
3404,sports,valid
8711,sports,valid
11088,business,valid
10682,sports,valid
4904,sports,valid
1547,sports,valid
11015,business,valid
8970,sports,valid
7931,sports,valid
10865,business,valid
9600,sports,valid
4726,sports,valid
5097,sports,valid
10921,sports,valid
8548,business,valid
4268,politics,valid
3294,sports,valid
2025,sports,valid
8748,sports,valid
227,sports,valid
8361,politics,valid
7761,sports,valid
10049,sports,valid
2143,sports,valid
482,business,valid
3652,business,valid
2450,business,valid
11415,sports,valid
6660,politics,valid
2274,sports,valid
4992,sports,valid
5521,sports,valid
5860,sports,valid
2846,sports,valid
8658,politics,valid
1654,sports,valid
7235,business,valid
9901,sports,valid
4991,sports,valid
185,sports,valid
10789,sports,valid
899,sports,valid
11455,sports,valid
9731,politics,valid
2518,sports,valid
3433,business,valid
1469,business,valid
3901,politics,valid
10215,sports,valid
8703,politics,valid
1364,sports,valid
1961,business,valid
6829,business,valid
8511,sports,valid
2318,business,valid
2761,business,valid
11125,sports,valid
10721,sports,valid
1451,sports,valid
8498,sports,valid
3246,sports,valid
5282,sports,valid
4208,sports,valid
10302,sports,valid
10474,politics,valid
7167,sports,valid
11029,business,valid
9279,business,valid
7391,sports,valid
4986,sports,valid
11442,sports,valid
8806,sports,valid
6886,politics,valid
3010,sports,valid
2489,sports,valid
9008,sports,valid
4205,sports,valid
7857,sports,valid
10801,sports,valid
7718,sports,valid
8227,sports,valid
6974,sports,valid
9327,sports,valid
3982,politics,valid
8043,sports,valid
8807,sports,valid
2777,politics,valid
4715,politics,valid
7735,sports,valid
7846,politics,valid
6319,sports,valid
8754,sports,valid
457,sports,valid
8603,sports,valid
3816,sports,valid
4694,sports,valid
2195,sports,valid
9048,sports,valid
9184,sports,valid
8327,sports,valid
9470,politics,valid
8294,sports,valid
6567,sports,valid
2943,business,valid
1335,sports,valid
3200,politics,valid
6339,sports,valid
11073,business,valid
6316,business,valid
5764,sports,valid
1153,sports,valid
6765,sports,valid
9347,politics,valid
5064,sports,valid
11397,sports,valid
3528,sports,valid
4337,sports,valid
3251,sports,valid
5179,sports,valid
5924,sports,valid
2327,sports,valid
7113,sports,valid
311,sports,valid
6143,sports,valid
5829,politics,valid
3822,sports,valid
7604,sports,valid
3315,sports,valid
2648,politics,valid
10857,sports,valid
3568,sports,valid
10059,sports,valid
3739,politics,valid
8371,sports,valid
7690,sports,valid
7852,sports,valid
786,sports,valid
9940,sports,valid
6144,sports,valid
10892,sports,valid
360,sports,valid
7159,sports,valid
7524,sports,valid
6051,sports,valid
7564,sports,valid
5851,sports,valid
9967,business,valid
9648,sports,valid
5823,politics,valid
9099,politics,valid
5815,sports,valid
10748,sports,valid
7394,sports,valid
8857,sports,valid
5670,sports,valid
3661,sports,valid
6697,sports,valid
4308,sports,valid
5934,sports,valid
9136,sports,valid
6444,sports,valid
9874,politics,valid
3322,sports,valid
4777,politics,valid
9973,sports,valid
175,sports,valid
1690,sports,valid
10851,business,valid
5013,sports,valid
10616,sports,valid
11406,sports,valid
4785,sports,valid
3146,sports,valid
4378,politics,valid
6157,sports,valid
6912,sports,valid
2132,sports,valid
3805,sports,valid
4312,sports,valid
6600,sports,valid
10149,politics,valid
4952,sports,valid
251,sports,valid
6262,sports,valid
4489,politics,valid
4108,sports,valid
4543,sports,valid
4453,sports,valid
3547,sports,valid
6356,politics,valid
3483,politics,valid
11314,sports,valid
9597,sports,valid
11319,sports,valid
7216,sports,valid
4542,sports,valid
5543,sports,valid
1130,sports,valid
6379,sports,valid
4556,sports,valid
7994,sports,valid
4120,sports,valid
2124,sports,valid
30,sports,valid
1949,business,valid
9649,sports,valid
9145,business,valid
9085,sports,valid
192,sports,valid
201,sports,valid
8019,sports,valid
4247,sports,valid
8138,sports,valid
10322,sports,valid
2970,sports,valid
6536,sports,valid
10997,sports,valid
1271,business,valid
1131,sports,valid
10293,politics,valid
1076,sports,valid
3030,sports,valid
8459,sports,valid
2679,sports,valid
1645,sports,valid
6559,sports,valid
1968,politics,valid
10930,sports,valid
7293,politics,valid
7607,sports,valid
10832,sports,valid
5515,sports,valid
242,business,valid
8204,business,valid
2267,business,valid
671,sports,valid
9594,sports,valid
8415,sports,valid
10305,business,valid
3952,sports,valid
4878,sports,valid
3051,business,valid
6873,business,valid
7914,politics,valid
10158,business,valid
7788,sports,valid
1871,sports,valid
4460,sports,valid
3614,business,valid
7803,sports,valid
10361,sports,valid
4361,sports,valid
7875,sports,valid
7946,sports,valid
2439,sports,valid
2781,politics,valid
6180,sports,valid
9761,sports,valid
2377,sports,valid
11388,sports,valid
5274,sports,valid
5334,sports,valid
8860,sports,valid
9819,sports,valid
4997,sports,valid
2669,sports,valid
5430,politics,valid
6838,sports,valid
4783,sports,valid
225,sports,valid
10441,sports,valid
6724,sports,valid
10481,sports,valid
10916,sports,valid
2215,sports,valid
10936,sports,valid
4388,sports,valid
10054,sports,valid
6794,politics,valid
2509,sports,valid
1005,sports,valid
6561,sports,valid
3865,sports,valid
4168,sports,valid
3916,politics,valid
6479,politics,valid
3017,business,valid
3802,sports,valid
4236,sports,valid
8328,sports,valid
1377,sports,valid
8147,politics,valid
7317,sports,valid
2248,sports,valid
1147,sports,valid
7044,sports,valid
5372,sports,valid
1793,sports,valid
7730,sports,valid
9058,politics,valid
3028,sports,valid
2435,sports,valid
4813,sports,valid
8308,sports,valid
1276,business,valid
7444,sports,valid
1496,sports,valid
6154,sports,valid
6220,business,valid
11133,sports,valid
160,sports,valid
8962,sports,valid
5993,sports,valid
5839,politics,valid
5752,sports,valid
8545,politics,valid
7572,sports,valid
11226,business,valid
8140,sports,valid
4250,sports,valid
653,sports,valid
2013,sports,valid
2476,sports,valid
11107,sports,valid
3000,sports,valid
3116,sports,valid
890,sports,valid
11274,sports,valid
3228,sports,valid
3263,politics,valid
8777,business,valid
2629,sports,valid
7386,sports,valid
8054,sports,valid
2825,sports,valid
2742,sports,valid
9692,sports,valid
5223,business,valid
2287,business,valid
7104,sports,valid
6592,sports,valid
6428,sports,valid
7254,sports,valid
647,sports,valid
1376,sports,valid
9117,sports,valid
6470,sports,valid
4725,sports,valid
4871,sports,valid
231,sports,valid
7313,politics,valid
1004,sports,valid
222,sports,valid
7505,sports,valid
11330,business,valid
5096,politics,valid
2437,sports,valid
4064,politics,valid
5727,sports,valid
2993,politics,valid
6326,sports,valid
2604,business,valid
5690,sports,valid
4821,sports,valid
1885,sports,valid
3668,business,valid
5414,sports,valid
3093,sports,valid
6899,sports,valid
898,business,valid
8957,sports,valid
2365,sports,valid
11078,business,valid
9779,sports,valid
6713,business,valid
5619,sports,valid
6271,politics,valid
3394,sports,valid
6979,politics,valid
10278,sports,valid
2757,politics,valid
10381,sports,valid
9341,sports,valid
3401,sports,valid
1751,sports,valid
521,sports,valid
4769,sports,valid
6718,sports,valid
11264,sports,valid
11163,sports,valid
4401,business,valid
1123,sports,valid
2208,sports,valid
10720,sports,valid
6402,sports,valid
10439,sports,valid
8567,sports,valid
4616,sports,valid
1883,sports,valid
9228,sports,valid
6131,sports,valid
5345,sports,valid
8173,politics,valid
966,sports,valid
7236,business,test
5966,sports,test
5672,sports,test
10301,politics,test
10491,sports,test
6372,sports,test
4318,sports,test
4831,sports,test
3148,sports,test
4253,politics,test
1201,sports,test
9700,sports,test
2471,sports,test
2656,sports,test
4426,politics,test
10480,sports,test
7012,sports,test
9704,business,test
10562,sports,test
5055,sports,test
8103,sports,test
1243,sports,test
462,sports,test
10188,sports,test
6859,sports,test
2889,sports,test
5818,sports,test
5688,sports,test
6898,politics,test
4788,sports,test
4000,sports,test
1108,sports,test
3328,politics,test
10433,politics,test
260,business,test
7905,sports,test
6378,politics,test
4492,politics,test
1859,sports,test
6194,business,test
182,sports,test
8756,sports,test
8080,sports,test
11033,business,test
5960,sports,test
4899,sports,test
1952,sports,test
10680,politics,test
5802,sports,test
5840,business,test
6332,politics,test
8645,sports,test
651,sports,test
332,sports,test
4191,sports,test
9841,politics,test
1530,business,test
1349,business,test
6283,sports,test
10502,sports,test
4503,politics,test
6121,sports,test
3076,sports,test
6022,sports,test
7129,sports,test
5410,sports,test
8646,sports,test
2358,sports,test
6153,sports,test
2253,sports,test
6531,business,test
5817,politics,test
3551,sports,test
613,sports,test
4494,sports,test
6877,sports,test
10348,sports,test
4822,politics,test
6291,sports,test
7261,sports,test
9190,sports,test
4648,politics,test
3136,sports,test
6039,sports,test
4287,business,test
979,sports,test
2205,sports,test
1662,sports,test
6221,sports,test
2522,sports,test
3472,sports,test
8219,sports,test
1220,sports,test
10544,sports,test
6712,politics,test
6071,sports,test
8170,sports,test
3810,sports,test
5748,business,test
1348,sports,test
9749,sports,test
9401,sports,test
7547,business,test
9688,sports,test
4919,business,test
11082,business,test
5089,business,test
8946,sports,test
7643,sports,test
7667,sports,test
4546,sports,test
8340,sports,test
7073,sports,test
6999,business,test
3388,sports,test
4571,sports,test
10304,politics,test
10196,business,test
853,sports,test
74,sports,test
6292,sports,test
11272,sports,test
10128,sports,test
8028,sports,test
4488,business,test
9807,business,test
4339,politics,test
8729,sports,test
11119,sports,test
2109,sports,test
6640,sports,test
2538,sports,test
8562,sports,test
5370,sports,test
1369,sports,test
9571,sports,test
10739,sports,test
208,sports,test
9580,politics,test
4080,sports,test
7576,sports,test
7741,sports,test
8385,sports,test
6801,sports,test
8152,business,test
10889,sports,test
4758,sports,test
10419,politics,test
4972,sports,test
4680,sports,test
5136,sports,test
10766,politics,test
6959,sports,test
6966,politics,test
3530,sports,test
8887,sports,test
2849,politics,test
3456,politics,test
3977,sports,test
2676,business,test
5617,business,test
7750,sports,test
200,sports,test
2180,sports,test
9653,sports,test
5413,sports,test
6445,sports,test
5209,sports,test
7447,sports,test
3524,business,test
4761,sports,test
2360,sports,test
4574,sports,test
6601,politics,test
4915,sports,test
1667,sports,test
2181,sports,test
8220,business,test
5153,sports,test
8944,sports,test
11235,politics,test
2354,business,test
1595,sports,test
2918,sports,test
9075,sports,test
8075,sports,test
1365,business,test
5536,sports,test
7479,business,test
10116,sports,test
496,sports,test
7915,politics,test
2573,sports,test
826,sports,test
1764,business,test
6066,sports,test
7396,sports,test
11124,sports,test
5972,sports,test
4300,sports,test
6341,sports,test
3257,sports,test
9374,sports,test
8882,sports,test
9684,business,test
161,sports,test
478,sports,test
29,sports,test
4417,politics,test
3009,sports,test
8210,sports,test
9447,sports,test
825,sports,test
884,business,test
2613,business,test
8092,sports,test
10735,sports,test
9312,politics,test
1886,sports,test
3274,politics,test
8981,politics,test
8439,sports,test
2927,business,test
1989,politics,test
10956,sports,test
6992,sports,test
7263,sports,test
368,sports,test
3770,sports,test
7497,business,test
350,sports,test
3619,sports,test
3555,business,test
10504,sports,test
2015,sports,test
7158,sports,test
10588,sports,test
2911,sports,test
9139,politics,test
3385,sports,test
209,business,test
3340,sports,test
6700,sports,test
2634,sports,test
10423,politics,test
9355,politics,test
2811,sports,test
4885,sports,test
7092,politics,test
6744,sports,test
9392,business,test
3630,sports,test
10610,sports,test
9569,sports,test
6468,sports,test
7988,business,test
7838,politics,test
11096,business,test
328,sports,test
3302,sports,test
10428,sports,test
2460,sports,test
6688,business,test
6035,business,test
1917,sports,test
9702,business,test
10332,politics,test
5240,sports,test
5340,sports,test
2474,sports,test
1853,sports,test
1373,sports,test
10039,sports,test
4819,sports,test
4575,sports,test
11341,sports,test
2329,sports,test
4508,sports,test
594,sports,test
1632,sports,test
6649,sports,test
7945,sports,test
9851,sports,test
7544,sports,test
2260,sports,test
4735,sports,test
2900,business,test
4258,politics,test
5446,politics,test
2892,sports,test
1712,sports,test
1995,politics,test
4196,sports,test
3120,politics,test
7815,sports,test
3135,sports,test
5682,business,test
4113,business,test
5790,politics,test
2834,sports,test
6826,sports,test
2702,sports,test
9859,sports,test
6146,sports,test
7511,sports,test
10977,sports,test
1597,sports,test
9890,politics,test
9664,sports,test
4629,sports,test
5837,sports,test
5976,sports,test
1899,sports,test
7955,politics,test
7644,sports,test
11220,sports,test
3808,sports,test
1986,sports,test
6,sports,test
3064,sports,test
7753,politics,test
10021,sports,test
9907,sports,test
9576,sports,test
4477,business,test
3622,sports,test
3779,sports,test
10713,sports,test
7859,politics,test
8423,sports,test
3408,sports,test
2293,sports,test
7487,sports,test
10540,sports,test
6309,sports,test
4198,business,test
8281,sports,test
7467,sports,test
8731,business,test
8119,sports,test
7837,sports,test
1143,sports,test
1670,sports,test
8508,sports,test
10630,sports,test
9953,sports,test
1481,sports,test
5113,sports,test
6162,sports,test
11471,sports,test
8344,politics,test
456,sports,test
236,sports,test
11193,business,test
8109,sports,test
1792,business,test
9951,sports,test
11514,sports,test
10357,politics,test
5250,sports,test
4093,sports,test
3047,sports,test
388,sports,test
1009,sports,test
119,business,test
9666,sports,test
5134,sports,test
9591,sports,test
842,sports,test
2436,business,test
8076,sports,test
1281,sports,test
2556,sports,test
5576,sports,test
4448,sports,test
10137,sports,test
5683,sports,test
5106,business,test
1813,sports,test
6511,sports,test
1580,sports,test
4646,sports,test
9553,business,test
6254,politics,test
9199,sports,test
6551,sports,test
1190,sports,test
1848,sports,test
7042,sports,test
615,sports,test
11250,sports,test
1151,sports,test
4277,politics,test
11335,sports,test
2413,sports,test
9036,sports,test
4969,sports,test
507,sports,test
4965,sports,test
4921,sports,test
9054,sports,test
11075,sports,test
8816,business,test
6141,sports,test
10803,sports,test
7620,sports,test
3800,business,test
3479,sports,test
8477,sports,test
4478,business,test
3308,sports,test
2494,sports,test
4249,sports,test
2210,sports,test
562,sports,test
4536,sports,test
10461,sports,test
7323,sports,test
8648,sports,test
10939,sports,test
9970,politics,test
1483,sports,test
4759,sports,test
5647,sports,test
5640,sports,test
86,sports,test
11106,business,test
58,sports,test
9016,sports,test
582,sports,test
7095,sports,test
7033,sports,test
1500,business,test
6586,politics,test
8841,sports,test
9644,business,test
10061,politics,test
11048,business,test
6695,sports,test
1862,sports,test
1502,business,test
7099,politics,test
6448,sports,test
9484,sports,test
4359,politics,test
9381,sports,test
2389,sports,test
8573,sports,test
2463,sports,test
11337,sports,test
21,sports,test
4632,politics,test
4176,sports,test
4898,sports,test
9325,sports,test
726,sports,test
9358,sports,test
10860,sports,test
7608,sports,test
8907,sports,test
452,sports,test
6109,sports,test
6497,sports,test
4609,politics,test
6168,sports,test
7048,sports,test
2620,business,test
3191,sports,test
1797,sports,test
885,business,test
565,sports,test
1593,sports,test
9800,sports,test
2592,sports,test
6878,business,test
9846,sports,test
5038,sports,test
9809,sports,test
382,sports,test
9021,sports,test
4115,sports,test
4094,sports,test
7925,sports,test
6731,politics,test
1229,sports,test
9159,sports,test
2721,sports,test
3007,sports,test
11498,business,test
1291,sports,test
5165,business,test
5103,sports,test
3620,sports,test
5046,sports,test
2976,sports,test
11407,sports,test
3850,politics,test
5275,business,test
2470,sports,test
4778,business,test
7226,sports,test
1374,sports,test
5059,politics,test
1562,sports,test
6007,sports,test
10902,sports,test
8575,sports,test
4925,politics,test
4526,sports,test
7829,sports,test
3581,sports,test
4109,sports,test
6178,sports,test
9471,sports,test
11223,business,test
2615,sports,test
504,sports,test
323,business,test
5289,sports,test
9949,business,test
10231,politics,test
6890,sports,test
3638,politics,test
5255,sports,test
4263,sports,test
8666,sports,test
7717,sports,test
8235,sports,test
2707,sports,test
5092,sports,test
2515,sports,test
1333,sports,test
11394,business,test
10029,politics,test
2415,sports,test
2797,sports,test
5021,politics,test
8161,sports,test
7403,sports,test
7,sports,test
454,business,test
10842,sports,test
7191,sports,test
4305,sports,test
3606,politics,test
7970,politics,test
5824,sports,test
6237,sports,test
10314,sports,test
5469,sports,test
10004,sports,test
3266,sports,test
3565,politics,test
1107,sports,test
7388,sports,test
11019,business,test
3393,sports,test
6827,sports,test
954,sports,test
3646,politics,test
8968,sports,test
1296,business,test
10765,sports,test
7365,sports,test
4634,sports,test
2772,sports,test
3682,sports,test
2945,sports,test
8224,politics,test
10161,politics,test
9331,sports,test
10543,politics,test
9974,sports,test
11202,sports,test
6429,sports,test
629,business,test
858,sports,test
3851,sports,test
7475,politics,test
7009,politics,test
6617,business,test
5643,politics,test
8538,politics,test
3298,sports,test
8936,sports,test
9821,politics,test
9437,sports,test
10727,sports,test
5034,sports,test
3126,sports,test
544,business,test
4369,sports,test
9570,sports,test
4995,sports,test
6330,politics,test
9497,sports,test
1371,sports,test
2537,business,test
2479,business,test
1669,sports,test
10310,sports,test
3976,sports,test
10962,sports,test
618,sports,test
9771,sports,test
6447,sports,test
5448,business,test
315,sports,test
7493,politics,test
4240,sports,test
2778,business,test
6436,politics,test
2478,sports,test
11483,sports,test
1700,sports,test
7805,sports,test
9188,politics,test
2608,business,test
11173,business,test
6242,sports,test
4835,politics,test
10996,sports,test
4400,sports,test
476,business,test
4565,business,test
3584,sports,test
6706,sports,test
10743,business,test
10073,sports,test
10371,sports,test
696,sports,test
11326,sports,test
11417,sports,test
3558,sports,test
11121,sports,test
2913,sports,test
5337,sports,test
7181,sports,test
5262,sports,test
8563,sports,test
7070,sports,test
2982,business,test
2880,sports,test
8230,sports,test
7217,sports,test
1083,sports,test
3575,politics,test
9534,business,test
6797,sports,test
5607,sports,test
3645,sports,test
712,politics,test
8254,sports,test
8940,sports,test
11515,sports,test
9593,sports,test
8642,sports,test
8295,politics,test
71,sports,test
8073,politics,test
4183,sports,test
8105,sports,test
8008,sports,test
762,sports,test
11077,business,test
4968,sports,test
7912,sports,test
10336,sports,test
4946,business,test
6208,sports,test
1336,sports,test
6990,sports,test
8003,politics,test
6938,sports,test
9975,business,test
40,sports,test
1463,sports,test
3552,sports,test
7450,sports,test
10071,sports,test
10714,business,test
9905,sports,test
5799,sports,test
1664,sports,test
3825,politics,test
6296,sports,test
4988,politics,test
10700,sports,test
6791,politics,test
4999,sports,test
2576,business,test
9356,sports,test
2378,sports,test
3371,sports,test
5731,sports,test
9923,politics,test
4864,sports,test
4218,sports,test
9076,sports,test
5874,sports,test
3888,sports,test
7825,business,test
7733,sports,test
11387,sports,test
599,sports,test
3081,sports,test
5005,sports,test
10689,sports,test
5783,sports,test
5400,sports,test
3667,politics,test
6854,sports,test
573,sports,test
2625,sports,test
9739,sports,test
1734,sports,test
4345,business,test
3068,sports,test
4903,sports,test
8068,politics,test
1551,sports,test
275,sports,test
749,sports,test
7865,sports,test
4490,sports,test
699,business,test
4187,sports,test
11426,sports,test
9532,politics,test
10537,sports,test
10584,sports,test
3167,sports,test
2341,sports,test
9415,sports,test
2144,sports,test
3615,sports,test
8097,sports,test
6176,sports,test
10363,sports,test
11446,sports,test
4906,sports,test
2416,business,test
6569,sports,test
5313,sports,test
8577,business,test
1439,sports,test
5356,sports,test
8487,sports,test
6163,sports,test
7721,politics,test
3501,sports,test
8824,sports,test
581,sports,test
9945,business,test
10164,sports,test
5142,politics,test
2384,sports,test
6676,sports,test
5200,politics,test
7421,sports,test
10652,sports,test
4619,sports,test
11135,sports,test
7047,politics,test
6910,sports,test
949,sports,test
7900,sports,test
419,sports,test
6584,sports,test
9378,sports,test
6634,business,test
8274,sports,test
232,sports,test
5300,sports,test
7885,sports,test
9805,politics,test
8468,sports,test
7615,sports,test
10783,sports,test
11049,sports,test
2077,sports,test
10456,business,test
4039,sports,test
6067,sports,test
8993,politics,test
4998,sports,test
8185,business,test
181,sports,test
10596,sports,test
5908,politics,test
7380,politics,test
10002,sports,test
4534,politics,test
3057,sports,test
11360,sports,test
6386,sports,test
1100,sports,test
8070,sports,test
2296,sports,test
3445,sports,test
4105,sports,test
4451,sports,test
9311,sports,test
783,sports,test
5953,business,test
1709,business,test
6456,politics,test
9229,sports,test
4225,politics,test
10940,sports,test
6812,sports,test
48,sports,test
7442,politics,test
4851,sports,test
4371,sports,test
704,business,test
3536,politics,test
141,sports,test
3022,sports,test
3171,sports,test
1699,sports,test
1924,politics,test
342,sports,test
3267,sports,test
5932,sports,test
9219,sports,test
3820,sports,test
11203,sports,test
4552,politics,test
1685,sports,test
4181,sports,test
2565,sports,test
11427,sports,test
10133,sports,test
4043,sports,test
2014,business,test
11512,sports,test
8620,sports,test
4691,sports,test
6637,sports,test
964,business,test
3015,business,test
3422,sports,test
8181,sports,test
2182,sports,test
298,sports,test
11083,business,test
5232,sports,test
174,sports,test
96,sports,test
7529,sports,test
9982,sports,test
6991,sports,test
5481,sports,test
3539,sports,test
6049,sports,test
8057,sports,test
8576,sports,test
5738,sports,test
11035,business,test
4106,sports,test
650,sports,test
10398,sports,test
3898,politics,test
8865,business,test
9346,sports,test
1795,sports,test
10101,politics,test
2300,sports,test
11444,sports,test
6313,sports,test
1146,sports,test
3674,sports,test
10761,politics,test
7490,sports,test
4767,sports,test
2907,politics,test
3505,sports,test
9498,business,test
9595,sports,test
1686,sports,test
9583,sports,test
214,sports,test
4987,business,test
10103,sports,test
3112,sports,test
8969,sports,test
9474,sports,test
11169,sports,test
5957,business,test
9191,sports,test
7272,sports,test
6775,sports,test
7456,sports,test
6624,sports,test
10611,sports,test
9082,business,test
9512,sports,test
9167,sports,test
11327,business,test
5088,business,test
2446,business,test
11458,sports,test
8253,sports,test
6998,sports,test
5969,sports,test
9363,politics,test
10488,sports,test
1778,sports,test
6499,business,test
8201,sports,test
864,sports,test
1225,sports,test
1836,sports,test
5798,politics,test
8649,sports,test
11079,business,test
8458,business,test
4018,politics,test
3762,sports,test
8612,politics,test
8786,sports,test
3601,sports,test
9519,sports,test
7284,sports,test
2942,sports,test
8293,politics,test
4139,sports,test
1846,sports,test
9633,sports,test
2939,sports,test
2485,sports,test
4215,politics,test
8515,sports,test
11333,sports,test
9564,sports,test
5439,sports,test
9527,sports,test
366,business,test
8595,sports,test
5177,sports,test
9227,politics,test
4894,sports,test
8557,sports,test
4500,sports,test
2266,sports,test
2716,politics,test
5822,politics,test
6024,sports,test
8629,sports,test
6751,sports,test
4628,sports,test
11365,sports,test
913,sports,test
6768,sports,test
8038,sports,test
4734,sports,test
5593,sports,test
7429,sports,test
1610,sports,test
1540,sports,test
8770,sports,test
10836,sports,test
131,sports,test
648,sports,test
10844,sports,test
9435,sports,test
3521,sports,test
2428,sports,test
9468,sports,test
3008,sports,test
11064,sports,test
7901,sports,test
2239,sports,test
5312,sports,test
3211,sports,test
759,business,test
1553,business,test
10154,politics,test
6933,sports,test
10629,sports,test
8718,business,test
5397,politics,test
1003,sports,test
9041,sports,test
135,sports,test
6343,sports,test
2890,sports,test
7513,sports,test
10599,sports,test
436,sports,test
10160,politics,test
8863,sports,test
3024,sports,test
10819,sports,test
9342,sports,test
10710,sports,test
1204,sports,test
6151,sports,test
1330,sports,test
4989,politics,test
6616,politics,test
7518,sports,test
9153,sports,test
10741,sports,test
6369,sports,test
3096,sports,test
4582,sports,test
9496,sports,test
6841,sports,test
8493,sports,test
2804,sports,test
996,business,test
50,sports,test
8486,sports,test
8084,sports,test
10355,sports,test
2371,sports,test
8059,sports,test
10440,politics,test
950,sports,test
7776,sports,test
3391,sports,test
5330,sports,test
9369,sports,test
8472,sports,test
8837,politics,test
1872,sports,test
4404,sports,test
11156,sports,test
267,sports,test
7469,sports,test
9577,sports,test
4186,sports,test
10214,politics,test
1182,sports,test
3400,sports,test
1081,sports,test
3885,business,test
8704,sports,test
1427,sports,test
2262,sports,test
9207,politics,test
4292,sports,test
9559,sports,test
7142,sports,test
6909,sports,test
10509,politics,test
4647,sports,test
11042,business,test
10016,sports,test
6241,sports,test
8307,sports,test
10254,sports,test
646,sports,test
7800,sports,test
11189,sports,test
4884,sports,test
10208,sports,test
7533,sports,test
10671,sports,test
767,sports,test
14,business,test
7460,politics,test
692,sports,test
5146,sports,test
1622,sports,test
4626,politics,test
2298,sports,test
1319,sports,test
1926,sports,test
1832,business,test
8120,business,test
8082,sports,test
829,sports,test
3922,sports,test
9598,sports,test
6958,sports,test
4957,sports,test
9253,sports,test
1727,sports,test
10056,politics,test
9871,politics,test
7582,politics,test
2059,sports,test
9344,business,test
9404,sports,test
11306,business,test
9291,business,test
2375,sports,test
4841,sports,test
6805,sports,test
8809,sports,test
274,business,test
4159,sports,test
8903,politics,test
3194,business,test
2387,business,test
4702,sports,test
7363,politics,test
4753,politics,test
5964,business,test
4042,sports,test
6704,sports,test
4166,sports,test
866,business,test
9028,sports,test
9330,sports,test
2842,sports,test
4430,sports,test
9866,sports,test
7878,sports,test
1124,sports,test
11468,sports,test
9340,sports,test
9606,sports,test
4441,sports,test
10327,sports,test
6137,sports,test
11080,business,test
9717,sports,test
5925,sports,test
6081,politics,test
3132,sports,test
3175,sports,test
5675,sports,test
2490,sports,test
2307,business,test
163,sports,test
6152,sports,test
9947,sports,test
11510,sports,test
673,sports,test
802,sports,test
6699,sports,test
915,sports,test
4461,sports,test
6598,sports,test
4544,sports,test
7014,sports,test
2725,sports,test
5261,sports,test
4834,sports,test
8071,politics,test
740,sports,test
