row_id,label,text,prediction,confidence,prob_business,prob_politics,prob_sports
6332,politics,"washington — medicare beneficiaries can sign up for private health plans starting tuesday, but federal officials fear that many of them, out of confusion, might go to the new federal insurance exchange .in fact, people with medicare generally cannot buy insurance through the exchange . policies sold there duplicate many benefits provided by medicare, and it is illegal for insurance companies, agents and brokers to sell such polices to people known to have medicare, federal officials said monday.more than one-fourth of the 52 million medicare beneficiaries are in private managed care plans known as medicare advantage, and the obama administration is giving these insurance companies a fresh infusion of federal money .earlier this year, the administration reversed a proposed cut in federal payments to medicare advantage plans and decided — despite the recommendations of career government officials — to increase payments to them in. the decision followed extensive lobbying by the insurance industry . medicare actuaries estimate that as a result payments to insurers will rise by.5 billion in 2014 and by $60 billion over 10 years. those numbers include additional premiums that will be paid by medicare beneficiaries, roughly.5 billion next year and $14 billion over 10 years.joan m. jenness, 81, a retired schoolteacher who lives in bridgton, me., said she had been watching the rollout of the federal exchange ""with fascination, muted horror and sympathy"" for people struggling to use it.""i am very glad that i do not have to worry about the exchange and health plans offered on the exchange, with their limited networks of doctors and hospitals,"" said ms. jenness, who added that her experience with medicare had been ""very satisfactory.""in a bulletin for older americans, the obama administration emphasized that people on medicare did not have to worry about the exchanges, or marketplaces, where millions of americans have been trying to shop for private insurance since oct. 1.the medicare handbook, sent to beneficiaries last month, drove home the point, saying, "" medicare isn't part of the marketplace .""during the annual open enrollment period, which begins tuesday, medicare beneficiaries can sign up for medicare advantage plans offered by insurers like unitedhealth and humana and by blue cross and blue shield companies .a recent government notice to medicare beneficiaries says: ""the health insurance marketplace is designed to help people who don't have any health insurance . you have health insurance through medicare . the marketplace won't have any effect on your medicare coverage .""the open enrollment period for medicare runs to dec. 7 and overlaps with the open enrollment period for the exchanges, which is from oct. 1 through march.to minimize confusion, the administration said that people on medicare ""should make sure that they are reviewing medicare plans and not marketplace options.""the potential for confusion is substantial. a number of insurers have used the terms ""gold,"" ""silver"" or ""platinum"" for products sold to medicare beneficiaries, and similar terms are now used in the exchange .humana gold plus is the name of a health maintenance organization for medicare beneficiaries . coventry health care, acquired this year by aetna, offers medicare h.m.o.'s known as advantra silver and gold advantage.anne m. armao, a vice president of summacare, in akron, ohio, said the company had changed the names of its silver and gold medicare advantage plans to sapphire and emerald to avoid confusion with products offered on the exchange to people under.in newspaper advertisements intended for medicare beneficiaries last week, bruce d. broussard, the chief executive of humana, said: ""we want to reassure you that these changes won't affect how you enroll in medicare . so you can relax — there's no need to worry.""humana has reason to be concerned about public confusion: it derives more than 60 percent of its revenue — $25 billion of $39 billion last year — from medicare advantage .judith a. stein, the executive director of the nonprofit center for medicare advocacy, said she had received many calls from beneficiaries who believed incorrectly that ""because of obamacare they have to make some change or have to go to the new marketplace .""",business,0.7183728923383391,0.7183728923383391,0.28143687794005434,0.00019022972160663698
6531,business,"washington — the supreme court heard arguments on wednesday in a major labor case that, depending on how it is resolved, could hamper the ability of unions to mount successful campaigns to organize workers.the case concerns deals in which employers aid unionization drives in exchange for labor peace, sometimes called ""neutrality agreements."" several justices seemed receptive to the idea that such deals could run afoul of a federal labor law that bars employers from giving a ""thing of value"" to unions . chief justice john g . roberts jr . seemed skeptical of deals that include "" card check"" arrangements, in which employers allow unions to collect cards from workers saying they want a union, rather than putting the question to a secret vote.voluntary agreements to join a union are one thing, the chief justice said, while a deal between an employer and union allowing elections by card check ""taints that process, in particular by allowing the card check procedure that it has been argued exercises coercion against employees to support the union.""other justices seemed wary of interpreting the federal law too literally. justice anthony m . kennedy said that a strict reading of the law would be ""contrary to years of settled practices and understandings .""as part of the arrangements at issue in the case, unite here local 355 v. mulhall, no. 12-99, a florida racetrack and casino, mardi gras gaming, agreed to provide information about its workers to the union, to permit organizers onto its grounds, to allow the card check procedure and to remain neutral.in exchange, the union agreed to spend more than,000 to support a casino gambling ballot initiative and not to picket or strike against mardi gras during the unionization drive.such arrangements are commonplace in the hospitality business, said richard g. mccracken, a lawyer for the union. ""they are efficient,"" he said of the deals. ""they avoid the hard feelings that come in many contested organizing campaigns and thereby create a good environment for collective bargaining.""mr. mccracken said a ruling banning neutrality agreements would be ""extremely damaging.""but justice samuel a. alito jr . said that some of what the union agreed to provide fit comfortably within the usual definition of a ""thing of value.""""why wouldn't the right to use private property in a way that otherwise wouldn't be allowed constitute a thing of value?"" he asked.mr. mccracken responded that a right of access is not a true property right but something less tangible.his main adversary, william l. messenger, a lawyer for martin mulhall, a worker who had objected to the agreement between the casino and the union, said that allowing such deals during organizing campaigns ""would tear a massive hole"" in the federal labor law . the law bans gifts from employers to unions, he said, and it should be enforced.michael r. dreeben, a deputy solicitor general, argued for the federal government in support of the union. he said the phrase ""thing of value,"" read in isolation, could apply to some of what the casino had promised to do. but the law's other provisions and the general policy behind it, he said, favor sensible ground rules for organizing campaigns and allow neutrality agreements. justice elena kagan agreed with that expansive view of what is permissible in negotiations between employers and unions .""i would have thought that the premise and the policies of the labor laws are to encourage a wide variety of employer-employee agreements,"" she said. ""the idea is to get these parties together to reach agreements on a wide variety of things that matter to them."" justice stephen g . breyer urged the court to be practical. ""you don't have to get into a metaphysical argument about 'things of value,' "" he said.""lists, access, promises to stay neutral are central to many aspects of organizing campaigns,"" he said. ""to throw them in here is going to create a mess.""still, justice sonia m. sotomayor said she was troubled by the money that the union had agreed to spend. ""tell me how i deal with that niggling problem i have about the,000, because it does feel like a bribe to the employer,"" she said.mr. mccracken said it was commonplace for unions to work to expand their employers' businesses out of self-interest. ""they do it because they want the jobs,"" he said.",politics,0.7404216773231764,0.2595084798727313,0.7404216773231764,6.984280409230188e-05
6999,business,"weeks of frantic technical work appear to have made the government's health care website easier for consumers to use. but that does not mean everyone who signs up for insurance can enroll in a health plan .the problem is that the systems that are supposed to deliver consumer information to insurers still have not been fixed. and with coverage for many people scheduled to begin in just 30 days, insurers are worried the repairs may not be completed in time.""until the enrollment process is working from end to end, many consumers will not be able to enroll in coverage,"" said karen m. ignagni, president of america's health insurance plans, a trade group .the issues are vexing and complex. some insurers say they have been deluged with phone calls from people who believe they have signed up for a particular health plan, only to find that the company has no record of the enrollment. others say information they received about new enrollees was inaccurate or incomplete, so they had to track down additional data — a laborious task that will not be feasible if data is missing for tens of thousands of consumers .in still other cases, insurers said, they have not been told how much of a customer's premium will be subsidized by the government, so they do not know how much to charge the policyholder.in trying to fix healthcare. gov, president obama has given top priority to the needs of consumers, assuming that arrangements with insurers can be worked out later. the white house announced on sunday that it had met its goal for improving healthcare. gov so the website ""will work smoothly for the vast majority of users .""in effect, the administration gave itself a passing grade. because of hundreds of software fixes and hardware upgrades in the last month, it said, the website — the main channel for people to buy insurance under the 2010 health care law — is now working more than 90 percent of the time, up from 40 percent during some weeks in october.jeffrey d. zients, the presidential adviser leading the repair effort, said he had shaken up management of the website so the team was now ""working with the velocity and discipline of a high-performing private sector company .""mr. zients said,000 people could use the website at the same time and that the error rate, reflecting the failure of web pages to load properly, was consistently less than 1 percent, down from 6 percent before the overhaul.pages on the site generally load faster, in less than a second, compared with an average of eight seconds in late october, mr. zients said.whether mr. obama can fix his job approval ratings as well as the website is unclear. public opinion polls suggest he may have done more political damage to himself in the last two months than republican attacks on the health care law did in three years.people who have tried to use the website in the last few days report a mixed experience, with some definitely noticing improvements.""every week, it's been getting better,"" said lynne m. thorp, who leads a team of counselors, or navigators, in southwestern florida . ""it's getting faster, and nobody's getting kicked out.""but neither mr. zients nor the department of health and human services indicated how many people were completing all the steps required to enroll in a health plan through the federal site, which serves residents of 36 states .and unless enrollments are completed correctly, coverage may be in doubt.for insurers the process is maddeningly inconsistent. some people clearly are being enrolled. but insurers say they are still getting duplicate files and, more worrisome, sometimes not receiving information on every enrollment taking place ."" health plans can't process enrollments they don't receive,"" said robert zirkelbach, a spokesman for america's health insurance plans .despite talk from time to time of finding some sort of workaround, experts say insurers have little choice but to wait for the government to fix these problems. the insurers are in ""an unenviable position,"" said brett graham, a managing director at leavitt partners, which has been advising states and others on the exchanges . ""although they don't have the responsibility or the capability to fix the system, they're reliant on it.""",politics,0.7006097941443845,0.2992949068682631,0.7006097941443845,9.529898735252218e-05
2849,politics,"as the much-anticipated health care exchanges opened amid bitter partisan debate and technical problems, the federal government released data late tuesday showing that about 100 insurers were participating in the federally run marketplaces, offering more than,700 varieties of health insurance plans .as anticipated, the premiums vary widely from state to state and region to region, the data shows, from $100 a month for a 27-year-old in one oklahoma county who chooses the lowest-level bronze plan to more than,900 for someone of the same age choosing the highest-level gold plan in a virginia suburb of washington .while federal officials have released selected information about the insurance offerings available under the affordable care act, tuesday was the official unveiling of plans and their costs in the 34 states whose marketplaces are being operated largely by the federal government and available through the web site healthcare. gov . the remaining states have developed their own marketplaces, or exchanges .while more detailed information is expected to become available in the coming days and weeks, federal officials revealed the rates for six representative groups – a 27-year-old, a 50-year-old, a family, a single-parent family, a couple and a child — late tuesday afternoon .the premiums are before tax credits, or subsidies, that could significantly lower the cost of coverage in many cases. the data does not provide specific detail about the plans, such as out-of-pocket costs . in many cases, lower premiums result in higher co-payments for certain kinds of care.a 27-year-old resident of comanche county, okla., for example, can purchase the cheapest health plan from blue cross blue shield of oklahoma for a monthly premium of. or that same individual could spend nearly three times as much and choose instead the most expensive plan, from the same carrier, at a monthly cost of.but the range is even wider in some regions.within each state there are multiple plan options with a range of prices. plans with the cheapest monthly premiums – but with the highest deductibles and cost-sharing – are labeled ""bronze"" and cost an average of $242 for a 27-year-old. ""gold"" plans, among the most expensive of the choices but with lower deductibles and out-of-pocket expenses, can be purchased for an average premium of $310 for a 27-year-old. and ""silver"" plans split the difference, with an average premium of $262 for a 27-year-old. in comparison, a 27-year-old resident of prince george county, va., will spend a minimum of $159 each month for a ""bronze"" plan through anthem blue cross and blue shield or as much as,923 for a ""gold"" plan through optima health.various types of plans are available. only about a third are the most restrictive h.m.o.'s.most states have access to hundreds of each type of plan by metal tier, although smaller states tend to have fewer options. also, states are divided into regions for the purpose of pricing, and any given region in a state may not have access to all plans.for example, more than,000 plans are available in texas, but residents of harris county, where houston is, has access to fewer than 40 plans, including a dozen bronze and silver plans and 14 gold.dozens of counties have limited choices. for example, for the information provided, about 100 counties nationwide have five or fewer options including just one or two within a metal tier options. the most extreme example is florence, wis., which has only two choices, from the same carrier – silver and gold plans with costs ranging from a low of about $280 for a 27-year-old for a silver plan to a high of about,064 for a gold family plan.",business,0.6601359009181589,0.6601359009181589,0.33985429035354636,9.80872829470959e-06
9312,politics,"from the day in 1983 when he graduated cum laude from baylor university, tim smith fit the profile of a star alumnus. he went on to earn an m.b.a. at harvard and to lead an information technology company with 300 employees. the business school at baylor invited mr. smith to speak to classes about ""entrepreneurial finance,"" and he was named twice to its advisory board .then, as the fall semester began in, word reached the business school's dean that mr. smith was gay and living with his partner. mr. smith was ousted from the advisory board because his sexual orientation was deemed incompatible with baylor's baptist affiliation and theology.""you might as well tell rosa parks that she's welcome in the back of the bus,"" mr. smith, now, wrote at the time in an e-mail to the dean. ""any kind of limitation which puts people 'in their place' on some basis other than merit is not just bad business, it is wrong.""a generation later, as baylor holds its commencement ceremonies this weekend in waco, tex., the most famous member of the senior class will be an openly lesbian basketball star, brittney griner . the center on baylor's national championship women's basketball team in, twice the winner of the naismith trophy as the nation's top female player, first pick in the recent w.n.b.a. draft, ms. griner came out last month in a sports illustrated interview, followed by an essay in the new york times .by dint of her celebrity status, to say nothing of her marketplace value to the baylor brand, ms. griner has instantly altered the relationship between baylor and its gay students, one that has been awkward at best and contentious at worst. far from condemning her as a sinner, baylor offered ms. griner ""our admiration, appreciation and support,"" as the university's director of media communications, lori w. fogleman, wrote in an e-mail this week.plenty of caveats should be attached to this tolerance offensive. baylor continues to omit sexual orientation from its nondiscrimination policy. the university's official statement on sexual misconduct lists ""homosexual acts"" — as well as sexual harassment and adultery, among other behaviors — as ""misuses of god's gifts.""even so, if it is too soon to know with certainty whether baylor's public acceptance of ms. griner's sexuality will extend to the john and jane queer of its rank-and-file student body, a more expansive kind of change seems possible thanks to what one might call the griner effect.""the fact that she felt free enough to do that says something about the environment becoming more accepting than in the past,"" mr. smith said in a telephone interview last week. ""my impression is that the student body there is really pretty accepting, as students are at most campuses these days. the bigger issue is probably with donors and alumni of another generation.""erica heath, 20, a junior at baylor, has never watched the women's basketball team play, and has spotted its star player only once, eating in the same student cafeteria.yet ms. heath typifies the kind of garden-variety l.g.b.t. student at baylor who may benefit from the opening ms. griner has created.""the fact that this celebrity comes out means that faculty and staff have to recognize that there are l.g.b.t. students on their campus,"" ms. heath said. ""it can make teachers more aware of who they're speaking to. it's very easy to think you're in an all-straight, all- christian community at baylor . but you aren't.""baylor's history on gay issues has been a decidedly rocky one, with mr. smith's ouster and the policy language only part of the saga.in, a law firm retained by the university issued a cease-and-desist order against a group of gay and lesbian alumni using the logo "" baylor bear pride."" also in the early 2000s, university employees washed off a sidewalk chalk message from a student l.g.b.t. support group called ""baylorfreedom."" (ms. fogleman said that action was consistent with overall university policy, not directed at gay groups .)more recently, baylor has refused formal recognition to sexual identity forum, a group of l.g.b.t. and ""questioning"" students that includes ms. heath. before becoming baylor's president in, kenneth w. starr helped argue the california supreme court case defending proposition, the state's ban on same-sex marriage .even before ms. griner came out, though, signs of change were appearing. the university does allow sexual identity forum to meet openly in the student center. an economics professor, aaron hedlund, wrote an op-ed column in the student newspaper contending that one can disapprove of gay marriage on religious grounds while supporting it as a civil right.emerson collins, 33, who graduated in 2002 as part of baylor's elite university scholars program, came out only after leaving waco. he is collaborating with another baylor alumnus, del shores, on an indie film, ""southern baptist sissies,"" about four boys growing up gay in fundamentalist christian communities. so mr. collins has watched the brittney griner affair with acute interest.""someone always has to be first,"" he said. ""and when there's a great shining beacon who can be respected for who they are in addition to being in the l.g.b.t. community, that can make a big difference. baylor is going to continue to tout her success in her skill set. there's so much commercial benefit to baylor and its national profile . and you can't separate that from who she is. while it's a one-off, that's the way every important journey begins.""",sports,0.880235273626644,0.013262019822208712,0.1065027065511474,0.880235273626644
6688,business,"i'm a 24-year-old entrepreneur in mobile technologies. i haven't been flying for business all that long, but it's really important to my company's growth . i almost always leave home without doing much in terms of checking on my flight, having ground transportation or a hotel reserved. that may sound irresponsible, but i've found that mobile apps can do almost everything for me when i'm on the road.i first learned about how an app could really be helpful when i and several colleagues were working around the clock on a presentation for a client in los angeles . the presentation was planned for a wednesday. but monday afternoon, the client called and asked me to meet him in los angeles early tuesday morning . i needed to leave new york that afternoon if i had any shot of making the new meeting time.i left the office with only my laptop and my phone, and on the way to my apartment, i booked a ticket with an app and checked into my flight. i threw a few things into a bag, and then ran outside, hoping to catch a cab. but it was 4 p.m. and a shift change. there were no cabs in sight.i pulled up another app, booked a car, and was soon on my way to la guardia airport . i closed the deal the next day, and ever since i've been addicted to apps . i only wish there was an app to help me skip security .being a young guy, i really don't know that much about how to deal with children. on a recent flight from kennedy airport to beijing, i found myself sitting next to an 8-year-old boy. i'm not sure parents of six kids would know how to deal with him.just before taking off, the boy's father stood up from a few aisles away and mentioned casually to me, ""just warning you. he's a talker.""  i thought i could handle an 8-year-old. i was wrong. i had a 13- hour flight sitting next to probably the most curious juvenile on the planet.for the first few hours of the flight, the boy was playing loud video games . when those got old, he created the hilarious game of turning my reading light on and off to get a reaction from me. i tried being polite. i tried a semi-angry look. the little boy thought i was absolutely hysterical.his parents were oblivious to what was going on, chatting quietly before closing their eyes for a nap. lucky them. this boy was nonstop.during mealtime, he and i were served our appetizers, but for some reason the boy didn't receive his entree.   when i realized he had been skipped, i told the flight attendant he needed more food. at this point, i was midway through my dessert, and because of the language barrier, the flight attendant thought i said the boy needed another dessert. he got one. i was probably his hero.just as the boy had finished his first dessert and was moving onto his second, his mother woke up and came over to check on her child. she saw his empty dessert plate and then saw him diving into dessert no. 2. she started yelling at him in mandarin. though i speak a bit of mandarin, i stayed out of the conversation. i didn't want to get yelled at.she gave up and let her boy finish the second dessert. so now i'm stuck for the next five hours sitting next to an already talkative 8-year-old who is on a sugar high. good times. there wasn't an app invented that could save me.",sports,0.7981875651739841,0.19216979856003588,0.009642636265979988,0.7981875651739841
10332,politics,"in its first month of business, california's insurance exchange enrolled more people than any other state-run exchange and more than the federal exchange serving 36 states, which has been paralyzed by technological failures.about,000 people are enrolling in private health plans daily through california's exchange, officials there said, a rate that has picked up considerably over the last few weeks.peter v. lee, executive director of the exchange, said,830 people in california had enrolled in plans in october and,000 more enrolled through nov. 9.in addition, mr. lee said, more than,000 residents have been deemed eligible for medicaid under an expansion of the program that is taking place in california and many other states as part of the federal health care overhaul.""we're very pleased with our numbers,"" mr. lee said during a news conference in sacramento . ""the word of a positive experience is quickly spreading.""in all, 26,794 people enrolled in private plans through the federal exchange between oct. 1 and nov. 2, according to the obama administration . in texas, which has a higher percentage of uninsured residents than any other state, only,991 people enrolled. california was one of the first states to start building an exchange and has been aggressive in publicizing it to potential customers . still, covered california, as the exchange is known, is far from its goal of signing up at least,000 people who qualify for federal subsidies to buy private coverage by march, when the six-month open enrollment period ends.of about,000 people who signed up for private plans in october, only about,850, or 16 percent, qualified for subsidies to help with premium costs . none of the enrollees have necessarily paid their first month's premium, which is not due until late december. they could still change their minds and decide not to enroll after all. coverage is to begin on jan. 1. california did not release demographic details about the enrollees, like where they live and how old they are. some demographic data will be announced at a meeting of the exchange board next week. but mr. lee acknowledged that so far, a disproportionate number of enrollees are ""older folks with health conditions .""""we're going to see that shifting in dramatic ways as we go through november and december,"" he said, adding that as younger, healthier people ""understand how easy it is, when they understand the cost, they're also going to be signing up.""",business,0.9528993923072692,0.9528993923072692,0.046489236378681444,0.0006113713140494501
4113,business,"a group of state insurance commissioners emerged from a meeting with president obama and other federal officials on wednesday saying that state regulators would continue to decide on their own whether to go along with his recent proposal to let consumers keep older insurance plans for an extra year, even if the plans did not comply with regulations under the new health care law.in a conference call with reporters and in a statement issued after the meeting, they said they told the president they would not reach any consensus on what states should do. they said they warned the president that his proposal would amount to ""different rules for different policies and might result in higher premiums for consumers without addressing underlying concern of gaps in coverage .""jim donelon, president of the national association of insurance commissioners and the louisiana insurance commissioner, said in a statement that members of his organization, which represents state insurance commissioners, ""have been working to ensure that plans are compliant with the new rules.""he added, ""these proposed changes are creating a level of uncertainty that we must work together to alleviate."" white house officials acknowledged that each state had to make the decision that was best for its consumers ."" states have different populations with unique needs, and it is up to the insurance commissioner and health insurance companies to decide which insurance products can be offered to existing customers next year,"" the administration said in a statement.the meeting, which lasted 50 minutes, had a conciliatory tone, the regulators said, even as they declined to recommend a course of action to their counterparts across the country. the regulators said policy recommendations were not part of their mission.""we share the president's goal of affordable coverage for consumers, and we will work with the insurance companies in our states to implement changes that make sense while following our mandate of consumer protection,"" mr. donelon said.mr. donelon attended the meeting with former senator ben nelson of nebraska, who is chief executive of the organization; the connecticut insurance commissioner, thomas b. leonardi; and the north carolina insurance commissioner, wayne goodwin. kathleen sebelius, the secretary of health and human services and the highest-ranking official overseeing the health care law, was also there.mr. obama announced his proposal days earlier, intending to make good on his often-repeated pledge that consumers who liked their insurance plans could keep them. despite his pledge, insurers have sent out cancellation notices to millions of people in recent weeks . the cancellations, which insurers attributed largely to the new health care requirements, had created anxiety among holders of health policies and was being used by political opponents to attack another aspect of the health care law .although the president urged insurers to renew older policies for another year, the decision is ultimately up to insurance companies, which write the policies, and state insurance regulators, who typically have final say over whether the old policies can be sold and what insurers can charge for them.some states, like florida, have said they will allow consumers to renew old policies, but others, including washington and indiana, have said they will not adopt mr. obama's proposal. new york has also said it will not comply with the president's request. california is to announce its decision on thursday.",politics,0.9831359093130129,0.013686568398312176,0.9831359093130129,0.003177522288674958
8731,business,"greer, s.c. — for joerg klisch, hiring the first 60 workers to build heavy engines at his company's new factory in south carolina was easy. finding the next 60 was not so simple.""it seemed like we had sucked up everybody who knew about diesel engines,"" said mr. klisch, vice president for north american operations of tognum america. ""it wasn't working as we had planned.""so mr. klisch did what he would have done back home in germany: he set out to train them himself. working with five local high schools and a career center in aiken county, s.c. — and a curriculum nearly identical to the one at the company's headquarters in friedrichshafen — tognum now has nine juniors and seniors enrolled in its apprenticeship program.inspired by a partnership between schools and industry that is seen as a key to germany's advanced industrial capability and relatively low unemployment rate, projects like the one at tognum are practically unheard-of in the united states .but experts in government and academia, along with those inside companies like bmw, which has its only american factory in south carolina, say apprenticeships are a desperately needed option for younger workers who want decent- paying jobs, or increasingly, any job at all. and without more programs like the one at tognum, they maintain, the nascent recovery in american manufacturing will run out of steam for lack of qualified workers."" south carolina offers a fantastic model for what we can do nationally,"" said ben olinsky, co-author of a forthcoming report by the center for american progress, a liberal washington research organization, recommending a vast expansion in apprenticeships.despite south carolina's progress and the public support for apprenticeships from president obama, who cited the german model in his last state of the union address, these positions are becoming harder to find in other states . since, the number of apprentices has fallen by nearly 40 percent, according to the center for american progress study.""as a nation, over the course of the last couple of decades, we have regrettably and mistakenly devalued apprenticeships and training,"" said thomas e. perez, the secretary of labor. ""we need to change that, and you will hear the president talk a lot about it in the weeks and months ahead.""in november, the white house announced a new $100 million grant program aimed at advancing technical training in high schools . but veteran apprenticeship advocates say the obama administration has been slow to act.""the results have not matched the rhetoric in terms of direct funding for apprenticeships so far,"" said robert lerman, a professor of economics at american university in washington . ""i'm hoping for a new push.""in germany, apprentices divide their time between classroom training in a public vocational school and practical training at a company or small firm . some 330 types of apprenticeships are accredited by the government in berlin, including such jobs as hairdresser, roofer and automobile electronics specialist. about 60 percent of german high school students go through some kind of apprenticeship program, which leads to a formal certificate in the chosen skill and often a permanent job at the company where the young person trained.if there is a downside to the german system, it is that it can be inflexible, because a person trained in a specific skill may find it difficult to switch vocations if demand shifts.in south carolina, apprenticeships are mainly funded by employers, but the state introduced a four-year, annual tax credit of,000 per position in 2007 that proved to be a boon for small- to medium-size companies . the center for american progress report recommends a similar credit nationwide that would rise to,000 for apprentices under age.the emphasis on job training has also been a major calling card overseas for south carolina officials, who lured bmw here two decades ago and more recently persuaded france's michelin and germany's continental tire to expand in the state .""the european influence is huge,"" said brad neese, director of apprenticeship carolina, which links the state's technical college system with private companies to help create specialized programs. ""they are our strongest partners.""",politics,0.5054983207305207,0.49105387585888916,0.5054983207305207,0.0034478034105901896
6878,business,"whatever the explanation, the states whose economies are most dependent on government employment and economic activity are also the states that are most likely to vote for republicans, who generally campaign on promises to reduce the size of government .consider one measure, the proportion of civilian employees in each state with government jobs, whether federal, state or local. nationally, the proportion last month was 16 percent, the lowest figure since.but the variance among the 50 states is large. at the top of the list, with one out of four workers employed by the government, is wyoming . at the other extreme is pennsylvania, with just one in eight. wyoming is among the most republican states, and that is part of a pattern. of the 15 states with the highest proportion of government employment, 10 voted for mitt romney, the republican nominee, in last year's presidential election . (the district of columbia, with more than 30 percent of the employees working for the government, is not included in the list because it is not a state, but it voted for president obama .) of the 15 states with the lowest level of government employment, only two — indiana and tennessee — voted for mr. romney .if only the 25 states with the lowest level of government employment had voted in the election, mr. obama would have won the national popular vote by a landslide margin of.3 percentage points, much larger than his actual margin of.9 percentage points . but among the other 25 states, plus the district of columbia, mr. romney had a.2 percentage point margin and would have easily won the election .the charts show state rankings on that and three other measures. the 15 states with the largest government involvement are at the top and the 15 with the lowest government involvement are at the bottom. states whose names are shaded voted for mr. romney and dominate all four of the top lists. states that voted for mr. obama are not shaded, and dominate the bottom lists. it should be noted that people may work in a different state from the one in which they live and vote. the ranking based on the proportion of government employees is shown in the left column of the chart. next to it is a ranking based on the increase or decline in total government employment since january, when the number of permanent government employees peaked. coincidentally, that was also the month that mr. obama took office .the other two are based on the state gross domestic product numbers calculated by the bureau of economic analysis of the commerce department . one shows the proportion resulting from government activity, rather than private sector activity, in, the most recent figure available. the next shows how much real government g.d.p. increased — or decreased — in the two years from 2010 to.a complete list of the figures for all 50 states, plus the district of columbia, can be found online with this column at at nytimes.com/ businessday .the state g.d.p. figures may well understate the importance of — and the decline in — government activity. that is because they are computed differently from the national g.d.p. number. the national number is based on spending, while the state numbers are based on profits and income of workers. as a result, if a government pays for the construction of something, whether a school or a fighter jet, that will show up as government activity in the national figure. but for the state figures, it will show up as private-sector activity because the work was done by employees of construction or aerospace companies .by the state figures, real government g.d.p. across the country fell by.3 percent during the two years through. the national g.d.p. figures, which reflect a substantial decline in local and state government investments in such things as schools and highways, showed a.2 percent decline, the largest for any two-year period since the early 1950s, when the government was demobilizing after the korean war .whether measured by g.d.p. or jobs, the last several years have been marked by an extraordinary reduction in government in most parts of the country.",politics,0.8363337288620115,0.16349852091904435,0.8363337288620115,0.0001677502189441666
11223,business,"the occupational safety and health administration proposed long-awaited rules on friday to limit crystalline silica, a move it said would prevent nearly 700 deaths a year by reducing exposure to these very small particles that can cause lung cancer and other diseases.osha faced heavy pressure from labor leaders, who argued that the current exposure limits, adopted four decades ago, were lax and should be strengthened to prevent silicosis, an irreversible respiratory disease that can be fatal. but business groups lobbied against the proposal, questioning whether it would be feasible to carry out and noting that silicosis deaths were declining.""exposure to silica can be deadly, and limiting that exposure is essential,"" said david michaels, the assistant secretary of labor in charge of osha. he estimated that the proposed rule would prevent,600 new cases of silicosis each year.dr. michaels said the rules — issued after two and a half years of delay — would affect,000 businesses, 90 percent of them in construction. he said it would cost industry $640 million to comply with the new rules, averaging,242 a company — but he estimated that the total benefits would exceed $4 billion.crystalline silica — tiny particles no more than one-hundredth the size of grains of sand — is created during work with stone, concrete, brick or mortar . it can occur during sawing, grinding and drilling and is common in glass manufacturing and sand blasting. one government study found that many workers in hydraulic fracturing, known as fracking, were exposed to 10 times the permissible level of silica.dr. michaels said, ""every year, exposed workers not only lose their ability to work but also to breathe. this proposal is expected to prevent thousands of deaths from silicosis — an incurable and progressive disease — as well as lung cancer .""he said the public would have 90 days to submit written comments before public hearings would be held.marc freedman, executive director of labor law policy at the united states chamber of commerce, questioned the need for the rules. for general industry and maritime, the proposed permissible exposure levels will be cut to 50 micrograms a cubic meter of air from 100 micrograms. the construction industry's exposure levels will be cut 80 percent, to 50 micrograms from 250 in a cubic meter of air.mr. freedman said many businesses thought rigorous enforcement of current standards would be sufficient. ""i'm not saying employers don't want to spend the money on safety — the question is, is this doable?"" he said.tighter restrictions, he said, would affect the fracking industry. ""this could have a big impact on fracking, when that industry has been doing a lot of good things for the economy,"" he said.osha officials said that fracking executives had assured them that they were working to reduce silica exposure.peg seminario, director of safety and health for the a.f.l.-c.i.o., applauded osha's move. ""it's a very important rule — there are over two million workers exposed to silica,"" she said. ""it's long recognized as a hazard. the current standard was adopted more than 40 years ago, and it doesn't protect workers.""she said the proposal would require businesses to measure periodically for silica and to offer medical testing every three years, including chest x- rays and lung function tests, for workers exposed to permissible limits 30 days or more a year.ms. seminario noted that many canadian provinces already had the tighter exposure limits. she acknowledged, however, that there might not be enough certified laboratories to test whether businesses' air quality met the new standards.dr. michaels said it would cost an average of $550 for firms with fewer than 20 employees to comply with the proposed rules. among the steps companies could take to reduce silica particles, dr. michaels said, would be to use a vacuum or water hose with saws that produce such dust. for businesses that do extensive grinding, the grinding apparatus could be inside an airtight housing with a vacuum that draws away the particles. labor unions and other worker advocacy groups had criticized the obama administration for the delays, saying the office of management and budget — known for insisting on thorough cost-benefit analyses — sat on the proposal for more than two years. dr. michaels said the main reason for the delay was that his agency needed to analyze the new rules for 130 industries. he predicted that industries would find cheaper ways than osha foresees to tighten exposure limits."" the proposed rule uses common-sense measures that will protect workers' lives and lungs — like keeping the material wet so dust doesn't become airborne,"" he said. ""it is designed to give employers flexibility in selecting ways to meet the standard.""the american chemistry council, an industry group, issued a statement, saying the current exposure limit was ""appropriate to protect against silica-related disease, provided it is adhered to strictly."" noting that the mortality rate from silicosis has dropped more than 90 percent over the last 45 years, the council said, ""the cases of silicosis that still occur result from noncompliance with the current"" limit.but the american public health association, a nationwide group of public health professionals, applauded osha's move. georges c. benjamin, the association's executive director, said, ""the proposal marks an important step in addressing a serious health hazard for workers.""",politics,0.7848058993454233,0.21518163899793294,0.7848058993454233,1.2461656643915008e-05
7009,politics,"denver — hundreds of abandoned drilling wells dot eastern wyoming like sagebrush, vestiges of a natural gas boom that has been drying up in recent years as prices have plummeted.the companies that once operated the wells have all but vanished into the prairie, many seeking bankruptcy protection and unable to pay the cost of reclaiming the land they leased. recent estimates have put the number of abandoned drilling operations in wyoming at more than,200, and state officials said several thousand more might soon be orphaned by their operators . wyoming officials are now trying to address the problem amid concerns from landowners that the wells could contaminate groundwater and are a blight on the land.this month, gov . matt mead proposed allocating $3 million to pay for plugging the wells and reclaiming the land around them. and the issue is expected to be debated during next year's legislative session as lawmakers seek to hold drilling companies more accountable.""the downturn in natural gas prices has forced small operators out of business, and the problem has really accelerated over the last couple of years,"" said the governor's policy director, shawn reese. "" landowners would like their land to be brought back to a productive status and have orphaned wells cleaned up.""drilling companies in wyoming typically lease land from the state, private owners or the federal bureau of land management, depending on who owns the mineral rights.the state's oil and gas conservation commission already budgets $1 million a year to plug abandoned wells. and under the governor's proposal, the commission would appropriate another $3 million over the next four years in an effort to restore property value and reduce the risk of contamination.the money would come from a conservation tax that oil and gas companies pay.still, given the number of wells already abandoned and the concern that more will soon be deserted, the money is not expected to go far. the state estimated that closing the,200 wells already abandoned would cost about $8 million .compounding the problem, state officials estimate that wyoming may also have to plug,300 wells that are sitting idle but have not been entirely abandoned by operators .there are also 400 idle wells scattered across land owned by the bureau of land management, which has its own criteria for determining when a well on its land is considered abandoned or idle. state officials said they would need to work with the bureau to help deal with those wells, too. governor mead also wants the commission, which he sits on, to review the conservation tax and bonding requirements for drilling companies to determine whether they are sufficient.currently, companies must pay a,000 blanket bond to cover all of the wells they operate — often numbering in the hundreds — on state and private land in wyoming . once a well stops producing and is deemed idle, the operator must pay up to $10 a linear foot in bonding to offset the cost of reclamation.but it is at that point that some companies drift into financial trouble and cannot pay the additional fees, leaving the state to scramble to make up the cost.the governor's proposal has drawn support from landowner groups like the powder river basin coalition, which has been pushing the state to take a tougher tack toward financially marginal drilling companies .""there has been a lot of hand-holding and coddling over the years when it comes to oil and gas operators and their ability to pay the bonding,"" said jill morrison, an organizer with the group.ms. morrison said that the issue had largely been ignored during wyoming's peak boom years — from 1995 to.""we are really pleased there is an actual plan to move forward with an aggressive plugging and reclamation strategy,"" she said.the proposal is also backed by the petroleum association of wyoming, which favors raising the conservation tax to help pay for plugging fees. the group also supports higher bond fees for operators with tenuous finances .""it's how you weed out companies that are too risky to go into business with,"" said the group's president, bruce hinchey.but getting drilling companies who claim to be on the verge of collapse to take responsibility for wells they still technically own has proved difficult.one such company, patriot energy resources, which owns about 900 idle wells on state and private land, said in an october letter to governor mead that it was.9 million short of full bonding on those wells after the bankruptcy filing of luca technologies, its parent company .patriot has proposed allowing another drilling company to take on a part of its debt, saying it will have to abandon its wells otherwise. ""without this deal or something similar, patriot will be forced to file for bankruptcy and turn these wells and reservoirs over to the state of wyoming,"" a company official wrote in the letter.renny mackay, a spokesman for mr. mead, said the state was weighing the offer. state senator john j. hines, a republican who represents mineral-rich campbell and converse counties, said it was vital for lawmakers to take up the issue swiftly, because natural gas was so important to wyoming's economy .""all of this just came to a head at once,"" said mr. hines, who heads the senate's minerals committee .last spring, mr. hines was told by patriot that the hum of gas drilling activity on his own sprawling cattle ranch would soon grow quiet.soon after, the company, which leased parcels of mr. hines's land, disappeared completely — leaving behind more than 40 coal -bed methane wells and a jumble of pipes and pumps.""they informed me that they were shutting down because they were short of funds,"" mr. hines said. ""all of it, in my opinion, needs to be cleaned up.""",business,0.868837132800739,0.868837132800739,0.1309469391901255,0.00021592800913542977
7493,politics,"washington — the short-term plan to reduce greenhouse gas emissions that president obama outlined this week is achievable with some new programs and better management of existing ones, the new energy secretary, ernest j. moniz, said in an interview on thursday. but he said reaching a longer-term goal would require bigger reductions as well as action from congress .when mr. obama first ran for president, he pledged to reduce greenhouse gas emissions in the united states 80 percent by, compared with 1990 levels.mr. obama's interim goal, for, is a 17 percent reduction in global warming gas emissions compared with. the 2020 goal is already half achieved, dr. moniz said, and achieving the rest will require faster fulfillment of new appliance efficiency standards, among other steps. many of those standards are stuck in a bottleneck at the office of management and budget, which evaluates the costs and benefits of proposed regulations .""i think the president's commitment will provide the spur to o.m.b. and the energy department to move smartly on these,"" dr. moniz said.other steps include government loan guarantees for fossil fuel projects that will cut pollution, which the energy department will administer but has yet to describe in detail."" fossil fuels are not going away any time soon,"" dr. moniz said. he said it was essential to build power plants that would capture and bury their carbon dioxide emissions and that after that technology was commercialized for coal it would have to be used on natural gas as well. carbon emissions from power plants that use natural gas are about half of those from coal, but they are still not nearly small enough to meet long-term climate goals, he said.another step, he said, is the completion of new civilian nuclear power reactors at a price and on a schedule close to what has been budgeted. the department is still negotiating a loan guarantee for one of those projects, vogtle 3 and, near waynesboro, ga. he said that the four new reactors under construction — the other two are in south carolina — were only slightly larger, in capacity, than the four reactors whose retirements have been announced this year. in the long term, he said, it was essential that the plants under construction become templates for building more.by midcentury, when the president's goal is an 80 percent reduction in emissions compared with, ""you have to replace essentially all the nuclear capacity, and build more,"" he said.production of a new kind of factory -built ""small modular reactors "" would also be needed, but those would not be deployed by, he said.one of the big steps the president described this week was setting standards for carbon dioxide emissions from power plants . the energy department might play a role in helping improve power plant efficiency, but the standards would be set by the environmental protection agency .to reach the 80 percent goal, set forth by mr. obama when he first ran for president, would require cutting emissions every year by about 20 percent more than what the president proposed this week, said daniel m. kammen, director of the renewable and appropriate energy laboratory at the university of california, berkeley. mr. kammen also said the 17 percent goal is ""not as deep as i would like initially, but it's critical to do this step.""dr. moniz said that the interim goal was compatible with the long-term goal, but reaching the 2050 goal ""would require a lot more to happen.""",business,0.5753546714487191,0.5753546714487191,0.42463882198186614,6.506569414782938e-06
4565,business,"this spring, the missouri chamber of commerce urged the state legislature to accept the federal government's plan to expand medicaid for the poor and disabled.the business lobbying group had not suddenly gone rogue. here is how daniel p. mehan, its president, summarized his feelings about president obama's health care law : ""we don't like it.""but the chamber was cognizant of the plea of its members directly affected by the issue: dozens of missouri hospitals stood to lose.2 billion over six years in federal support for uncompensated care if the state refused to increase the income ceiling for medicaid eligibility.pragmatism suggested accepting the expansion. washington would pay the extra cost entirely for three years and pick up 90 percent of the bill thereafter.and it would expand health coverage in the state's poor, predominantly white rural counties, which voted consistently to put republican lawmakers into office.missouri's republican -controlled legislature — heavy with tea party stalwarts — rejected medicaid's expansion in the state anyway.after their vote, a frustrated editorial in the missourian, a faithfully conservative newspaper in washington, mo., asked of the state's elected republicans : ""who do they represent?""today, the same forces that blocked the expansion of medicaid in missouri are going all out in washington in a bid to undo all of the affordable care act . bowing to the vehemence of its tea party faction, the house g.o.p. forced a government shutdown when senate democrats refused to delay or defund the president's health overhaul. house republicans are threatening even further damage if they don't get their way, possibly unleashing financial chaos if they manage to force the united states into its first default ever on the government's debt .republicans' efforts raise the same perplexing question posed by the missourian: what drives tea party republicans and their financial backers ? what calculation persuades them that repealing the health care law is worth the risk ? indeed, whose interests do they represent?nearly 6 in 10 americans disapprove of trying to stop the law by cutting its financing . even among those who don't like the law, less than half want their representatives in congress to try to make it fail.it is tempting to discard the tea party activists driving the republican party as crazy — as some commentators have — motivated by fear and willing to believe that default won't cause much harm and might even act as a purgative to free the economy of a bloated government .""they listen to nobody but themselves,"" the harvard political scientist theda skocpol told me. ""they are convinced of their rectitude and convinced that they alone are qualified to save america from the dire threat of obama and his polices. they have worked themselves into a dangerous place.""their relationship with reality can take peculiar turns. reflexive opponents of "" government,"" they can exhibit little sense of what the government actually does.and yet the argument that half the republican party has simply lost its mind has to be an unsatisfactory answer, especially considering the sophistication of some of the deep-pocketed backers of the tea party insurgency .there is a plausible alternative to irrationality. flawed though it may turn out to be, obamacare, as the affordable care act is popularly known, could fundamentally change the relationship between working americans and their government . this could pose an existential threat to the small- government credo that has defined the g.o.p. for four decades.the law is imperfect. it has dozens of complicated, interlocking parts. half of americans say they don't understand how it will affect them and their family. still, the law has many provisions that are likely to improve life for millions of americans, including a big portion of what we know as the working middle class .almost two-thirds of uninsured americans have a full-time job, according to the kaiser family foundation . a further 16 percent are employed part time.the department of health and human services recently estimated that nearly six in 10 uninsured americans could qualify for health coverage in the insurance market for less than $100 per person per month.according to an analysis by the urban institute, 28 million americans would gain health insurance under obamacare . of these, eight million earn more than twice the poverty level of,100 for a family of four. a majority of those would get a subsidy to buy a plan.as it turns out, the core tea party demographic — working white men between the ages of 45 and 64 — would do fairly well under the law.take missouri . it has about,000 uninsured. almost half of them would have been eligible for expanded medicaid benefits, had the legislature not rejected them. many of the rest — including families of four making up to,000 — will be eligible to get subsidized health insurance .in st . louis, for instance, a family of four making,000 a year will be able to buy a middle-of-the-road ""silver"" health plan for $282 a month and a bottom-end ""bronze"" plan for. even medicare recipients will get a benefit worth a few hundred dollars a year.in, when president bill clinton took an earlier stab at a health care overhaul, the conservative thinker william kristol published a manifesto about why republicans had to stop it."" passage of the clinton health plan in any form would be disastrous,"" mr. kristol wrote, italicizing for emphasis. ""it would guarantee an unprecedented federal intrusion into the american economy . its success would signal the rebirth of centralized welfare-state policy at the moment that such policy is being perceived as a failure in other areas.""two decades after mr. clinton's ultimately failed attempt, obamacare poses the same sort of threat.even americans who say they dislike the law actually like many of its components. nearly three-quarters approve of giving financial help to poor and moderate- income americans to buy health insurance . two-thirds approve of barring insurance companies from denying coverage because of somebody's medical history . three-quarters favor letting children stay on their parents' insurance until they are.until now, social welfare programs in the united states have exhibited a ""big hole,"" professor skocpol said, consisting of nonpoor working-age americans and their children. obamacare closes a big chunk of it.""the main beneficiaries tend to have lower wages, employed in smaller businesses that are not providing health insurance,"" she said. ""they are not elderly. they are also not the poorest.""and they might be grateful to democrats for the benefit.to conservative republicans, losing a large slice of the middle class to the ranks of the democratic party could justify extreme measures.",politics,0.9861805670065555,0.0138172237845032,0.9861805670065555,2.20920894143554e-06
10714,business,"as the obama administration's health overhaul sputters in its opening weeks, insurers and advocacy groups are pursuing a new strategy in the quest to get millions of young people to sign up for health insurance : they're appealing to their mothers.in one cheeky campaign, aarp is urging mothers to send e-cards to their children reminding them to sign up. one e- card reads, ""as a reward for signing up for health insurance, i'll defriend you on facebook ."" another group, organizing for action, is seeking to steer holiday conversations toward health care by encouraging parents to have ""the talk"" with their adult children . and a colorado group is promoting an ad featuring a hapless young man who calls his mother from the golf course: ""yo, mom, do i got insurance ?""recruiting enough young people is a major goal of the obama administration because insurers need healthy customers to offset the cost of caring for those with expensive medical needs.the goal carries even more urgency now that insurers are considering a proposal by president obama to let people, many of them healthy, stay on their existing policies for another year. if fewer of those people buy insurance in the new marketplaces, signing up young people without insurance will be even more crucial. young people also account for a major chunk of the uninsured. about 40 percent of the estimated 41 million uninsured people nationwide who are eligible for coverage are between the ages of 18 and, according to the administration .even as supporters are enlisting mothers in the effort to sign up their adult children, critics have mounted an equally aggressive and well-funded campaign urging young people to ""opt out"" of coverage . opponents use many of the same marketing tools as the law's supporters, reaching out to young people on social media and through web videos. advocacy groups and insurers are expected to make a major marketing push beginning in early december, when the obama administration has said it expects the malfunctioning federal health care website to be working better. they have their targets set on two major deadlines: dec. 23, when insurance must be purchased for coverage beginning on jan. 1, and march, when the open enrollment period will end.beneath the marketing campaigns' playful language is a deeper truth: when it comes to making major life decisions, many people — especially young adults — still turn to their mothers for help. more broadly, women make about 80 percent of the health care decisions for their families, according to the federal labor department .""it's the cutest phenomenon ever,"" said lynn quincy, a senior health policy analyst at consumers union, who stumbled on the significance of mothers while conducting a focus group of men and women last year about how well people understood the language in their insurance policies . when asked who they turned to for advice about health care, the overwhelming answer was their mothers. ""these people could have husbands, they could have fathers, they may have a nurse who lives next door, but they're all going to their moms,"" she said.of course, the administration and advocacy groups are also reaching out directly to young people themselves, collaborating with outlets like the comedy website funny or die, initiating social media campaigns, handing out fliers at concerts and sponsoring a video contest aimed at getting young people to sign up.""people need to have heard about it a couple of times, and frankly from a couple of different sources,"" said jon carson, the executive director of organizing for action, the nonprofit group that grew out of president obama's 2012 campaign organization. he said mothers represented just one avenue that they hoped would help persuade a young person to enroll. the recently posted video is part of a campaign, called healthcare for the holidays, that seeks to arm parents with talking points when they see their children at family get-togethers.this approach may resonate especially well with the so-called millennial generation, which came of age in a recession and may still financially depend on their parents, say some experts.""millennials love their parents and they count on them for advice,"" said morley winograd, the co-author of three books on the millennial generation . he noted that this might sound surprising to baby boomers, who famously rebelled against their parents' generation. but millennials ""assume that their parents have more worldly experience, and know about things like money and health insurance,"" he said.mary babich, the mother of two children in their 20s without insurance, said she had been pestering both of them to sign up. ""they look at it as just government bureaucracy — as almost akin to filling out their taxes,"" said ms. babich, who lives in wisconsin . she paused, and added, ""the sad thing is, i've always done both of their taxes .""the mother-knows-best strategy isn't entirely new. in, when massachusetts introduced its health care law, officials mailed greeting cards, timed for mother's day, to the parents of young men between the ages of 18 and. market research had shown this group was among the most resistant to buying insurance . ""the idea was to trigger a phone call from the parent to the child to say, 'hey, by the way, do you have insurance ?' "" said kevin j. counihan, who served as chief marketing officer for massachusetts's health insurance marketplace at the time. ""we made the hypothesis that we could best reach the young men through their mothers.""the effort, mr. counihan said, was a moderate success: many parents decided to pick up the bill for their sons' health insurance . and more often than not, ""we found they bought the most expensive plan because apparently nothing was too good for johnny."" mr. counihan is now chief executive of connecticut's state marketplace and said he was still targeting the mothers of young men by focusing on churches and community groups where they are likely to be members. insurers are also taking note of this influence. shaun greene, the chief operating officer at arches health plan, a health care co-op in utah, said he was surprised during a recent televised call-in when he fielded several calls from parents who quickly handed the phone to their children. ""at least three of them had their kid by the ear,"" he said, explaining: ""my son or daughter needs insurance . talk to them.""a certain level of concern is just part of being a parent, said nicole duritz, who helped develop the aarp campaign. ""i'm a mom and i'm constantly worried about my kids, and making sure they're making good decisions,"" she said. ""and health insurance falls into that category.""that's certainly true for lynne jackier, of ithaca, n.y., who has been helping her 24-year-old daughter look into buying health insurance on the state marketplace . she also has a 26-year-old son who recently moved to california and is also uninsured.""i feel like, as parents, it's our responsibility to get them to look at this now,"" ms. jackier said.her daughter, rosie simon, works as a nanny in westchester county and said she had been uninsured since graduating from college a few years ago . although ms. simon said that she had heard about the changes coming under the health care law, she added that her mother had been persistent in making sure she signed up. last weekend, during a visit home, the two sat down at the computer and took the initial steps of completing an application on new york's marketplace .without insurance, ms. simon said she often delayed going to the doctor when sick, or leaned on her parents for help. ms. jackier, who is on medicaid and so can't cover her daughter through private insurance, said she had become accustomed to the frustrating conversations. ""she'll get sick and i'll say, 'you have go to the doctor,' "" ms. jackier said. ""and she'll say, 'well, i don't have insurance .' ""the family had a scare when ms. simon recently developed a serious kidney infection. her parents paid the bill, which cost a few hundred dollars . it wasn't ideal, ms. simon said, but ""i'm still their baby.""",politics,0.9680419497265507,0.029468123315300077,0.9680419497265507,0.0024899269581491897
7825,business,"washington — president obama nominated sarah bloom raskin on wednesday to be deputy treasury secretary . if confirmed by the senate, ms. raskin would be the highest-ranking woman to serve in that department.ms. raskin is a federal reserve governor and a former state banking regulator . at the treasury, ms. raskin would take the position held by neal s. wolin since the beginning of the administration .in a statement about ms. raskin, jacob j. lew, the treasury secretary, said, ""sarah has a deep understanding of banking and financial regulatory issues as well as a firm grasp of how to run large, complex organizations."" he added, ""sarah has demonstrated a strong commitment to protecting consumers, and she shares my conviction to do everything possible to increase job creation, accelerate economic growth and strengthen the middle class .""a person with knowledge of the process, but without permission to speak on the record about personnel policy, said mr. lew had put forward ms. raskin's name for the job and was particularly interested in her administrative abilities. the deputy secretary takes a large role in running the sprawling department, with tasks as diverse as the minting of currency and the collecting of taxes .mr. lew also appreciated her knowledge of financial markets and regulation given the enormous continuing task of putting into effect the dodd-frank regulatory reform law, this person said.ms. raskin is lawyer who was trained at harvard and who worked as a maryland state regulatory official before joining the fed in. she had earlier worked on capitol hill and at the promontory financial group, a consultancy .ms. raskin's move to the treasury would leave yet another vacancy at the central bank . the fed chairman, ben s. bernanke, is widely expected to leave at the end of his term in january, and elizabeth a. duke, a fed governor, plans to step down in late august.the search for a new federal reserve leader has raised questions about the relative dearth of women in top economic policy -making positions. janet yellen, the fed vice chairwoman, is considered a contender for the top job. lawrence h. summers, the former treasury secretary and economic adviser to mr. obama, is also considered a leading candidate to succeed mr. bernanke.some democratic members of congress and economists have urged mr. obama to appoint ms. yellen, while several current and former white house aides are said to be pressing for mr. summers.",politics,0.9492722075552893,0.05072336950269642,0.9492722075552893,4.422942014288703e-06
9945,business,"in many stores around the country, the workers stocking the shelves and ringing up the gifts are at the very heart of this season's retail lament —many americans are so financially strapped that projections for holiday sales have grown bleaker by the week.and more so than in years past, the focus is on retail workers as more stores open on thanksgiving day, requiring many more to work on the holiday. even if they have the option of staying home, those still stuck at the bottom economic rung long after the recession's end have little choice but to take on extra shifts. food stamps have been cut for some, and many were stung by the payroll tax increase . even their own companies have set up food drives to aid low-paid employees at individual stores or created help lines advising them how to stretch their food dollars and apply for public assistance .chardé nabors, a mother of two who works as a $9-an-hour cashier at sears in the chicago loop, feels left behind by the holiday festivities, partly because she was scheduled to work from:30 p.m. thanksgiving to 6 a.m. friday. ""i'm here watching shoppers buy all these items, and i'm working to help these people, and i can't even buy my children the same products,"" said ms. nabors, whose 3-year-old son wants a spider-man doll she cannot afford.for retail workers nationwide, who earn a median pay of about.60 an hour, or less than,000 a year, holiday shopping sprees are most often enjoyed by customers on the opposite side of the counter.on black friday, workers at walmart and their union allies plan to stage protests at some,500 walmart stores to demand higher pay . moreover, many lawmakers, seeing the squeeze on incomes nationwide, are pushing an idea that they say could give a much-needed boost to retailers' languishing sales: increasing the minimum wage .the idea has been picking up momentum, with several new developments in the last month.the massachusetts state senate approved a measure last week that would increase that state's minimum wage to $11 an hour, far more than the.25-an-hour federal minimum. hoping to reduce low-wage workers' dependence on government aid, a conservative billionaire in california, ronald unz, is backing a referendum to raise his state's minimum wage to $12 — even more than the $10 minimum that gov . jerry brown signed into law in september. and on tuesday, officials in washington state announced that voters in seatac, a seattle suburb, had approved a referendum to establish a $15-an-hour minimum wage for the,500 workers at the international airport there. also this week in maryland, the montgomery and prince george's county councils voted to raise the minimum to.50 an hour by. earlier this month, white house officials said they would back a bill in congress that calls for raising the federal minimum to.10 an hour over two years, although opposition within the republican-controlled house makes passage unlikely anytime soon. major retailers and fast-food companies have opposed an increase, saying it would force them to raise prices and reduce worker numbers.median pay for the nation's.4 million fast-food workers stands at.80 an hour. for tenesha hueston, a shift manager at a burger king in durham, n.c., a.10 minimum wage would be a godsend for her christmas shopping . she says her pay.75 an hour —is too meager for her to buy the gifts her children are hankering for: a bicycle for her 5-year-old son and a leapfrog tablet learning toy for her 4-year-old daughter. ms. hueston, 36 and recently divorced, does housecleaning on the side, and moved back into her father's house with her children last spring when burger king reduced her weekly hours.with a higher wage, ms. hueston said, ""i'd be able to buy things. maybe i'd be able to move out of my father's house. maybe i could get off food stamps . maybe i could start giving back to the economy .""",politics,0.8549289265260168,0.14503710984660295,0.8549289265260168,3.396362738031964e-05
8993,politics,"miami — sharp increases in federal flood insurance rates are distressing coastal homeowners from hawaii to new england and are starting to hurt property values and housing sales in areas just beginning to recover from the recession, according to residents and legislators . in recent weeks, the hefty flood insurance rate increases brought about by a 2012 law have stoked widespread alarm and uncertainty, prompting rallies, petitions and concern among state governors . mississippi has sued the federal government to try to block the law. the issue has even garnered the attention of lawmakers, otherwise mired in the acrimonious government shutdown . a bipartisan group of senators and house members from gulf coast states are pressing for significant adjustments to the law once the capitol returns to normal.the law, officially known as the biggert-waters flood insurance reform act, is being rolled out in stages, with a major part having gone into effect on oct. it removes subsidies that keep federal flood insurance premiums artificially low for more than a million policy holders around the country — a discount that was applied to properties that existed before the drawing of flood insurance rate maps.an estimated 20 percent of the property owners with federal flood insurance received these subsidies as the new law went into effect, and their premiums will rise, in some cases precipitously, either now, over the next several years or whenever they sell their properties. the exact amount of the increase depends on the home's elevation above flood level. approved by congress in july 2012 as part of a wide-ranging transportation bill, the biggert-waters act was intended to regain control of an increasingly unsustainable national flood insurance program . the subsidies within that program, in the view of critics, encouraged development in risky areas and led to costly claims after catastrophic events, payouts that were borne largely by those paying market rates .but the effort to stabilize the program means changing rules that have guided development in flood plains for decades. some property owners, including business owners and those who bought property after july, 2012, are shocked to be facing potential tenfold premium increases or, in some cases, significant losses to the value of their homes. property owners in the northeast first confronted the changes as they contemplated rebuilding in the wake of hurricane sandy last year. but owners of flood-prone properties elsewhere are just tuning in to the changes, with many still unclear how they will be affected.""the homeowners and business owners simply cannot withstand these gargantuan hikes,"" said senator bill nelson, a florida democrat and member of the bipartisan group of lawmakers pushing a bill to delay the increase. ""there is a lot of panic about this.""still, in recent years, costly flooding disasters, including hurricane sandy, have left the program $25 billion in debt, a situation that will most likely worsen because of climate change and coastal overdevelopment. and almost everyone involved agrees that the issue is not whether to change the program, but how to soften the impact on those hit hardest by the cost increases .""the flood insurance program is one big storm away from not existing at all,"" said steve ellis, the vice president of taxpayers for common sense, a nonprofit group that has long pushed for changes in the program. the group has suggested some measures to help those affected by the new law but insists that delays would only make problems worse. ""there's a lot of talk about fairness,"" mr. ellis said, ""but i would argue that it's not necessarily fair that some people are paying full risk-based rates and other people aren't.""the alarm over the new law spreads beyond those losing subsidies to even those who intentionally built outside of high-risk flood zones and are currently paying nonsubsidized but relatively low premiums . in the past, if flood maps were redrawn and a property's risk profile changed, the old rate was ""grandfathered"" in. the new law ends that practice beginning late next year. so when the federal emergency management agency recently presented revised maps for south louisiana, the reaction was alarm.""my whole investment premise was destroyed overnight,"" said scott morse, who, despite being the president of a local home builders association, did not know about the changes until after he bought a new house in january.",business,0.6580292769379387,0.6580292769379387,0.3419644190448194,6.3040172417384995e-06
3536,politics,"congress now has an array of legislative options to prevent the interest rate on student loans from doubling to.8 percent on july, as scheduled.with student loans topping.1 trillion — and held by one in five american households — many families are questioning why students should pay so much when market interest rates are so low.on thursday, representative john kline, a minnesota republican who is chairman of the house committee on education and the workforce, introduced legislation that would provide a long-term solution, tying interest rates to the government's cost of borrowing, as the obama administration proposed in its budget.""i think a lot of people are going to go for it,"" mr. kline said. ""i talked to secretary duncan yesterday,"" he added, referring to education secretary arne duncan, ""and told him that our numbers were a little different, but the approach is the same.""there are other proposals out there, too. in her first stand-alone legislation, senator elizabeth warren, democrat of massachusetts, introduced a bill on wednesday to cut the student loan rate for one year to.75 percent, the rate that big banks get.two other democratic senators and two democratic representatives this week proposed rates based on the 91-day treasury bill, and three republican senators have offered legislation that would set the interest rate at three percentage points above the 10-year treasury rate.there is now widespread acceptance of the idea of moving to market -based rates. under mr. kline's proposal, students would pay the 10-year treasury rate, plus.5 percent, for all stafford loans, with a cap of.5 percent. for parent plus and grad plus loans, the rate would be the treasury rate plus.5 percent, with a.5 percent cap.real divisions remain, though. the administration proposed no cap on interest, leaving students vulnerable to high rates in years to come. but while the white house wants rates fixed for the life of the loan, the kline bill would reset rates each year — and that, too, would leave students vulnerable to high costs if interest rates rise .in a statement thursday afternoon, the president again called for congress to act to prevent the rate from doubling, but did not endorse mr. kline's plan.""while we welcome action by the house on student loans, we have concerns about an approach that both fails to guarantee low rates for students on july 1 and asks too many of them to bear the burden of deficit reduction through unaffordable rates,"" said the statement, from a spokesman, matt lehrich.",business,0.5658721864454578,0.5658721864454578,0.43412773488318857,7.867135348787728e-08
4043,sports,"east canton, ohio — she was a soldier. she had seen combat in the desert. so why was she now standing on a driving range with a golf club in her hands trembling with fear at distant fireworks?she was at clearview golf club with a group of female military veterans for a program called clearview hope. they were here to learn golf together.nobody laughed when she cringed at the faraway pops and booms. nobody questioned her reaction. nobody mentioned post-traumatic stress disorder .they all understood. they were comrades, and they, too, knew fear.that bond of 50 female veterans in clearview hope, which stands for helping our patriots everywhere, drew a little tighter that night. and instinctively, when one stumbled, others picked her up.they had done it on battlefields and on foreign soil, so they could certainly do it on the manicured grass of a golf course in ohio .""our golf program is recreational, but for them, it's also therapeutic,"" said renee powell, who created the program in may 2011 at clearview, a family-owned course she operates with her brother, larry.clearview hope was started as a women's offshoot of the p.g.a. of america's p.g.a. hope program, which has at least a dozen chapters nationwide. that veterans' program sprung from the iowa give initiative, an acronym meaning golf for injured veterans everywhere.but even with numerous programs for veterans, there has been an absence of participation by women who served in the armed forces . women have not connected through traditional veteran networks .according to the united states department of veteran affairs, there are almost.3 million female veterans. in ohio alone, there are an estimated,000.powell, whose father served in world war ii and then built the family's golf course, is a former l.p.g.a. tour player. she had traveled to vietnam on a u.s.o. tour in 1971 to teach golf to soldiers for three weeks, so when the p.g.a. of america called to ask if she would host a free program in ohio for female veterans, she agreed.""i looked at existing programs for veterans, and there was nothing especially for women,"" said powell, a p.g.a. of america member and an honorary member of the l.p.g.a. teaching and club professionals.powell asked one of her students, the army veteran hollis burkes, to help her find female veterans in northeast ohio . she also visited the department of veterans affairs clinic in canton to leave fliers for enrolled female veterans.the fliers announced the new group and invited it to a lunch meeting and free golf clinic at firestone country club . powell offered the veterans five weeks of free golf lessons, supplying clubs and balls at clearview. ""i figured they'd parade us out on memorial day and then forget about us like people usually do,"" said arlinda mitchell, who served in the army reserve for 12 years, part of it in kuwait.nearly 25 women showed up for the group's first clinic. some had not seen one another in 20 years. many were not aware other female veterans lived in the area .""hardly anybody knew each other that first day, but then comradeship kicked in,"" said mindy cooper, a retired army captain . ""it didn't matter if you were white or black, army or air force, truck drivers or communicators.""when the golf lessons began a few weeks later at clearview, 15 women took part. some came as scouts for others, bringing additional veterans with them the next week. and after the sessions ended, the former soldiers were again surprised when powell announced plans for continuing group activities for the rest of the year — and beyond.""this has been about bringing women veterans together to heal,"" said powell.their healing has included sharing their experiences. many of the women report feeling minimized or shunned for their military service . when mitchell returned from operation desert storm in, she endured a bitter divorce and isolated herself. she worked at a hospital from 5 a.m. to:30 p.m., and was rarely seen by her neighbors. but she was proud of the personalized desert storm ohio license plate on her car. once, when a male friend was driving it, a man walked up to him in a parking lot and thanked him for his military service .""my friend said, 'i'm not the veteran; she is,' and he pointed to me,"" mitchell said. ""the man looked at me, turned and walked away.""burkes, whose 26 years of army service included tours in kuwait, iraq and saudi arabia, now works as a police officer for canton. on patrol one day, she said, she was called to help locate a missing juvenile.burkes stood with the child's father, staring at a house where the child was possibly being held. the man, a former marine, wanted to kick down the front door and charge into the house. burkes reminded him they were in ohio, not iraq .""he said, 'what would you know about iraq ?' and i told him i had served there, and he said, 'you were never in iraq,' "" burkes said. ""i totally lost control of myself and called him everything but a child of god.""burkes apologized and went back to looking for the missing child, but she was embarrassed by her reaction and angry at the man's words.""some people diminish you as a woman veteran,"" she said. ""you want to be evaluated for your merits and not devalued because of your gender.""joining clearview hope gave beth whitmore a chance to deal with emotions she had suppressed since service as an air force intelligence officer during the vietnam war .""this group has restored a part of my spirit that has been very badly damaged for a long time,"" said whitmore, who is now a judge . ""i'm so lucky, so grateful that i have been able to put aside the burden of rejection that i have carried for years.""through golf, the veterans have both calmed the panic of ptsd and experienced the joy of helping a vision-impaired member learn to putt.""we also let her drive the golf cart once,"" said barb hickman, the group's president .veterans who are single mothers are invited to bring their children. several members recently pooled money to buy a set of clubs for a child so she could play with her mother, a purple heart recipient.the group has plans for a family picnic in september, and powell says she hopes to create a junior program for the veterans' children. because clearview hope has become a model program for female veterans, the p.g.a. of america plans to support an expansion of similar programs in texas and tennessee .",politics,0.7811388627669629,9.990500115699205e-05,0.7811388627669629,0.2187612322318801
8612,politics,"federal and state officials moved wednesday to strengthen the computer underpinnings of the new online health exchanges, which proved inadequate to handle a flood of consumer inquiries that began as soon as the system opened on tuesday and continued into the next day.on the second day of the exchanges' operation, users were still encountering long waits, malfunctioning web pages and messages telling them to try again later, particularly in the 34 states where the marketplaces are being managed by the federal government . most system managers around the country reported that traffic on wednesday continued to exceed their expectations, though in places it declined somewhat from the peaks of tuesday. the federal exchange web site, healthcare. gov, opened to the public at 8 a.m. tuesday, and by wednesday afternoon, it had had.1 million unique visitors, the department of health and human services said — a pace many times as great as the medicare site had ever seen. ""while this overwhelming interest is continuing to cause wait times, there will be continuing improvements in the coming hours and days,"" said joanne peters, a department spokeswoman.the rollout laid bare the complexity of the endeavor, which requires state and federal systems, and the work of myriad private contractors, to communicate as a seamless whole. in some cases, officials conceded that they could not be sure which problems were caused by simply not having the computer capacity to handle the initial demand — a shortfall that should correct itself in time — and which might be signs of design flaws or software bugs.""it's like building a bridge from two sides of the river; you just hope it comes out in the middle,"" said kevin walsh, a senior executive at xerox, which won a $72 million contract to build nevada's state-run exchange . with such complexity, he said, ""usually you do a lot more testing than we've had time to do.""a health and human services official said wednesday that the government would be adding computer servers to the system to make it more robust. the official, who was not authorized to speak publicly and spoke on the condition of anonymity, said the department was ""working with highly qualified experts to improve the system capacity,"" though it was not clear whether that would involve more than just additional hardware.new york state's exchange doubled its computer capacity from tuesday to wednesday, said donna frescatore, the executive director, leading to smoother operation of a system that had been overwhelmed on the first day. she said it was not yet clear how many people had visited — or tried to visit — the exchange's web site, but that,000 had filled out forms or browsed through their options.in maryland, with one of the most trouble-plagued state-run systems, enrollment counselors said they had to resort to paper applications for a second day because the state exchange web site remained so slow. rebecca e. pearce, the executive director of the maryland health benefit exchange, said that ""there's a bottleneck in the account creation process,"" and that officials were considering adding more computing and routing capacity .christopher clark, the technology program manager at kentucky's state-run insurance exchange, said that its first-day problems were caused by simply not having enough ""computing horsepower,"" and that capacity was added, making for smoother sailing on wednesday. late in the afternoon, workers at the exchange's headquarters in frankfort were eating cake to celebrate the fact that,000 users had gone through pre-screening on the exchange web site to see whether they might be eligible for medicaid or federal subsidies .but many state-run systems — including in minnesota, california, nevada, connecticut and vermont — seemed to be functioning, albeit, in some cases, slowly and with occasional crashes.",business,0.8810801379129296,0.8810801379129296,0.11721161725819726,0.001708244828873227
7878,sports,"i am often starkly aware that i'm participating in something truly amazing, yet at times incredibly challenging and humbling. after all, the participants in this fairy tale are still human.we cry i have lost count of how many times this environment has seemingly broken me. there have been days when the stress and repetitive failure has overpowered my ability to enjoy playing and stripped my motivation. but in those times i am surrounded by some of my best friends and people who find ways to support me and hoist me back up when i can't do it myself. if only i had a dollar for every time whitney engen has seen me break down and has provided a voice of reason. or there's heather o'reilly, who has encouraged me and made me feel valuable even when i couldn't see my own value. a kind word or supportive comment at training from carli lloyd reminded me that i'm not crazy when i think that i can achieve what i'm after, but it feels like i'm fighting an uphill battle . there is no level of success that eradicates moments of doubt, disappointment and despair. but there are no people i'd rather be around in those moments than these.we laugh in the soccer world, there is no moment too serious not to find some humor. whether it's a vine video that sydney leroux shows at dinner, lauren holiday (nee cheney) making fun of her defensive abilities in a video session, or someone goofing around with stephanie cox's baby daughter, the sound of laughter prevails in training camp . although we often roll our eyes at his sense of humor, coach tom sermanni likes to make light of things and even jokes with us about mistakes in training or games (which sometimes makes us cringe before we realize we are allowed to take a breath and relax. laughter is about survival. it brings joy to an otherwise tense and stressful environment. there is nothing funny about this group's goals and ambition, but we certainly don't take ourselves too seriously.we love when you care so deeply about what you do, and fully invest in it, you leave yourself exposed. for this reason, many of us have formed extremely tight bonds with one another. we have seen each other play and develop over the years. we have witnessed one another's ups and downs, seen each other get engaged, married and have children. we live together for weeks of intense training and talk about our hopes, fears, dreams and spiritual beliefs. for these reasons, we share a love that is like no other bond we will share in our lives. my teammates have seen me naked — in the figurative sense, not just in the shower — and accept me for who i am. and i love and respect them for that.we compete competitive by nature is an understatement. this is the kind of environment where a player's day is made or broken by a small-sided game in training; people slide during technical drills to try to make it work properly or save a stray pass; and card games in our spare time turn into fierce battles and weeklong arguments. everyone here wants to be the best, and everyone is really good at what they do. what i've realized is the best way to compete in this environment is with myself. this is the hardest working, most talented group of women i think i will ever encounter. we each bring a set of qualities to the table that is unique, and we must mold it to fit within the framework of the team. my job, and all i can control, is to make my skill set as potent and effective as i possibly can. so while we scrap and fight to win in anything and everything possible, my real competition exists internally.those of us fortunate to don the u.s. crest are privy to an environment like no other. this group fosters greatness, but simultaneously maintains a tough and grueling blue-collar mentality. the success is composed of individual efforts, yet the feeling of cooperative momentum is overwhelming. competing within the team is fierce, but fosters some of the closest bonds that life can offer. these paradoxes drive a level of success that is unparalleled in almost any field. at the end of the day, we play for our country, but we cry, laugh, love and compete for one another.yael averbuch, a native of montclair, n.j., has played professionally most recently in sweden.",business,0.6852967875008567,0.6852967875008567,0.0005531278417256775,0.3141500846574176
3132,sports,"notre dame linebacker manti te'o admitted to katie couric that he answered questions about his ""dead"" online girlfriend even after he received a call on dec. 6 from a woman posing as the fake person.te'o also maintained he played no part in the hoax.pressed by couric to admit that he was in on the deception, te'o said he was convinced the woman he knew as lennay kekua died in september. te'o claims he never met kekua in person but developed a relationship with her through phone calls and electronic messages.""katie, put yourself in my situation,"" te'o said in an interview to air thursday on couric's syndicated talk show. ""i, my whole world told me that she died on sept. 12. everybody knew that. this girl, who i committed myself to, died on sept. 12.""""now i get a phone call on dec. 6, saying that she's alive and then i'm going be put on national tv two days later"" te'o said. ""and to ask me about the same question. you know, what would you do?""a segment of the interview with te'o and his parents was broadcast on wednesday on abc's "" good morning america .""te'o made at least three references to his girlfriend in news media interviews after dec. 6.te'o's father defended his son when couric pointed out that many people do not believe him, suspecting he used the situation for personal gain .""people can speculate about what they think he is,"" brian te'o said with tears in his eyes. ""i've known him 21 years of his life. and he's not a liar. he's a kid.""on tuesday, the woman whose photo was used on the twitter account of te'o's supposed girlfriend said the man allegedly behind the hoax confessed and apologized to her.the woman, diane o'meara, told nbc's ""today"" show that the supposed hoaxer, ronaiah tuiasosopo, used pictures of her without her knowledge in creating a fake woman called lennay kekua.te'o told espn last week that tuiasosopo had contacted him to apologize for the hoax soon after deadpsin.com broke the news with a long report. te'o told espn that not until tuiasosopo confessed did he finally, fully realize kekua did not exist.tuiasosopo has not commented on the scheme .the top f.b.i. agent in northern indiana said the authorities do not believe a crime was committed, so there is no investigation.""i don't think there was any financial harm to mr. te'o,"" said robert ramsey, the federal bureau of investigation's supervisory special agent for northern indiana . ""there was no federal violation regarding the internet hoax perpetrated against mr. te'o.""if there had been a crime, ramsey said, it would fall under federal jurisdiction.",politics,0.5670777559925917,0.0025792142945321502,0.5670777559925917,0.4303430297128761
