row_id,label,tokens,known,coverage
8706,sports,676,652,0.9644970414201184
946,sports,595,581,0.9764705882352941
10690,sports,256,252,0.984375
4658,politics,431,419,0.9721577726218097
10542,sports,702,676,0.9629629629629629
7687,sports,665,640,0.9624060150375939
548,sports,292,291,0.9965753424657534
2168,sports,939,886,0.9435569755058573
547,sports,600,592,0.9866666666666667
9060,politics,883,862,0.9762174405436014
9108,sports,811,799,0.9852034525277436
3872,sports,520,496,0.9538461538461539
6268,sports,838,778,0.9284009546539379
4257,sports,613,572,0.933115823817292
7242,sports,830,813,0.9795180722891567
6122,politics,643,626,0.973561430793157
6633,sports,787,760,0.96569250317662
8213,sports,792,785,0.9911616161616161
804,sports,799,774,0.9687108886107635
5164,business,773,737,0.9534282018111255
530,business,712,681,0.9564606741573034
5867,politics,946,934,0.9873150105708245
8089,politics,1363,1326,0.9728539985326485
11480,sports,736,727,0.9877717391304348
2744,sports,625,614,0.9824
372,sports,704,678,0.9630681818181818
1472,business,764,746,0.9764397905759162
6012,politics,701,687,0.9800285306704708
816,sports,744,739,0.9932795698924731
8228,sports,774,745,0.962532299741602
1909,sports,608,596,0.9802631578947368
7896,sports,545,513,0.9412844036697248
7434,business,310,294,0.9483870967741935
10457,business,1002,985,0.9830339321357285
5401,sports,714,686,0.9607843137254902
6614,sports,884,850,0.9615384615384616
5132,politics,693,680,0.9812409812409812
10013,sports,502,472,0.9402390438247012
7343,sports,415,406,0.9783132530120482
4086,sports,700,678,0.9685714285714285
5022,sports,754,748,0.9920424403183024
8262,sports,1000,982,0.982
7770,sports,780,754,0.9666666666666667
5693,sports,446,431,0.9663677130044843
1328,sports,82,76,0.926829268292683
3705,sports,941,917,0.9744952178533475
8317,sports,592,582,0.9831081081081081
7151,business,235,227,0.9659574468085106
3727,business,498,483,0.9698795180722891
3940,business,852,830,0.9741784037558685
6836,sports,778,748,0.961439588688946
2936,sports,723,693,0.9585062240663901
1370,business,318,310,0.9748427672955975
8485,sports,736,717,0.9741847826086957
796,sports,126,122,0.9682539682539683
5963,sports,461,437,0.9479392624728851
1940,sports,681,677,0.9941262848751835
2321,sports,275,268,0.9745454545454545
8569,politics,735,707,0.9619047619047619
11248,sports,492,460,0.9349593495934959
4731,sports,1197,1159,0.9682539682539683
1905,sports,493,480,0.973630831643002
1326,sports,292,280,0.958904109589041
11436,sports,648,590,0.9104938271604939
1787,sports,129,123,0.9534883720930233
8473,sports,756,727,0.9616402116402116
1012,sports,219,215,0.9817351598173516
5730,sports,838,812,0.9689737470167065
2813,sports,161,151,0.937888198757764
7714,sports,175,165,0.9428571428571428
9169,sports,1147,1140,0.993897122929381
2279,sports,170,164,0.9647058823529412
3403,sports,489,476,0.9734151329243353
4977,sports,399,392,0.9824561403508771
1596,business,651,635,0.9754224270353302
4730,sports,294,289,0.9829931972789115
10368,sports,499,483,0.9679358717434869
10522,sports,812,789,0.9716748768472906
536,sports,468,455,0.9722222222222222
10704,sports,760,753,0.9907894736842106
5207,sports,564,544,0.9645390070921985
3986,sports,737,721,0.9782903663500678
5350,business,701,690,0.9843081312410842
7179,sports,707,684,0.9674681753889675
3006,sports,796,772,0.9698492462311558
5307,sports,346,339,0.9797687861271677
9066,sports,350,322,0.92
3282,politics,775,741,0.9561290322580646
3654,sports,684,674,0.9853801169590644
10565,politics,790,780,0.9873417721518988
11237,sports,427,412,0.9648711943793911
10891,sports,692,678,0.9797687861271677
8372,sports,134,129,0.9626865671641791
3255,sports,593,569,0.9595278246205734
9163,sports,907,891,0.9823594266813671
10873,sports,661,625,0.9455370650529501
7259,sports,629,599,0.9523052464228935
9549,sports,387,385,0.9948320413436692
5987,sports,946,902,0.9534883720930233
5186,sports,506,487,0.9624505928853755
401,sports,566,545,0.9628975265017667
8568,politics,514,506,0.9844357976653697
5771,sports,143,133,0.9300699300699301
10615,sports,957,934,0.9759665621734587
735,sports,811,795,0.9802712700369913
632,sports,472,462,0.9788135593220338
4485,politics,319,307,0.9623824451410659
2758,sports,486,460,0.9465020576131687
11171,sports,429,425,0.9906759906759907
374,business,549,531,0.9672131147540983
8178,sports,655,633,0.966412213740458
5988,politics,651,632,0.9708141321044547
8211,sports,695,691,0.9942446043165467
2036,sports,261,257,0.9846743295019157
2187,business,532,521,0.9793233082706767
10226,sports,692,684,0.9884393063583815
2529,business,671,654,0.9746646795827124
4348,business,379,374,0.9868073878627969
359,sports,868,828,0.9539170506912442
10309,sports,857,833,0.9719953325554259
2241,sports,443,429,0.9683972911963883
645,sports,657,618,0.9406392694063926
9824,sports,787,774,0.9834815756035579
2271,sports,900,850,0.9444444444444444
10043,sports,819,807,0.9853479853479854
2000,sports,762,750,0.984251968503937
1945,politics,694,683,0.984149855907781
768,sports,980,946,0.9653061224489796
1641,sports,757,708,0.9352708058124174
5569,sports,905,863,0.9535911602209944
6216,sports,768,734,0.9557291666666666
1972,sports,431,419,0.9721577726218097
2617,sports,1008,977,0.9692460317460317
4429,politics,709,699,0.9858956276445698
2046,sports,553,536,0.969258589511754
4373,politics,746,710,0.9517426273458445
4355,sports,727,719,0.9889958734525447
2108,business,894,856,0.9574944071588367
5880,politics,203,199,0.9802955665024631
3890,sports,929,884,0.9515608180839612
3711,sports,307,305,0.993485342019544
7630,politics,437,429,0.9816933638443935
7157,sports,969,952,0.9824561403508771
3053,politics,643,626,0.973561430793157
4083,sports,301,285,0.946843853820598
5285,sports,841,829,0.985731272294887
2817,business,735,705,0.9591836734693877
2092,sports,942,930,0.9872611464968153
5674,sports,841,828,0.9845422116527943
5881,sports,607,586,0.9654036243822076
3813,sports,936,923,0.9861111111111112
3165,sports,617,597,0.9675850891410048
3270,politics,718,705,0.9818941504178273
845,sports,1393,1341,0.9626704953338119
742,sports,841,819,0.9738406658739596
2765,sports,545,543,0.9963302752293578
6747,sports,930,906,0.9741935483870968
10112,sports,870,843,0.9689655172413794
5135,sports,520,508,0.9769230769230769
10222,sports,494,488,0.9878542510121457
10569,sports,796,764,0.9597989949748744
10726,business,445,432,0.9707865168539326
10299,sports,880,828,0.9409090909090909
10636,sports,846,834,0.9858156028368794
3355,business,341,340,0.9970674486803519
3386,sports,759,734,0.9670619235836627
6770,sports,929,896,0.9644779332615716
8300,sports,696,685,0.9841954022988506
3849,politics,676,650,0.9615384615384616
10138,sports,839,826,0.9845053635280095
6149,business,515,511,0.9922330097087378
2631,sports,125,120,0.96
7007,sports,802,786,0.9800498753117207
953,sports,745,738,0.9906040268456375
10197,business,892,875,0.9809417040358744
6692,sports,827,813,0.9830713422007256
2154,sports,59,55,0.9322033898305084
395,sports,416,398,0.9567307692307693
5032,sports,312,303,0.9711538461538461
2741,sports,472,452,0.9576271186440678
11222,sports,344,321,0.9331395348837209
1680,sports,551,532,0.9655172413793104
9408,sports,724,706,0.9751381215469613
1735,sports,338,317,0.9378698224852071
296,business,560,543,0.9696428571428571
11144,sports,716,693,0.9678770949720671
9224,business,729,706,0.9684499314128944
5029,sports,476,460,0.9663865546218487
5623,sports,917,904,0.9858233369683751
3852,sports,118,108,0.9152542372881356
6635,sports,450,436,0.9688888888888889
1433,sports,950,903,0.9505263157894737
895,sports,1100,1064,0.9672727272727273
10323,sports,387,364,0.9405684754521964
7011,sports,408,376,0.9215686274509803
4910,sports,166,158,0.9518072289156626
9262,sports,748,718,0.9598930481283422
9778,sports,555,537,0.9675675675675676
6736,politics,304,292,0.9605263157894737
2194,sports,411,397,0.9659367396593674
11186,sports,653,621,0.9509954058192955
604,sports,305,304,0.9967213114754099
4078,sports,457,440,0.962800875273523
8479,sports,392,379,0.9668367346938775
2517,sports,151,149,0.9867549668874173
3465,sports,739,727,0.9837618403247632
7581,business,281,280,0.99644128113879
3753,business,833,822,0.9867947178871549
1292,sports,486,476,0.9794238683127572
3995,sports,544,534,0.9816176470588235
7656,sports,853,837,0.981242672919109
4098,sports,697,671,0.9626972740315638
2931,business,329,321,0.9756838905775076
6300,sports,796,787,0.9886934673366834
5549,sports,378,373,0.9867724867724867
1411,sports,728,694,0.9532967032967034
2376,sports,287,281,0.9790940766550522
5436,politics,270,263,0.9740740740740741
6119,sports,794,738,0.929471032745592
1904,sports,879,859,0.9772468714448237
6031,politics,473,468,0.9894291754756871
1261,business,749,740,0.9879839786381842
8301,sports,612,593,0.9689542483660131
2412,sports,670,638,0.9522388059701492
660,sports,944,900,0.9533898305084746
10530,sports,619,612,0.9886914378029079
7957,sports,710,668,0.9408450704225352
1216,sports,58,57,0.9827586206896551
10807,politics,847,794,0.9374262101534829
11367,sports,355,345,0.971830985915493
4578,sports,1069,1044,0.9766136576239476
7335,sports,903,897,0.9933554817275747
5733,sports,914,895,0.9792122538293216
7719,business,1223,1194,0.9762878168438267
7893,politics,642,623,0.9704049844236761
1106,sports,397,383,0.964735516372796
5724,sports,268,253,0.9440298507462687
7678,sports,742,726,0.9784366576819407
9620,sports,790,773,0.9784810126582278
264,sports,836,802,0.9593301435406698
1756,sports,437,420,0.9610983981693364
8495,sports,1053,1034,0.9819563152896487
183,sports,261,241,0.9233716475095786
2661,sports,149,148,0.9932885906040269
8018,politics,789,768,0.973384030418251
5161,sports,757,752,0.9933949801849405
8739,politics,777,773,0.9948519948519948
2390,sports,168,161,0.9583333333333334
4557,sports,768,730,0.9505208333333334
4533,sports,661,653,0.9878971255673222
8552,sports,762,734,0.963254593175853
10810,business,869,853,0.9815880322209436
8540,politics,598,586,0.979933110367893
6361,sports,851,832,0.9776733254994124
2899,politics,196,193,0.9846938775510204
9618,sports,711,692,0.9732770745428974
4596,politics,691,678,0.9811866859623734
3335,sports,845,830,0.9822485207100592
11175,business,790,730,0.9240506329113924
9928,sports,510,504,0.9882352941176471
3621,sports,417,393,0.9424460431654677
4714,politics,939,912,0.9712460063897763
601,sports,857,831,0.969661610268378
8127,sports,528,508,0.9621212121212122
4558,sports,730,701,0.9602739726027397
9006,sports,614,604,0.9837133550488599
2947,sports,801,772,0.9637952559300874
9542,sports,417,413,0.9904076738609112
3596,sports,124,123,0.9919354838709677
10288,sports,632,625,0.9889240506329114
3929,sports,913,888,0.9726177437020811
9670,sports,904,866,0.9579646017699115
2508,sports,435,413,0.9494252873563218
973,sports,446,428,0.9596412556053812
7814,politics,594,584,0.9831649831649831
2882,politics,1033,1011,0.978702807357212
8693,politics,674,663,0.983679525222552
564,sports,955,937,0.981151832460733
8093,sports,640,617,0.9640625
321,sports,862,823,0.9547563805104409
8850,sports,898,887,0.987750556792873
8400,sports,606,592,0.976897689768977
11093,business,294,278,0.9455782312925171
4516,sports,638,634,0.9937304075235109
3201,business,787,776,0.9860228716645489
8591,politics,639,631,0.9874804381846636
1831,sports,773,742,0.9598965071151359
7566,sports,833,803,0.963985594237695
8897,sports,722,701,0.9709141274238227
2588,business,612,598,0.9771241830065359
6034,sports,799,769,0.9624530663329162
883,sports,700,694,0.9914285714285714
9144,sports,759,748,0.9855072463768116
638,sports,257,253,0.9844357976653697
11207,sports,918,898,0.9782135076252724
1939,sports,790,766,0.9696202531645569
4066,politics,152,150,0.9868421052631579
9998,politics,669,654,0.9775784753363229
9027,sports,420,419,0.9976190476190476
7218,sports,765,760,0.9934640522875817
3467,sports,831,808,0.9723225030084236
5650,sports,885,867,0.9796610169491525
10045,sports,335,326,0.9731343283582089
4805,sports,803,762,0.9489414694894147
4522,sports,461,452,0.9804772234273319
10555,sports,840,826,0.9833333333333333
2866,sports,922,858,0.93058568329718
11459,sports,436,422,0.9678899082568807
11379,sports,50,44,0.88
6397,sports,470,464,0.9872340425531915
8896,politics,934,913,0.9775160599571735
9005,sports,468,458,0.9786324786324786
8742,sports,139,134,0.9640287769784173
2183,sports,268,256,0.9552238805970149
5517,sports,611,587,0.9607201309328969
425,business,659,657,0.9969650986342944
11179,sports,662,642,0.9697885196374623
1165,sports,636,621,0.9764150943396226
3032,sports,750,706,0.9413333333333334
5561,politics,730,700,0.958904109589041
8205,politics,270,258,0.9555555555555556
8801,business,767,732,0.954367666232073
406,sports,674,646,0.9584569732937686
1817,business,800,792,0.99
9513,sports,489,478,0.9775051124744376
2664,sports,798,774,0.9699248120300752
7078,sports,733,698,0.9522510231923602
2484,sports,1477,1431,0.968855788761002
5268,sports,787,776,0.9860228716645489
7045,sports,998,981,0.9829659318637275
5316,sports,745,722,0.9691275167785235
10337,sports,925,917,0.9913513513513513
1779,sports,382,370,0.9685863874345549
9069,sports,687,667,0.9708879184861717
8040,sports,739,714,0.9661705006765899
2567,business,674,665,0.9866468842729971
7876,sports,434,423,0.9746543778801844
1750,sports,244,241,0.9877049180327869
2469,sports,234,227,0.9700854700854701
1048,sports,117,109,0.9316239316239316
9929,sports,717,701,0.9776847977684798
10102,sports,571,558,0.9772329246935202
277,sports,588,577,0.9812925170068028
4351,politics,697,687,0.9856527977044476
893,sports,727,714,0.9821182943603851
7535,politics,697,683,0.9799139167862266
7204,sports,864,856,0.9907407407407407
6030,sports,547,522,0.9542961608775137
5532,business,633,624,0.985781990521327
1089,sports,80,79,0.9875
11143,business,618,605,0.9789644012944984
11110,business,210,205,0.9761904761904762
5037,sports,715,704,0.9846153846153847
2402,sports,545,520,0.9541284403669725
3613,politics,402,389,0.9676616915422885
8302,sports,466,459,0.9849785407725322
6811,business,755,743,0.9841059602649007
5636,sports,568,547,0.9630281690140845
5453,sports,914,893,0.9770240700218819
587,sports,266,256,0.9624060150375939
7514,sports,806,778,0.9652605459057072
7868,sports,732,718,0.9808743169398907
7004,sports,141,139,0.9858156028368794
9678,sports,526,508,0.9657794676806084
470,business,873,848,0.9713631156930126
686,business,860,844,0.9813953488372092
4633,politics,1015,1007,0.9921182266009853
7822,sports,749,728,0.9719626168224299
10360,politics,692,680,0.9826589595375722
190,sports,299,283,0.9464882943143813
3938,sports,461,451,0.9783080260303688
3833,sports,773,754,0.9754204398447607
11120,business,622,614,0.9871382636655949
1499,sports,233,226,0.9699570815450643
2247,sports,423,407,0.9621749408983451
3616,sports,431,417,0.9675174013921114
5382,sports,769,757,0.9843953185955787
3448,sports,1070,1041,0.9728971962616823
535,sports,784,774,0.9872448979591837
3956,politics,921,899,0.9761129207383279
11261,sports,378,364,0.9629629629629629
4028,politics,795,784,0.9861635220125786
7307,politics,436,430,0.9862385321100917
668,sports,823,792,0.9623329283110571
6562,sports,160,155,0.96875
10195,sports,709,692,0.9760225669957687
1340,sports,743,732,0.9851951547779273
11392,sports,1064,1036,0.9736842105263158
1334,sports,941,914,0.971307120085016
6097,sports,673,645,0.9583952451708767
11305,sports,133,126,0.9473684210526315
6823,sports,373,363,0.9731903485254692
3991,sports,1006,989,0.9831013916500994
8926,politics,515,501,0.9728155339805825
11332,sports,509,490,0.962671905697446
3134,business,376,372,0.9893617021276596
8310,sports,592,580,0.9797297297297297
11511,sports,125,121,0.968
10728,sports,765,737,0.9633986928104575
1522,sports,116,107,0.9224137931034483
3241,sports,519,501,0.9653179190751445
8442,sports,30,30,1.0
7773,sports,723,712,0.9847856154910097
3879,sports,827,802,0.969770253929867
3475,business,654,631,0.9648318042813455
4505,sports,683,673,0.9853587115666179
8330,business,857,833,0.9719953325554259
1193,sports,763,745,0.9764089121887287
3985,sports,957,942,0.9843260188087775
11009,business,902,869,0.9634146341463414
4573,sports,581,560,0.963855421686747
10410,politics,905,879,0.9712707182320443
5937,sports,453,451,0.9955849889624724
5473,sports,769,745,0.9687906371911573
8312,politics,900,853,0.9477777777777778
7863,sports,692,667,0.9638728323699421
2591,sports,645,628,0.9736434108527132
10246,sports,497,477,0.959758551307847
10757,sports,520,508,0.9769230769230769
5305,business,751,728,0.9693741677762983
6496,business,569,567,0.9964850615114236
6342,sports,528,511,0.9678030303030303
8475,politics,648,638,0.9845679012345679
9088,sports,484,475,0.981404958677686
3673,sports,975,943,0.9671794871794872
8352,sports,522,497,0.9521072796934866
7377,business,751,742,0.9880159786950732
4132,sports,708,691,0.9759887005649718
7886,sports,898,880,0.9799554565701559
6005,politics,899,894,0.9944382647385984
3903,sports,491,483,0.9837067209775967
1849,sports,1219,1204,0.9876948318293683
11003,politics,742,724,0.9757412398921833
4765,sports,638,621,0.9733542319749217
2418,sports,943,918,0.9734888653234358
6622,politics,386,371,0.961139896373057
1708,sports,159,148,0.9308176100628931
10878,sports,145,134,0.9241379310344827
10106,sports,190,189,0.9947368421052631
4057,sports,726,703,0.9683195592286501
3253,politics,916,885,0.9661572052401747
1031,sports,390,367,0.941025641025641
2657,politics,940,924,0.9829787234042553
6009,sports,478,470,0.9832635983263598
5948,sports,751,734,0.9773635153129161
4775,sports,313,304,0.9712460063897763
703,sports,529,518,0.9792060491493384
8728,sports,258,243,0.9418604651162791
8013,sports,731,705,0.9644322845417237
2290,sports,514,492,0.9571984435797666
7221,sports,752,724,0.9627659574468085
3214,business,677,654,0.96602658788774
2098,sports,232,230,0.9913793103448276
1694,sports,231,213,0.922077922077922
9164,sports,633,594,0.9383886255924171
5744,sports,644,629,0.9767080745341615
5958,sports,795,791,0.9949685534591195
2793,politics,669,664,0.992526158445441
8320,sports,1154,1137,0.9852686308492201
2635,sports,643,627,0.9751166407465007
1960,sports,530,522,0.9849056603773585
9245,sports,628,609,0.9697452229299363
5015,business,516,508,0.9844961240310077
10422,sports,858,838,0.9766899766899767
2431,sports,135,132,0.9777777777777777
8912,sports,801,777,0.9700374531835206
3902,business,299,297,0.9933110367892977
928,business,646,614,0.9504643962848297
10926,sports,636,611,0.960691823899371
7655,sports,964,926,0.9605809128630706
675,politics,698,679,0.9727793696275072
7860,sports,802,797,0.9937655860349127
11052,business,729,712,0.9766803840877915
5335,sports,763,755,0.9895150720838795
8755,politics,315,301,0.9555555555555556
7657,business,1073,1039,0.9683131407269339
10257,sports,140,133,0.95
6336,politics,948,924,0.9746835443037974
4967,politics,682,666,0.9765395894428153
10640,sports,685,681,0.9941605839416059
2986,business,425,423,0.9952941176470588
5296,sports,915,873,0.9540983606557377
773,sports,527,517,0.9810246679316889
7353,sports,165,163,0.9878787878787879
5886,sports,433,424,0.9792147806004619
10960,sports,513,506,0.98635477582846
687,business,978,926,0.9468302658486708
7400,sports,277,272,0.9819494584837545
10490,sports,763,733,0.9606815203145478
8730,sports,873,855,0.979381443298969
4230,sports,841,817,0.9714625445897741
7911,politics,788,761,0.9657360406091371
7238,sports,817,798,0.9767441860465116
9492,sports,494,477,0.9655870445344129
4696,business,502,495,0.9860557768924303
6970,sports,707,685,0.9688826025459689
11321,sports,948,919,0.9694092827004219
10298,sports,654,628,0.9602446483180428
1180,sports,664,649,0.9774096385542169
1325,sports,491,489,0.9959266802443992
3964,sports,896,881,0.9832589285714286
4216,politics,757,730,0.964332892998679
5371,sports,121,117,0.9669421487603306
2044,sports,677,654,0.96602658788774
4188,sports,667,651,0.9760119940029985
4290,sports,693,687,0.9913419913419913
1102,sports,114,105,0.9210526315789473
6346,sports,523,502,0.9598470363288719
1671,sports,358,339,0.946927374301676
8737,sports,742,690,0.9299191374663073
2129,sports,172,165,0.9593023255813954
8928,sports,687,667,0.9708879184861717
2682,sports,831,817,0.9831528279181708
10114,politics,695,687,0.9884892086330935
10296,sports,826,803,0.9721549636803875
8905,politics,760,752,0.9894736842105263
10487,sports,399,389,0.974937343358396
4742,sports,984,960,0.975609756097561
6439,sports,651,622,0.9554531490015361
3504,sports,758,736,0.9709762532981531
5581,sports,171,169,0.9883040935672515
109,sports,103,85,0.8252427184466019
10538,sports,365,353,0.9671232876712329
3827,politics,757,723,0.9550858652575958
939,sports,120,120,1.0
6960,sports,127,121,0.952755905511811
7357,politics,504,491,0.9742063492063492
1405,sports,493,486,0.9858012170385395
10550,sports,530,527,0.9943396226415094
6579,sports,723,716,0.9903181189488244
3196,sports,466,445,0.9549356223175965
2230,sports,691,663,0.959479015918958
294,sports,184,169,0.9184782608695652
1489,sports,436,424,0.9724770642201835
2328,sports,678,646,0.9528023598820059
4136,sports,681,669,0.9823788546255506
7939,sports,594,575,0.968013468013468
589,sports,919,879,0.956474428726877
4011,politics,612,588,0.9607843137254902
6995,business,1066,1049,0.9840525328330206
1421,sports,477,467,0.9790356394129979
7749,sports,280,274,0.9785714285714285
7963,sports,603,580,0.9618573797678275
10637,sports,897,871,0.9710144927536232
8356,politics,932,888,0.9527896995708155
3316,sports,637,613,0.9623233908948194
8636,business,947,918,0.9693769799366421
11066,business,653,644,0.9862174578866769
234,sports,104,100,0.9615384615384616
6983,business,673,657,0.9762258543833581
346,business,424,410,0.9669811320754716
1345,sports,391,389,0.9948849104859335
2117,sports,111,109,0.9819819819819819
2047,sports,830,776,0.9349397590361446
8016,politics,677,667,0.9852289512555391
9991,politics,537,527,0.9813780260707635
7443,politics,796,773,0.9711055276381909
1745,sports,556,518,0.9316546762589928
5083,sports,521,502,0.963531669865643
4260,sports,841,797,0.9476813317479191
5882,sports,238,233,0.9789915966386554
6305,sports,576,553,0.9600694444444444
1659,sports,216,205,0.9490740740740741
3469,sports,725,719,0.9917241379310345
80,sports,129,122,0.9457364341085271
8559,sports,682,676,0.9912023460410557
1780,sports,368,346,0.9402173913043478
4135,sports,885,872,0.9853107344632769
976,business,672,630,0.9375
6603,business,731,704,0.9630642954856361
8572,sports,823,791,0.9611178614823815
5787,sports,561,539,0.9607843137254902
537,sports,982,958,0.9755600814663951
1323,sports,132,116,0.8787878787878788
6703,politics,442,432,0.9773755656108597
5500,sports,663,653,0.9849170437405732
5978,sports,836,806,0.9641148325358851
9738,politics,660,644,0.9757575757575757
2277,sports,211,196,0.9289099526066351
4875,business,405,402,0.9925925925925926
4382,sports,665,647,0.9729323308270676
6667,sports,411,399,0.9708029197080292
7562,sports,725,692,0.9544827586206897
7821,sports,683,670,0.9809663250366032
10722,sports,516,494,0.9573643410852714
9095,sports,432,427,0.9884259259259259
7356,sports,795,755,0.949685534591195
9617,sports,625,601,0.9616
253,sports,149,144,0.9664429530201343
7813,politics,770,747,0.9701298701298702
2832,sports,604,577,0.9552980132450332
9436,sports,910,897,0.9857142857142858
4723,sports,568,545,0.9595070422535211
4763,sports,786,770,0.9796437659033079
4862,politics,795,773,0.9723270440251572
1916,sports,670,630,0.9402985074626866
8772,sports,554,533,0.9620938628158845
1154,sports,870,852,0.9793103448275862
6985,sports,326,315,0.9662576687116564
7943,politics,497,474,0.9537223340040242
6449,sports,561,543,0.9679144385026738
9101,sports,340,335,0.9852941176470589
8365,sports,694,686,0.9884726224783862
9372,politics,582,574,0.9862542955326461
2684,business,553,543,0.9819168173598554
6781,sports,619,608,0.9822294022617124
3035,sports,741,724,0.9770580296896086
3254,politics,554,549,0.9909747292418772
9043,sports,527,499,0.9468690702087287
8550,sports,701,687,0.9800285306704708
7148,sports,901,878,0.974472807991121
8087,politics,700,674,0.9628571428571429
5189,business,869,819,0.9424626006904487
3591,sports,406,399,0.9827586206896551
228,sports,244,224,0.9180327868852459
9213,sports,637,605,0.9497645211930926
11276,business,168,161,0.9583333333333334
11090,sports,236,225,0.9533898305084746
8929,sports,790,773,0.9784810126582278
878,sports,698,683,0.9785100286532952
8476,sports,907,890,0.9812568908489526
10754,sports,812,784,0.9655172413793104
1112,sports,945,920,0.9735449735449735
5602,sports,803,788,0.9813200498132005
2636,sports,887,871,0.9819616685456595
7395,sports,857,844,0.9848308051341891
3792,business,806,783,0.9714640198511166
7015,sports,777,759,0.9768339768339769
9942,sports,628,622,0.9904458598726115
4618,sports,195,189,0.9692307692307692
820,sports,767,759,0.9895697522816167
4162,politics,603,596,0.988391376451078
467,sports,734,726,0.989100817438692
3788,politics,663,647,0.975867269984917
2871,sports,711,690,0.9704641350210971
11112,business,719,698,0.9707927677329624
907,sports,542,516,0.9520295202952029
3814,politics,704,686,0.9744318181818182
824,sports,219,215,0.9817351598173516
8284,sports,690,652,0.9449275362318841
2596,business,673,662,0.9836552748885586
2115,sports,800,781,0.97625
6881,business,539,537,0.9962894248608535
6924,sports,803,781,0.9726027397260274
4918,sports,423,413,0.9763593380614657
9938,politics,781,747,0.9564660691421255
2338,business,813,779,0.958179581795818
6719,sports,687,654,0.9519650655021834
5653,sports,485,480,0.9896907216494846
6236,sports,919,900,0.9793253536452666
4034,business,442,438,0.9909502262443439
11116,sports,858,839,0.9778554778554779
11400,sports,884,856,0.9683257918552036
7175,politics,392,383,0.9770408163265306
7199,sports,898,886,0.9866369710467706
65,sports,597,589,0.9865996649916248
2714,sports,786,756,0.9618320610687023
4603,sports,499,494,0.9899799599198397
1238,sports,939,918,0.9776357827476039
3423,sports,324,316,0.9753086419753086
5176,business,488,483,0.9897540983606558
7835,sports,502,480,0.9561752988047809
8225,business,1048,1039,0.9914122137404581
654,business,762,752,0.9868766404199475
1878,business,624,573,0.9182692307692307
11,business,402,402,1.0
2074,politics,932,909,0.9753218884120172
2710,sports,218,213,0.9770642201834863
9848,business,363,362,0.9972451790633609
5090,sports,567,549,0.9682539682539683
4368,sports,909,879,0.966996699669967
1978,business,277,273,0.9855595667870036
62,business,677,668,0.9867060561299852
6357,sports,612,582,0.9509803921568627
9173,politics,641,617,0.9625585023400937
7451,politics,729,711,0.9753086419753086
8397,sports,916,886,0.9672489082969432
11472,sports,157,152,0.9681528662420382
11251,sports,296,275,0.9290540540540541
6761,sports,410,399,0.973170731707317
4307,sports,734,723,0.9850136239782016
2499,business,481,476,0.9896049896049897
8654,politics,343,342,0.9970845481049563
7001,politics,462,459,0.9935064935064936
9758,sports,847,820,0.9681227863046045
4412,sports,707,686,0.9702970297029703
4845,sports,760,730,0.9605263157894737
1790,sports,351,336,0.9572649572649573
7588,sports,1082,1023,0.9454713493530499
4435,sports,490,475,0.9693877551020408
737,sports,857,831,0.969661610268378
10811,sports,961,940,0.9781477627471384
9772,politics,757,722,0.9537648612945839
8716,sports,106,98,0.9245283018867925
7947,sports,980,966,0.9857142857142858
3345,sports,1241,1190,0.958904109589041
2281,business,675,645,0.9555555555555556
9388,sports,897,878,0.9788182831661093
2123,politics,617,605,0.9805510534846029
11501,sports,231,225,0.974025974025974
11043,sports,158,141,0.8924050632911392
345,sports,746,731,0.9798927613941019
8245,sports,723,715,0.9889349930843707
625,sports,710,695,0.9788732394366197
8304,sports,467,447,0.9571734475374732
10238,sports,235,226,0.9617021276595744
591,business,689,684,0.9927431059506531
7609,sports,516,500,0.9689922480620154
10934,sports,863,838,0.9710312862108922
10068,sports,595,589,0.9899159663865547
5202,sports,98,98,1.0
8571,sports,820,797,0.9719512195121951
3026,sports,641,617,0.9625585023400937
2374,sports,417,410,0.9832134292565947
6083,politics,484,474,0.9793388429752066
1512,sports,193,177,0.917098445595855
2843,sports,657,631,0.9604261796042618
5454,sports,961,953,0.991675338189386
400,sports,49,42,0.8571428571428571
9269,sports,967,946,0.9782833505687694
2603,sports,293,275,0.9385665529010239
220,sports,99,91,0.9191919191919192
4375,sports,702,667,0.9501424501424501
7747,sports,430,419,0.9744186046511628
5061,sports,941,906,0.9628055260361318
4331,sports,220,208,0.9454545454545454
2809,sports,429,409,0.9533799533799534
5599,politics,393,385,0.9796437659033079
8924,sports,236,228,0.9661016949152542
7169,politics,818,783,0.9572127139364304
4656,sports,697,666,0.9555236728837877
969,sports,149,138,0.9261744966442953
2524,sports,409,391,0.9559902200488998
9996,sports,333,328,0.984984984984985
937,sports,379,366,0.9656992084432717
6297,sports,437,418,0.9565217391304348
9172,sports,938,909,0.9690831556503199
11127,sports,825,821,0.9951515151515151
6008,business,377,373,0.9893899204244032
391,sports,433,414,0.9561200923787528
1256,sports,1111,1060,0.9540954095409541
6078,sports,658,626,0.9513677811550152
10003,sports,823,791,0.9611178614823815
5297,business,730,711,0.9739726027397261
1386,sports,739,730,0.9878213802435724
8726,sports,776,736,0.9484536082474226
2692,sports,938,909,0.9690831556503199
218,sports,541,521,0.9630314232902033
6027,sports,694,679,0.978386167146974
8822,business,102,101,0.9901960784313726
2821,sports,555,533,0.9603603603603603
5754,sports,895,887,0.9910614525139665
2720,sports,915,891,0.9737704918032787
11252,sports,454,434,0.9559471365638766
1030,sports,597,560,0.9380234505862647
6525,sports,963,923,0.9584631360332295
1661,sports,620,609,0.9822580645161291
6565,sports,471,459,0.9745222929936306
4591,politics,519,504,0.9710982658959537
4540,sports,911,890,0.9769484083424808
3671,sports,985,976,0.9908629441624366
4040,sports,692,687,0.9927745664739884
8404,sports,725,715,0.9862068965517241
9762,politics,402,399,0.9925373134328358
158,sports,234,217,0.9273504273504274
9296,business,641,633,0.9875195007800313
6495,sports,963,945,0.9813084112149533
1361,sports,381,368,0.9658792650918635
8378,sports,900,885,0.9833333333333333
6187,politics,1017,1000,0.983284169124877
6686,politics,1181,1162,0.9839119390347163
8971,sports,635,612,0.9637795275590552
3866,sports,941,895,0.9511158342189161
362,business,954,936,0.9811320754716981
4354,sports,831,813,0.9783393501805054
4585,sports,729,691,0.9478737997256516
6175,politics,609,599,0.9835796387520526
9407,sports,725,698,0.9627586206896551
7162,sports,475,459,0.9663157894736842
8000,sports,715,695,0.972027972027972
10853,business,925,904,0.9772972972972973
2932,politics,748,737,0.9852941176470589
3955,sports,764,744,0.9738219895287958
10131,business,712,694,0.9747191011235955
1311,sports,616,611,0.9918831168831169
1135,sports,495,492,0.9939393939393939
1207,sports,1177,1137,0.9660152931180969
10827,sports,349,346,0.9914040114613181
10478,sports,754,743,0.9854111405835544
10180,sports,494,471,0.9534412955465587
4857,sports,1117,1104,0.9883616830796778
9661,sports,405,399,0.9851851851851852
8407,politics,473,453,0.9577167019027484
3819,sports,487,467,0.9589322381930184
7198,sports,411,399,0.9708029197080292
5510,sports,601,597,0.9933444259567388
7680,politics,651,643,0.9877112135176651
10333,sports,962,938,0.975051975051975
5810,sports,128,118,0.921875
3771,politics,662,650,0.9818731117824774
4937,sports,279,265,0.9498207885304659
8736,sports,792,766,0.9671717171717171
3502,sports,501,478,0.9540918163672655
10695,sports,899,884,0.9833147942157954
90,sports,539,534,0.9907235621521335
6247,politics,373,362,0.9705093833780161
4945,sports,205,201,0.9804878048780488
10224,sports,966,954,0.9875776397515528
869,sports,441,423,0.9591836734693877
5849,sports,606,599,0.9884488448844885
4419,sports,720,707,0.9819444444444444
6555,sports,140,136,0.9714285714285714
3474,sports,616,608,0.987012987012987
6399,sports,775,749,0.9664516129032258
8072,sports,845,835,0.9881656804733728
197,sports,237,228,0.9620253164556962
5736,sports,725,696,0.96
8740,sports,766,740,0.9660574412532638
2430,sports,847,810,0.9563164108618654
8042,sports,53,50,0.9433962264150944
4601,sports,684,677,0.9897660818713451
8895,business,893,870,0.9742441209406495
5895,sports,258,252,0.9767441860465116
8115,sports,750,730,0.9733333333333334
6793,politics,898,837,0.9320712694877505
7936,sports,219,210,0.958904109589041
5491,sports,725,698,0.9627586206896551
439,sports,1020,986,0.9666666666666667
9170,sports,729,720,0.9876543209876543
392,business,954,933,0.9779874213836478
6918,sports,828,807,0.9746376811594203
8892,sports,675,668,0.9896296296296296
3966,sports,707,693,0.9801980198019802
10894,politics,402,398,0.9900497512437811
6800,politics,923,902,0.9772481040086674
1331,sports,360,341,0.9472222222222222
5196,sports,638,605,0.9482758620689655
6842,sports,431,425,0.9860788863109049
5685,business,1241,1221,0.983883964544722
8750,sports,606,579,0.9554455445544554
4071,sports,703,681,0.968705547652916
11134,sports,407,391,0.9606879606879607
6159,sports,114,113,0.9912280701754386
10127,sports,834,803,0.9628297362110312
9195,sports,737,709,0.9620081411126187
198,sports,383,370,0.9660574412532638
5435,sports,815,791,0.9705521472392638
375,sports,280,276,0.9857142857142858
193,sports,1006,967,0.9612326043737575
4892,sports,779,758,0.9730423620025674
8854,sports,931,916,0.9838882921589689
1406,sports,946,932,0.985200845665962
730,sports,513,490,0.9551656920077972
1079,business,323,320,0.9907120743034056
3945,sports,535,513,0.9588785046728971
3608,sports,682,671,0.9838709677419355
5540,sports,932,907,0.973175965665236
5869,politics,786,767,0.9758269720101781
983,sports,666,634,0.9519519519519519
2289,sports,324,321,0.9907407407407407
10812,politics,946,921,0.9735729386892178
6032,sports,539,531,0.9851576994434137
8682,sports,960,945,0.984375
5490,sports,313,309,0.987220447284345
9459,sports,641,627,0.9781591263650546
10904,politics,748,712,0.9518716577540107
5784,sports,672,660,0.9821428571428571
8369,sports,507,498,0.9822485207100592
9567,sports,790,763,0.9658227848101266
2313,sports,636,614,0.9654088050314465
153,sports,122,114,0.9344262295081968
4818,business,728,713,0.9793956043956044
972,sports,415,394,0.9493975903614458
129,sports,768,744,0.96875
9904,sports,821,801,0.9756394640682094
2532,business,717,707,0.9860529986052998
6486,sports,517,503,0.9729206963249516
6387,politics,823,810,0.9842041312272175
7711,sports,918,899,0.9793028322440087
70,sports,469,456,0.9722814498933902
9840,sports,714,685,0.9593837535014006
3429,sports,948,925,0.9757383966244726
2149,sports,361,357,0.9889196675900277
6191,sports,241,231,0.9585062240663901
6396,sports,687,674,0.9810771470160117
9990,sports,809,759,0.9381953028430161
11215,sports,111,110,0.990990990990991
2903,business,835,783,0.9377245508982036
2542,business,526,504,0.9581749049429658
9708,sports,236,223,0.9449152542372882
5611,sports,810,792,0.9777777777777777
6956,business,780,743,0.9525641025641025
10041,sports,327,324,0.9908256880733946
1339,sports,315,311,0.9873015873015873
8396,sports,881,865,0.981838819523269
8985,sports,714,685,0.9593837535014006
1524,business,598,563,0.9414715719063546
8831,sports,375,361,0.9626666666666667
7300,sports,369,362,0.981029810298103
8483,politics,818,786,0.960880195599022
5855,sports,602,569,0.9451827242524917
4160,sports,714,705,0.9873949579831933
6014,sports,765,748,0.9777777777777777
6694,sports,124,119,0.9596774193548387
4676,sports,226,210,0.9292035398230089
6858,sports,716,713,0.9958100558659218
4091,sports,806,800,0.9925558312655087
5864,sports,783,762,0.9731800766283525
10109,sports,626,608,0.9712460063897763
7962,sports,731,700,0.957592339261286
9629,politics,697,688,0.9870875179340028
3522,sports,618,613,0.9919093851132686
3220,sports,225,217,0.9644444444444444
11503,sports,672,633,0.9419642857142857
7480,sports,737,714,0.9687924016282226
2368,sports,524,510,0.9732824427480916
6480,sports,553,549,0.9927667269439421
4327,sports,476,459,0.9642857142857143
9111,business,786,768,0.9770992366412213
2861,sports,714,684,0.957983193277311
10943,sports,261,252,0.9655172413793104
2706,sports,122,118,0.9672131147540983
6073,politics,1121,1096,0.9776984834968778
5082,sports,607,590,0.9719934102141681
8722,sports,728,684,0.9395604395604396
3374,sports,524,518,0.9885496183206107
1425,sports,765,738,0.9647058823529412
4748,sports,378,363,0.9603174603174603
8112,sports,664,644,0.9698795180722891
1413,sports,792,779,0.9835858585858586
1270,sports,683,664,0.972181551976574
11130,sports,396,386,0.9747474747474747
7107,sports,436,418,0.9587155963302753
10342,sports,587,561,0.9557069846678024
5218,sports,674,651,0.9658753709198813
5708,sports,781,762,0.9756722151088348
11141,sports,597,576,0.964824120603015
10223,politics,1028,1005,0.9776264591439688
4652,business,942,920,0.9766454352441614
3003,sports,470,461,0.9808510638297873
9403,sports,779,768,0.9858793324775353
11493,sports,133,127,0.9548872180451128
8011,sports,799,771,0.9649561952440551
6466,politics,556,549,0.987410071942446
8558,sports,631,626,0.9920760697305864
4721,sports,707,700,0.9900990099009901
2886,sports,820,793,0.9670731707317073
1300,sports,850,815,0.9588235294117647
2049,sports,942,916,0.9723991507430998
9023,sports,455,448,0.9846153846153847
2029,sports,972,965,0.992798353909465
2314,sports,135,131,0.9703703703703703
3724,sports,439,427,0.9726651480637813
6017,sports,732,720,0.9836065573770492
11157,sports,595,572,0.9613445378151261
7427,sports,493,485,0.9837728194726166
8886,sports,689,673,0.97677793904209
9438,sports,724,706,0.9751381215469613
2373,sports,423,411,0.9716312056737588
6937,business,926,859,0.927645788336933
5315,sports,646,628,0.9721362229102167
2790,sports,629,600,0.9538950715421304
914,sports,520,510,0.9807692307692307
4804,sports,700,681,0.9728571428571429
2270,sports,340,334,0.9823529411764705
9086,politics,688,682,0.9912790697674418
9831,sports,701,686,0.978601997146933
6058,sports,125,121,0.968
11227,sports,665,633,0.9518796992481203
1293,sports,717,710,0.9902370990237099
282,business,667,643,0.9640179910044977
6632,sports,861,836,0.9709639953542393
6487,sports,703,686,0.9758179231863442
6475,politics,811,793,0.9778051787916153
9428,politics,391,386,0.9872122762148338
4206,sports,727,699,0.9614855570839065
10349,sports,347,338,0.9740634005763689
1239,sports,607,587,0.9670510708401977
1907,business,647,626,0.9675425038639877
9258,sports,490,466,0.9510204081632653
10295,sports,795,781,0.9823899371069182
5616,sports,760,743,0.9776315789473684
7621,sports,714,674,0.9439775910364145
8260,sports,744,714,0.9596774193548387
7808,sports,524,504,0.9618320610687023
8144,sports,114,113,0.9912280701754386
11489,business,424,419,0.9882075471698113
3715,politics,739,730,0.9878213802435724
8064,sports,460,435,0.9456521739130435
4241,sports,703,692,0.984352773826458
5499,business,940,924,0.9829787234042553
7817,business,555,549,0.9891891891891892
11343,sports,545,513,0.9412844036697248
970,sports,713,676,0.9481065918653576
1874,sports,675,649,0.9614814814814815
4586,politics,1002,988,0.9860279441117764
5641,sports,116,114,0.9827586206896551
5622,politics,517,514,0.9941972920696325
4213,sports,985,939,0.9532994923857868
5655,sports,485,467,0.9628865979381444
1309,sports,237,230,0.9704641350210971
11448,business,639,612,0.9577464788732394
6961,sports,522,505,0.9674329501915708
8953,sports,582,560,0.9621993127147767
5419,sports,817,800,0.9791921664626683
9640,sports,797,790,0.9912170639899623
2949,sports,616,597,0.9691558441558441
9877,sports,728,712,0.978021978021978
5941,politics,662,648,0.9788519637462235
7554,politics,652,636,0.9754601226993865
10666,sports,1112,1083,0.9739208633093526
2283,sports,114,99,0.868421052631579
217,business,566,558,0.9858657243816255
9348,politics,421,410,0.9738717339667459
4706,sports,101,101,1.0
11262,sports,622,608,0.977491961414791
4167,sports,893,881,0.986562150055991
2895,business,1009,996,0.9871159563924677
5220,business,509,483,0.9489194499017681
1515,business,623,612,0.9823434991974318
5120,sports,300,297,0.99
7589,sports,629,616,0.9793322734499205
1898,sports,234,225,0.9615384615384616
1332,sports,519,498,0.9595375722543352
3774,sports,1024,1001,0.9775390625
10432,sports,712,693,0.973314606741573
5367,politics,870,854,0.9816091954022989
681,sports,179,177,0.9888268156424581
5834,sports,816,802,0.9828431372549019
2040,sports,858,841,0.9801864801864801
4275,sports,248,240,0.967741935483871
960,sports,229,228,0.9956331877729258
2043,sports,238,228,0.957983193277311
8721,sports,91,83,0.9120879120879121
7123,politics,780,745,0.9551282051282052
584,business,560,542,0.9678571428571429
3280,sports,909,875,0.9625962596259626
9505,sports,879,846,0.962457337883959
2176,sports,124,121,0.9758064516129032
5363,business,746,724,0.9705093833780161
2609,sports,264,252,0.9545454545454546
9094,sports,120,119,0.9916666666666667
8513,sports,357,347,0.9719887955182073
3723,sports,761,737,0.9684625492772667
2738,sports,706,694,0.9830028328611898
11273,sports,919,893,0.9717083786724701
6128,sports,964,949,0.9844398340248963
2589,sports,171,158,0.9239766081871345
2848,sports,694,679,0.978386167146974
2214,business,684,670,0.97953216374269
4075,sports,435,407,0.9356321839080459
612,sports,496,484,0.9758064516129032
777,sports,418,411,0.9832535885167464
7105,sports,481,461,0.9584199584199584
9067,sports,903,875,0.9689922480620154
8741,sports,692,679,0.9812138728323699
7409,politics,236,236,1.0
6943,sports,529,527,0.996219281663516
7081,sports,951,927,0.9747634069400631
11351,sports,435,426,0.9793103448275862
3856,sports,317,305,0.9621451104100947
7063,sports,946,883,0.9334038054968288
8309,sports,815,779,0.9558282208588957
566,sports,92,85,0.9239130434782609
2796,sports,122,115,0.9426229508196722
4685,politics,839,804,0.9582836710369488
10561,sports,749,738,0.9853137516688919
7038,sports,738,697,0.9444444444444444
3628,sports,162,158,0.9753086419753086
421,business,488,475,0.9733606557377049
1392,sports,851,825,0.9694477085781433
11497,sports,196,191,0.9744897959183674
4074,sports,802,775,0.9663341645885287
11270,sports,1044,989,0.9473180076628352
8587,sports,383,373,0.9738903394255874
301,politics,683,672,0.9838945827232797
6714,sports,1141,1093,0.957931638913234
5761,sports,926,889,0.9600431965442765
9943,sports,728,695,0.9546703296703297
2652,sports,443,425,0.9593679458239278
9212,business,106,105,0.9905660377358491
1249,sports,173,166,0.9595375722543352
6123,sports,644,598,0.9285714285714286
5853,politics,784,751,0.9579081632653061
1269,sports,773,758,0.9805950840879689
8323,sports,467,450,0.9635974304068522
11278,sports,957,890,0.9299895506792059
9885,sports,1294,1271,0.982225656877898
447,sports,442,424,0.9592760180995475
136,business,957,943,0.9853709508881923
933,sports,600,555,0.925
3783,business,559,548,0.9803220035778175
2425,sports,514,501,0.9747081712062257
805,sports,861,827,0.9605110336817654
8506,sports,883,850,0.9626274065685164
3795,politics,594,584,0.9831649831649831
10972,sports,641,624,0.9734789391575663
9380,sports,830,819,0.9867469879518073
3063,sports,598,568,0.9498327759197325
8966,sports,785,747,0.9515923566878981
1006,sports,277,272,0.9819494584837545
5044,politics,762,751,0.9855643044619422
8995,sports,767,741,0.9661016949152542
100,sports,178,171,0.9606741573033708
8925,sports,377,371,0.9840848806366048
2067,sports,161,155,0.9627329192546584
861,sports,782,759,0.9705882352941176
1279,sports,185,178,0.9621621621621622
138,sports,124,109,0.8790322580645161
10247,sports,301,292,0.9700996677740864
11364,sports,550,525,0.9545454545454546
3323,sports,469,437,0.9317697228144989
9345,sports,712,708,0.9943820224719101
1655,sports,288,275,0.9548611111111112
10643,sports,788,754,0.9568527918781726
6806,sports,123,120,0.975609756097561
9160,sports,692,687,0.9927745664739884
8457,sports,787,773,0.9822109275730623
3980,sports,826,802,0.9709443099273608
600,sports,650,642,0.9876923076923076
4126,sports,870,860,0.9885057471264368
3870,sports,579,571,0.9861830742659758
4316,sports,971,935,0.9629248197734295
3058,sports,624,600,0.9615384615384616
2638,sports,664,658,0.9909638554216867
6834,sports,1016,972,0.9566929133858267
9093,sports,131,130,0.9923664122137404
6398,sports,854,829,0.9707259953161592
3317,politics,682,661,0.969208211143695
5629,politics,704,689,0.9786931818181818
11040,business,688,676,0.9825581395348837
5695,sports,298,286,0.959731543624161
10113,business,718,702,0.9777158774373259
5743,sports,869,836,0.9620253164556962
8640,business,922,889,0.9642082429501084
8035,politics,657,636,0.9680365296803652
932,sports,651,626,0.9615975422427036
4625,sports,657,642,0.9771689497716894
4152,sports,433,420,0.9699769053117783
7464,sports,710,665,0.9366197183098591
3106,sports,845,831,0.9834319526627219
549,sports,733,721,0.9836289222373806
5042,sports,757,712,0.940554821664465
7847,sports,732,722,0.9863387978142076
10552,sports,686,673,0.9810495626822158
8060,sports,715,695,0.972027972027972
2343,sports,115,110,0.9565217391304348
6671,sports,291,286,0.9828178694158075
9116,sports,325,318,0.9784615384615385
3550,sports,557,541,0.9712746858168761
10086,business,1022,981,0.9598825831702544
6903,politics,721,709,0.9833564493758669
5970,sports,657,651,0.9908675799086758
1313,sports,287,281,0.9790940766550522
3108,business,373,369,0.9892761394101877
9647,sports,589,585,0.9932088285229203
11271,sports,120,116,0.9666666666666667
10399,sports,174,166,0.9540229885057471
9696,business,521,516,0.9904030710172744
10868,business,423,422,0.9976359338061466
2685,sports,923,877,0.9501625135427952
1430,sports,473,461,0.9746300211416491
11398,sports,220,204,0.9272727272727272
8941,sports,393,377,0.9592875318066157
2858,politics,587,576,0.9812606473594548
4476,sports,645,620,0.9612403100775194
8904,sports,132,130,0.9848484848484849
7595,business,871,828,0.9506314580941446
944,sports,677,671,0.9911373707533235
8001,sports,419,410,0.9785202863961814
4754,politics,695,681,0.9798561151079137
11249,sports,386,367,0.9507772020725389
11165,sports,443,434,0.9796839729119639
8661,sports,1057,1021,0.9659413434247871
4107,sports,326,320,0.9815950920245399
5704,sports,89,88,0.9887640449438202
7482,politics,349,340,0.9742120343839542
3592,sports,153,147,0.9607843137254902
2555,sports,385,368,0.9558441558441558
3951,sports,752,742,0.9867021276595744
3548,sports,311,305,0.9807073954983923
10551,sports,970,943,0.9721649484536082
9002,sports,801,787,0.982521847690387
5214,business,824,797,0.9672330097087378
3075,sports,1418,1371,0.9668547249647391
776,sports,297,290,0.9764309764309764
5691,sports,463,435,0.9395248380129589
3844,politics,745,729,0.978523489932886
6351,business,642,636,0.9906542056074766
7606,sports,343,328,0.956268221574344
10820,sports,641,638,0.9953198127925117
9354,sports,486,463,0.9526748971193416
10251,business,708,659,0.9307909604519774
9275,business,320,308,0.9625
3882,sports,708,661,0.9336158192090396
5595,sports,695,671,0.9654676258992806
3708,sports,692,682,0.9855491329479769
5265,sports,703,670,0.9530583214793741
8381,politics,653,644,0.9862174578866769
3336,sports,314,294,0.9363057324840764
11002,sports,397,385,0.9697732997481109
677,sports,888,849,0.956081081081081
8677,sports,891,856,0.9607182940516273
5175,sports,759,741,0.9762845849802372
9143,business,666,660,0.990990990990991
10211,business,363,358,0.9862258953168044
6211,politics,563,534,0.9484902309058615
7672,sports,390,375,0.9615384615384616
6174,sports,130,122,0.9384615384615385
3874,sports,469,467,0.9957356076759062
1060,sports,683,660,0.9663250366032211
11204,sports,688,663,0.9636627906976745
7133,sports,943,919,0.9745493107104984
4568,sports,434,413,0.9516129032258065
1019,sports,744,709,0.9529569892473119
6069,sports,129,128,0.9922480620155039
5825,sports,898,884,0.9844097995545658
10402,sports,677,671,0.9911373707533235
2872,sports,693,673,0.9711399711399712
7689,sports,491,483,0.9837067209775967
5575,politics,942,921,0.9777070063694268
10325,sports,485,475,0.979381443298969
8975,business,763,746,0.9777195281782438
10219,sports,91,91,1.0
3768,business,704,679,0.9644886363636364
300,sports,549,528,0.9617486338797814
1236,sports,348,343,0.985632183908046
8933,politics,776,733,0.9445876288659794
5249,politics,218,209,0.9587155963302753
1996,sports,971,941,0.9691040164778579
331,sports,816,792,0.9705882352941176
3848,business,731,717,0.9808481532147743
9367,politics,671,667,0.9940387481371088
5280,sports,627,618,0.9856459330143541
6164,sports,763,735,0.963302752293578
11199,sports,674,649,0.9629080118694362
8448,sports,312,302,0.967948717948718
8047,sports,666,649,0.9744744744744744
10256,sports,545,541,0.9926605504587156
9601,sports,626,619,0.9888178913738019
9020,politics,783,763,0.9744572158365262
2549,sports,285,257,0.9017543859649123
147,sports,120,118,0.9833333333333333
6668,sports,101,96,0.9504950495049505
3485,sports,427,420,0.9836065573770492
10594,business,584,565,0.9674657534246576
3818,sports,871,857,0.983926521239954
2444,sports,806,774,0.9602977667493796
5486,sports,579,564,0.9740932642487047
5100,sports,977,969,0.9918116683725691
2557,business,887,879,0.9909808342728298
7767,sports,780,748,0.958974358974359
6483,politics,657,639,0.9726027397260274
2066,sports,970,925,0.9536082474226805
9869,politics,769,732,0.951885565669701
7895,sports,813,785,0.965559655596556
5528,sports,809,790,0.9765142150803461
1816,sports,476,469,0.9852941176470589
8062,business,806,772,0.9578163771712159
8265,politics,658,633,0.9620060790273556
9179,sports,426,419,0.9835680751173709
6932,sports,856,841,0.9824766355140186
6088,sports,663,645,0.9728506787330317
10979,politics,816,777,0.9522058823529411
1927,sports,207,190,0.9178743961352657
4395,sports,164,157,0.9573170731707317
10240,sports,901,890,0.9877913429522752
9734,sports,326,322,0.9877300613496932
3745,sports,148,142,0.9594594594594594
2548,sports,991,948,0.9566094853683148
2563,business,812,793,0.9766009852216748
7229,sports,660,642,0.9727272727272728
3863,sports,780,767,0.9833333333333333
5338,sports,661,637,0.9636913767019667
1830,sports,231,221,0.9567099567099567
958,sports,94,78,0.8297872340425532
4670,sports,671,653,0.9731743666169895
1623,sports,654,641,0.9801223241590215
10080,sports,819,791,0.9658119658119658
6299,sports,746,714,0.9571045576407506
7275,sports,911,903,0.991218441273326
1090,sports,226,221,0.9778761061946902
2052,sports,512,489,0.955078125
1571,sports,171,162,0.9473684210526315
1869,business,608,591,0.9720394736842105
2512,sports,200,194,0.97
8083,business,390,387,0.9923076923076923
6753,sports,792,779,0.9835858585858586
4961,sports,780,739,0.9474358974358974
2111,sports,693,660,0.9523809523809523
6246,sports,156,152,0.9743589743589743
10255,sports,305,302,0.9901639344262295
9790,business,619,604,0.975767366720517
8160,sports,648,638,0.9845679012345679
8350,sports,515,508,0.9864077669902913
2922,sports,555,543,0.9783783783783784
5143,sports,598,582,0.9732441471571907
2079,sports,771,748,0.9701686121919585
6661,sports,921,913,0.991313789359392
10275,sports,912,897,0.9835526315789473
1166,business,960,951,0.990625
1197,business,838,829,0.9892601431980907
9090,sports,754,737,0.9774535809018567
4026,sports,943,932,0.9883351007423118
2521,sports,117,112,0.9572649572649573
4705,sports,1003,980,0.9770687936191426
874,sports,582,569,0.9776632302405498
2071,business,514,508,0.9883268482490273
6425,sports,444,437,0.9842342342342343
10351,sports,598,581,0.9715719063545151
7849,sports,882,862,0.9773242630385488
1646,sports,989,946,0.9565217391304348
1607,sports,886,830,0.9367945823927766
1223,sports,964,933,0.9678423236514523
4444,sports,121,120,0.9917355371900827
3574,sports,198,191,0.9646464646464646
10523,sports,662,657,0.9924471299093656
2703,sports,536,518,0.9664179104477612
5197,sports,761,729,0.9579500657030223
4579,sports,704,693,0.984375
2285,sports,835,791,0.9473053892215569
7485,sports,760,752,0.9894736842105263
7758,sports,832,798,0.9591346153846154
832,sports,1059,1036,0.9782813975448537
2400,sports,887,867,0.9774520856820744
10521,sports,991,958,0.9667003027245207
53,sports,929,872,0.9386437029063509
6104,politics,626,611,0.9760383386581469
1375,sports,718,713,0.9930362116991643
5903,sports,894,869,0.9720357941834452
2632,sports,606,601,0.9917491749174917
5634,sports,700,680,0.9714285714285714
5651,sports,519,510,0.9826589595375722
6415,politics,753,734,0.9747675962815405
659,sports,436,427,0.9793577981651376
5020,sports,639,630,0.9859154929577465
4671,politics,374,357,0.9545454545454546
10467,sports,831,813,0.9783393501805054
3044,sports,484,463,0.9566115702479339
11240,sports,1033,996,0.9641819941916747
10277,sports,961,936,0.9739854318418314
239,sports,541,521,0.9630314232902033
2691,sports,720,698,0.9694444444444444
9412,politics,874,844,0.965675057208238
8530,sports,747,740,0.9906291834002677
373,sports,1012,958,0.9466403162055336
7660,sports,958,938,0.9791231732776617
1491,sports,536,516,0.9626865671641791
7720,sports,785,766,0.975796178343949
4336,sports,379,371,0.978891820580475
2699,sports,365,356,0.9753424657534246
9715,sports,98,95,0.9693877551020408
6327,sports,1127,1104,0.9795918367346939
4562,sports,445,436,0.9797752808988764
5084,politics,692,680,0.9826589595375722
7559,politics,739,727,0.9837618403247632
9453,sports,813,782,0.9618696186961869
11328,sports,920,885,0.9619565217391305
3470,sports,192,189,0.984375
1728,sports,154,147,0.9545454545454546
10778,business,273,271,0.9926739926739927
3486,sports,830,812,0.9783132530120482
11053,business,748,728,0.9732620320855615
8425,sports,627,605,0.9649122807017544
10768,sports,807,785,0.9727385377942999
5256,business,236,234,0.9915254237288136
4855,sports,207,200,0.966183574879227
4157,sports,677,668,0.9867060561299852
1052,business,143,140,0.9790209790209791
6590,politics,879,851,0.9681456200227532
8902,business,922,894,0.9696312364425163
6594,sports,750,735,0.98
7874,sports,1001,976,0.975024975024975
3842,sports,805,783,0.9726708074534162
9632,sports,768,744,0.96875
8491,business,541,529,0.977818853974122
10922,sports,453,429,0.9470198675496688
9622,sports,476,468,0.9831932773109243
8805,politics,573,555,0.9685863874345549
3801,business,138,134,0.9710144927536232
9319,sports,633,624,0.985781990521327
2975,sports,852,834,0.9788732394366197
3515,politics,615,594,0.9658536585365853
10236,sports,811,795,0.9802712700369913
7752,business,721,685,0.9500693481276006
4097,sports,569,537,0.9437609841827768
731,sports,625,594,0.9504
5412,sports,941,917,0.9744952178533475
10684,sports,848,818,0.964622641509434
2361,business,997,973,0.9759277833500501
3271,sports,462,454,0.9826839826839827
6257,sports,782,736,0.9411764705882353
2193,sports,142,135,0.9507042253521126
8406,politics,961,945,0.9833506763787722
1001,sports,1036,1001,0.9662162162162162
720,sports,1281,1219,0.9516003122560499
6895,sports,785,757,0.9643312101910828
8935,politics,283,267,0.9434628975265018
8029,business,567,539,0.9506172839506173
4020,business,278,269,0.9676258992805755
8999,sports,736,698,0.9483695652173914
5290,sports,807,795,0.9851301115241635
5291,politics,618,609,0.9854368932038835
4212,sports,829,795,0.9589867310012062
1541,sports,116,113,0.9741379310344828
8758,sports,838,822,0.9809069212410502
6265,business,257,251,0.9766536964980544
1160,sports,840,821,0.9773809523809524
1639,sports,300,286,0.9533333333333334
3927,business,485,466,0.9608247422680413
9493,sports,919,896,0.9749727965179543
6845,sports,575,554,0.9634782608695652
11233,sports,832,814,0.9783653846153846
4110,politics,420,402,0.9571428571428572
4092,sports,616,593,0.9626623376623377
6273,sports,345,342,0.991304347826087
10242,sports,870,856,0.9839080459770115
5546,sports,895,847,0.9463687150837988
9064,sports,690,648,0.9391304347826087
11429,sports,540,529,0.9796296296296296
6504,sports,695,673,0.9683453237410072
4480,sports,356,348,0.9775280898876404
11467,sports,241,240,0.995850622406639
3222,politics,669,649,0.9701046337817638
3434,sports,494,482,0.9757085020242915
8241,sports,756,748,0.9894179894179894
9351,politics,1062,1050,0.9887005649717514
7540,sports,929,917,0.9870828848223897
1024,business,354,336,0.9491525423728814
2727,sports,368,353,0.9592391304347826
6698,sports,518,499,0.9633204633204633
1242,sports,923,908,0.9837486457204767
7101,sports,892,863,0.9674887892376681
7854,sports,766,756,0.9869451697127938
1992,sports,144,138,0.9583333333333334
10966,politics,730,715,0.9794520547945206
3648,politics,424,395,0.9316037735849056
10290,sports,769,753,0.9791937581274383
8116,sports,509,488,0.9587426326129665
3534,sports,848,829,0.9775943396226415
8277,sports,462,437,0.9458874458874459
793,sports,406,393,0.9679802955665024
5269,sports,832,806,0.96875
1740,sports,253,234,0.924901185770751
729,sports,605,588,0.971900826446281
10384,sports,1550,1483,0.9567741935483871
4615,sports,466,446,0.9570815450643777
9349,sports,724,715,0.9875690607734806
9373,sports,405,403,0.9950617283950617
2745,sports,1059,1038,0.9801699716713881
9298,sports,381,367,0.963254593175853
8009,sports,527,521,0.9886148007590133
8231,sports,630,615,0.9761904761904762
4244,sports,223,211,0.9461883408071748
2342,sports,409,391,0.9559902200488998
4021,sports,431,414,0.9605568445475638
10183,sports,284,265,0.9330985915492958
166,sports,308,303,0.9837662337662337
7685,business,708,693,0.9788135593220338
9693,sports,574,543,0.945993031358885
1351,sports,621,614,0.9887278582930756
3590,sports,872,851,0.9759174311926605
5235,sports,721,706,0.9791955617198336
5119,sports,391,383,0.979539641943734
474,business,713,688,0.9649368863955119
8523,sports,566,525,0.9275618374558304
1550,sports,180,167,0.9277777777777778
443,sports,728,698,0.9587912087912088
998,sports,1181,1149,0.9729043183742591
11329,sports,276,257,0.9311594202898551
4049,sports,918,909,0.9901960784313726
8207,sports,878,869,0.989749430523918
6036,sports,126,120,0.9523809523809523
10707,sports,741,726,0.979757085020243
2173,sports,697,674,0.9670014347202296
8403,politics,928,904,0.9741379310344828
3875,business,330,330,1.0
11301,sports,416,386,0.9278846153846154
5507,sports,468,449,0.9594017094017094
6652,business,569,564,0.9912126537785588
3513,business,271,270,0.996309963099631
9328,sports,645,627,0.9720930232558139
229,sports,418,414,0.9904306220095693
4190,politics,286,280,0.9790209790209791
6209,sports,750,730,0.9733333333333334
3518,sports,408,380,0.9313725490196079
7305,sports,687,648,0.9432314410480349
1984,sports,151,146,0.9668874172185431
3737,sports,727,716,0.984869325997249
8032,sports,450,436,0.9688888888888889
10724,sports,728,706,0.9697802197802198
7461,sports,757,739,0.9762219286657859
126,sports,378,376,0.9947089947089947
10669,sports,814,789,0.9692874692874693
4443,sports,809,785,0.9703337453646477
1133,sports,703,686,0.9758179231863442
5531,business,598,591,0.9882943143812709
6868,sports,686,674,0.9825072886297376
4593,sports,812,800,0.9852216748768473
189,sports,605,574,0.9487603305785124
1994,business,717,685,0.9553695955369595
1890,politics,637,620,0.9733124018838305
9913,politics,496,475,0.9576612903225806
8851,politics,847,837,0.9881936245572609
2280,sports,743,693,0.9327052489905787
7267,sports,305,303,0.9934426229508196
5749,sports,728,707,0.9711538461538461
9278,politics,1072,1044,0.9738805970149254
2454,sports,287,279,0.9721254355400697
5105,business,685,673,0.9824817518248176
7899,sports,869,845,0.9723820483314154
3088,sports,729,723,0.9917695473251029
10,sports,523,502,0.9598470363288719
7754,sports,837,821,0.980884109916368
4398,sports,195,187,0.958974358974359
3529,sports,768,765,0.99609375
8449,politics,890,868,0.9752808988764045
10587,sports,833,821,0.985594237695078
5050,politics,898,868,0.9665924276169265
4614,sports,265,263,0.9924528301886792
1477,business,539,527,0.9777365491651205
1517,business,954,939,0.9842767295597484
5111,sports,871,851,0.9770378874856487
87,sports,286,282,0.986013986013986
4197,sports,742,713,0.9609164420485176
3776,sports,797,788,0.9887076537013801
6274,sports,907,870,0.9592061742006616
6393,sports,839,822,0.9797377830750894
7768,sports,188,179,0.9521276595744681
4104,sports,552,531,0.9619565217391305
4872,business,642,625,0.9735202492211839
1473,sports,191,185,0.9685863874345549
1266,sports,840,827,0.9845238095238096
10319,politics,385,367,0.9532467532467532
3031,sports,439,432,0.9840546697038725
5539,sports,694,679,0.978386167146974
9155,sports,987,972,0.9848024316109423
1514,sports,475,459,0.9663157894736842
10706,politics,689,664,0.9637155297532656
4483,sports,892,876,0.9820627802690582
2856,sports,958,942,0.9832985386221295
5023,sports,865,852,0.9849710982658959
4303,sports,772,760,0.9844559585492227
9500,sports,706,694,0.9830028328611898
5301,sports,613,598,0.9755301794453507
3359,sports,791,781,0.9873577749683944
3573,politics,871,842,0.9667049368541906
10479,sports,653,615,0.9418070444104135
4072,sports,795,775,0.9748427672955975
3286,sports,742,729,0.9824797843665768
8579,sports,764,750,0.981675392670157
9883,sports,372,366,0.9838709677419355
7422,politics,674,658,0.9762611275964391
9283,sports,800,783,0.97875
8480,sports,985,977,0.9918781725888325
20,sports,549,521,0.9489981785063752
7050,sports,675,668,0.9896296296296296
10229,sports,538,518,0.9628252788104089
11395,sports,551,522,0.9473684210526315
9097,sports,410,395,0.9634146341463414
7066,sports,972,954,0.9814814814814815
4689,politics,668,657,0.9835329341317365
8641,sports,302,300,0.9933774834437086
10144,sports,910,895,0.9835164835164835
2752,politics,883,860,0.9739524348810872
5610,sports,926,904,0.9762419006479481
2984,sports,741,719,0.970310391363023
3889,sports,437,419,0.9588100686498856
11047,business,306,306,1.0
2966,business,918,904,0.9847494553376906
3503,sports,876,846,0.9657534246575342
361,sports,1201,1165,0.9700249791840133
8166,business,791,776,0.9810366624525917
6248,politics,511,494,0.9667318982387475
6726,sports,585,555,0.9487179487179487
5311,sports,313,300,0.9584664536741214
10271,politics,693,668,0.963924963924964
4255,business,433,427,0.9861431870669746
9010,sports,798,778,0.974937343358396
8478,sports,785,762,0.9707006369426752
11300,sports,362,355,0.9806629834254144
5601,sports,625,609,0.9744
10604,sports,927,901,0.9719525350593312
9310,politics,531,525,0.9887005649717514
10311,sports,446,427,0.9573991031390134
8085,sports,607,605,0.9967051070840197
10623,sports,624,607,0.9727564102564102
6919,business,251,247,0.9840637450199203
10244,sports,266,264,0.9924812030075187
8272,sports,782,735,0.9398976982097187
8416,sports,498,476,0.9558232931726908
3128,sports,886,877,0.989841986455982
4428,sports,930,925,0.9946236559139785
918,business,832,813,0.9771634615384616
10527,sports,884,866,0.9796380090497737
1628,sports,435,420,0.9655172413793104
1746,sports,616,577,0.9366883116883117
3688,sports,876,854,0.9748858447488584
250,sports,588,571,0.9710884353741497
5975,sports,587,542,0.9233390119250426
5686,sports,308,296,0.961038961038961
1865,sports,546,527,0.9652014652014652
7154,sports,289,280,0.9688581314878892
666,sports,997,966,0.9689067201604814
7024,sports,410,403,0.9829268292682927
11287,sports,711,693,0.9746835443037974
6205,business,663,641,0.9668174962292609
10963,sports,701,692,0.9871611982881597
2933,business,1009,973,0.9643211100099108
5123,sports,675,653,0.9674074074074074
7067,sports,856,848,0.9906542056074766
7223,business,227,227,1.0
4146,sports,943,934,0.9904559915164369
2612,business,901,875,0.9711431742508324
3363,sports,796,781,0.9811557788944724
6576,sports,795,781,0.9823899371069182
450,sports,652,626,0.9601226993865031
4895,sports,309,299,0.9676375404530745
1903,business,793,784,0.9886506935687264
4173,sports,387,373,0.9638242894056848
7779,business,909,862,0.9482948294829483
63,sports,681,635,0.9324522760646109
5206,sports,638,627,0.9827586206896551
10258,sports,90,84,0.9333333333333333
6366,politics,1047,1020,0.9742120343839542
10549,sports,798,788,0.9874686716791979
7118,sports,549,536,0.97632058287796
3698,sports,198,189,0.9545454545454546
5766,sports,212,197,0.9292452830188679
529,sports,703,671,0.9544807965860598
6010,sports,817,789,0.9657282741738066
2113,sports,649,611,0.9414483821263482
4189,sports,127,116,0.9133858267716536
8414,sports,779,757,0.9717586649550706
4838,politics,852,842,0.9882629107981221
284,business,884,869,0.9830316742081447
2885,sports,528,502,0.9507575757575758
4144,sports,1057,1023,0.967833491012299
2394,business,472,442,0.9364406779661016
10403,sports,731,706,0.9658002735978112
6893,sports,972,959,0.9866255144032922
6003,sports,781,755,0.9667093469910372
11166,sports,364,335,0.9203296703296703
5331,sports,628,593,0.9442675159235668
3203,sports,661,650,0.983358547655068
8838,politics,1065,1014,0.952112676056338
8877,sports,936,910,0.9722222222222222
11363,sports,632,610,0.9651898734177216
6419,sports,683,656,0.9604685212298683
9429,sports,381,366,0.9606299212598425
434,business,843,810,0.9608540925266904
9844,sports,881,871,0.9886492622020431
3443,business,511,500,0.9784735812133072
10375,sports,606,594,0.9801980198019802
6029,sports,320,319,0.996875
8499,sports,726,714,0.9834710743801653
7626,sports,680,652,0.9588235294117647
487,sports,197,192,0.9746192893401016
2405,sports,333,314,0.9429429429429429
4960,sports,879,860,0.9783845278725825
4866,politics,662,632,0.9546827794561934
627,sports,858,838,0.9766899766899767
6229,sports,344,333,0.9680232558139535
1520,sports,208,202,0.9711538461538461
6825,sports,583,578,0.9914236706689536
5053,sports,773,757,0.9793014230271668
11267,sports,380,362,0.9526315789473684
1028,business,1249,1220,0.9767814251401121
5466,sports,541,536,0.9907578558225508
11008,business,700,679,0.97
7383,business,821,776,0.9451887941534713
2251,sports,378,348,0.9206349206349206
3793,sports,661,643,0.972768532526475
3811,sports,948,930,0.9810126582278481
1286,sports,145,140,0.9655172413793104
11260,business,724,714,0.9861878453038674
5381,sports,942,918,0.9745222929936306
5949,sports,628,613,0.9761146496815286
3184,sports,1054,1029,0.976280834914611
3914,business,420,381,0.9071428571428571
6055,sports,810,796,0.9827160493827161
718,business,692,683,0.9869942196531792
1833,sports,498,486,0.9759036144578314
10338,politics,615,597,0.9707317073170731
9171,business,587,576,0.9812606473594548
2748,politics,632,614,0.9715189873417721
11089,business,670,659,0.9835820895522388
32,business,499,498,0.9979959919839679
8288,sports,263,252,0.9581749049429658
7329,sports,335,324,0.9671641791044776
2002,sports,604,574,0.9503311258278145
3953,sports,817,798,0.9767441860465116
4134,sports,426,406,0.9530516431924883
3105,sports,721,702,0.9736477115117892
3162,sports,908,883,0.9724669603524229
1192,sports,647,620,0.9582689335394127
3533,sports,709,676,0.9534555712270804
7832,business,356,355,0.9971910112359551
7568,sports,745,715,0.959731543624161
10241,politics,711,686,0.9648382559774965
9254,sports,678,653,0.9631268436578171
1307,sports,636,624,0.9811320754716981
5302,sports,78,73,0.9358974358974359
2065,sports,247,239,0.9676113360323887
2320,sports,453,444,0.9801324503311258
7998,sports,792,772,0.9747474747474747
11475,business,713,691,0.9691444600280504
8695,politics,504,489,0.9702380952380952
8268,sports,873,853,0.97709049255441
5930,business,797,767,0.9623588456712673
7228,sports,414,405,0.9782608695652174
173,sports,264,252,0.9545454545454546
3130,sports,596,586,0.9832214765100671
5080,sports,785,764,0.9732484076433121
3803,sports,563,550,0.9769094138543517
423,business,539,534,0.9907235621521335
9049,politics,984,968,0.983739837398374
5116,sports,448,426,0.9508928571428571
3037,sports,307,297,0.9674267100977199
9370,sports,505,483,0.9564356435643564
9249,sports,617,596,0.965964343598055
3934,politics,262,255,0.9732824427480916
1134,business,654,611,0.9342507645259939
4577,sports,871,842,0.9667049368541906
852,sports,772,750,0.9715025906735751
8516,sports,784,769,0.9808673469387755
974,sports,426,420,0.9859154929577465
4387,politics,719,705,0.980528511821975
674,sports,583,582,0.9982847341337907
4358,sports,807,789,0.9776951672862454
8066,sports,265,254,0.9584905660377359
1755,sports,398,380,0.9547738693467337
8151,politics,704,688,0.9772727272727273
1957,politics,758,743,0.9802110817941952
6940,sports,840,822,0.9785714285714285
10655,sports,600,587,0.9783333333333334
2355,sports,372,365,0.9811827956989247
8443,sports,716,711,0.9930167597765364
9246,sports,379,375,0.9894459102902374
9735,sports,811,781,0.9630086313193588
6545,politics,575,567,0.9860869565217392
8322,sports,552,546,0.9891304347826086
4487,sports,486,483,0.9938271604938271
304,business,670,636,0.9492537313432836
9984,sports,891,882,0.98989898989899
10687,sports,1021,985,0.9647404505386875
9417,business,612,601,0.9820261437908496
10395,sports,438,423,0.9657534246575342
9396,sports,249,244,0.9799196787148594
3435,sports,983,968,0.9847405900305188
10250,sports,457,425,0.9299781181619255
10656,politics,770,747,0.9701298701298702
4420,sports,720,704,0.9777777777777777
5187,business,642,630,0.9813084112149533
9695,sports,682,674,0.9882697947214076
9718,sports,926,903,0.9751619870410367
2616,business,909,892,0.9812981298129813
809,sports,717,699,0.9748953974895398
11000,sports,772,752,0.9740932642487047
5570,sports,426,415,0.9741784037558685
2965,sports,195,194,0.9948717948717949
605,sports,272,270,0.9926470588235294
4333,sports,715,715,1.0
10033,sports,680,655,0.9632352941176471
8321,sports,734,697,0.9495912806539509
4416,sports,741,728,0.9824561403508771
2847,politics,613,598,0.9755301794453507
2127,sports,284,272,0.9577464788732394
7030,sports,150,150,1.0
10489,sports,587,567,0.9659284497444633
7731,sports,1015,979,0.9645320197044335
8492,sports,548,524,0.9562043795620438
4407,sports,472,450,0.9533898305084746
10082,sports,440,422,0.9590909090909091
3967,sports,495,472,0.9535353535353536
5483,sports,770,751,0.9753246753246754
701,sports,600,593,0.9883333333333333
11509,sports,593,587,0.9898819561551433
1205,sports,801,785,0.9800249687890137
7390,sports,729,694,0.9519890260631001
5360,sports,815,787,0.9656441717791411
10189,politics,485,451,0.9298969072164949
2456,sports,949,923,0.9726027397260274
66,sports,579,562,0.9706390328151986
11477,sports,121,120,0.9917355371900827
10352,sports,577,559,0.9688041594454073
11257,sports,693,677,0.976911976911977
7974,sports,934,908,0.9721627408993576
8749,politics,523,512,0.9789674952198852
6136,sports,881,853,0.9682179341657208
5319,sports,444,416,0.9369369369369369
7748,politics,272,267,0.9816176470588235
5701,business,300,296,0.9866666666666667
2443,sports,225,222,0.9866666666666667
1803,sports,417,409,0.9808153477218226
5804,sports,562,558,0.9928825622775801
7163,politics,405,397,0.980246913580247
448,sports,408,386,0.946078431372549
6508,sports,983,930,0.9460834181078331
9487,sports,673,657,0.9762258543833581
1946,sports,597,579,0.9698492462311558
7659,sports,476,468,0.9831932773109243
6132,sports,725,695,0.9586206896551724
6098,sports,1094,1055,0.9643510054844607
7569,sports,809,790,0.9765142150803461
7361,sports,188,187,0.9946808510638298
10434,sports,574,558,0.9721254355400697
1545,sports,522,482,0.9233716475095786
7010,sports,405,386,0.9530864197530864
8686,sports,485,479,0.9876288659793815
4392,sports,408,396,0.9705882352941176
7845,sports,756,745,0.9854497354497355
6916,sports,666,650,0.975975975975976
9538,politics,797,778,0.9761606022584692
5257,sports,647,626,0.9675425038639877
5001,politics,1586,1549,0.9766708701134931
6740,sports,711,677,0.9521800281293952
10147,sports,815,799,0.9803680981595092
10115,business,394,378,0.9593908629441624
8436,sports,663,648,0.9773755656108597
3247,sports,624,599,0.9599358974358975
7190,sports,862,846,0.9814385150812065
9641,sports,566,558,0.9858657243816255
5160,sports,777,748,0.9626769626769627
2766,sports,606,572,0.9438943894389439
10235,sports,765,739,0.9660130718954248
10824,sports,943,889,0.9427359490986215
8252,sports,551,533,0.9673321234119783
11292,sports,758,738,0.9736147757255936
11473,sports,492,468,0.9512195121951219
8297,sports,534,527,0.9868913857677902
2386,sports,794,773,0.9735516372795969
2131,business,507,503,0.9921104536489151
4874,sports,461,454,0.9848156182212582
10510,sports,524,507,0.9675572519083969
8976,business,900,877,0.9744444444444444
3602,sports,587,572,0.9744463373083475
16,sports,749,706,0.9425901201602136
10027,sports,787,778,0.98856416772554
3798,sports,965,906,0.938860103626943
6186,politics,709,679,0.9576868829337094
3772,sports,234,227,0.9700854700854701
9236,sports,371,352,0.9487870619946092
9628,business,701,688,0.9814550641940085
738,business,786,757,0.9631043256997456
2037,sports,427,414,0.9695550351288056
2288,sports,594,576,0.9696969696969697
8779,sports,906,870,0.9602649006622517
4604,sports,882,851,0.9648526077097506
6491,business,420,407,0.969047619047619
1368,sports,107,106,0.9906542056074766
6062,sports,770,764,0.9922077922077922
5368,politics,644,632,0.9813664596273292
2860,sports,228,222,0.9736842105263158
7325,sports,697,669,0.9598278335724534
833,sports,825,801,0.9709090909090909
10105,sports,384,378,0.984375
1629,sports,109,100,0.9174311926605505
2988,sports,800,791,0.98875
3304,sports,804,783,0.9738805970149254
10291,business,510,501,0.9823529411764705
9971,sports,205,199,0.9707317073170731
639,business,650,633,0.9738461538461538
9706,sports,671,659,0.9821162444113264
10511,sports,587,563,0.959114139693356
1834,sports,820,788,0.9609756097560975
2897,sports,685,673,0.9824817518248176
9451,politics,483,463,0.9585921325051759
7780,sports,790,765,0.9683544303797469
11385,sports,557,520,0.933572710951526
4289,sports,128,122,0.953125
6900,sports,706,684,0.9688385269121813
9033,sports,480,465,0.96875
3332,politics,659,647,0.9817905918057663
2637,business,1022,1013,0.9911937377690803
5489,sports,512,493,0.962890625
9107,sports,605,587,0.9702479338842975
134,business,661,653,0.9878971255673222
1638,business,362,355,0.9806629834254144
7870,sports,822,802,0.975669099756691
6376,sports,778,758,0.974293059125964
2700,sports,604,574,0.9503311258278145
3946,sports,899,888,0.9877641824249166
10746,sports,773,746,0.9650711513583441
10634,politics,728,721,0.9903846153846154
3023,sports,659,637,0.9666160849772383
1929,politics,671,657,0.9791356184798807
532,sports,732,708,0.9672131147540983
3199,sports,1099,1075,0.978161965423112
4581,sports,1067,1049,0.9831302717900656
2750,sports,933,912,0.977491961414791
11174,business,602,600,0.9966777408637874
6408,sports,605,590,0.9752066115702479
11432,business,724,703,0.9709944751381215
1559,sports,65,55,0.8461538461538461
1475,business,623,615,0.9871589085072231
6219,politics,559,541,0.9677996422182469
3260,sports,632,601,0.9509493670886076
3823,sports,846,836,0.9881796690307328
10074,sports,1037,1034,0.9971070395371263
1998,business,262,256,0.9770992366412213
5631,politics,640,617,0.9640625
7605,sports,201,199,0.9900497512437811
2136,sports,222,212,0.954954954954955
7046,politics,623,617,0.9903691813804173
10092,sports,1030,994,0.9650485436893204
1426,sports,144,131,0.9097222222222222
6454,sports,344,335,0.9738372093023255
4005,politics,797,772,0.9686323713927227
2105,sports,465,447,0.9612903225806452
403,sports,926,875,0.9449244060475162
575,sports,664,659,0.9924698795180723
2467,sports,339,333,0.9823008849557522
3258,sports,672,659,0.9806547619047619
5712,sports,983,964,0.9806714140386572
7404,sports,75,72,0.96
2203,sports,285,254,0.8912280701754386
11390,business,734,704,0.9591280653950953
9766,business,1045,1031,0.9866028708133971
6930,sports,878,869,0.989749430523918
1167,business,602,594,0.9867109634551495
5327,sports,809,778,0.9616810877626699
1672,sports,99,90,0.9090909090909091
2867,sports,678,665,0.9808259587020649
2863,sports,742,726,0.9784366576819407
5125,politics,674,665,0.9866468842729971
9918,sports,680,665,0.9779411764705882
5729,politics,283,273,0.9646643109540636
9746,sports,929,874,0.9407965554359526
4449,sports,812,796,0.9802955665024631
1407,sports,719,684,0.9513212795549374
5236,sports,773,757,0.9793014230271668
7271,sports,714,692,0.969187675070028
10519,politics,556,546,0.9820143884892086
761,sports,553,517,0.9349005424954792
1385,sports,805,795,0.9875776397515528
8158,sports,585,565,0.9658119658119658
10708,sports,701,679,0.9686162624821684
10899,politics,682,676,0.9912023460410557
2091,sports,110,109,0.990909090909091
10274,business,799,777,0.9724655819774718
2991,sports,460,440,0.9565217391304348
1152,sports,786,776,0.9872773536895675
2414,sports,562,551,0.9804270462633452
10476,sports,861,821,0.9535423925667829
8074,business,349,348,0.997134670487106
9165,sports,235,222,0.9446808510638298
10928,sports,734,712,0.9700272479564033
9720,sports,921,900,0.9771986970684039
8847,sports,718,703,0.979108635097493
8943,sports,392,367,0.9362244897959183
2366,sports,627,601,0.9585326953748007
2171,business,614,595,0.9690553745928339
6963,sports,496,493,0.9939516129032258
5129,politics,961,937,0.9750260145681582
9603,politics,597,580,0.9715242881072027
1412,sports,471,450,0.9554140127388535
6118,politics,836,798,0.9545454545454546
9457,sports,502,495,0.9860557768924303
10913,sports,628,598,0.9522292993630573
488,sports,889,863,0.9707536557930259
1040,sports,87,82,0.9425287356321839
828,business,474,465,0.9810126582278481
9727,sports,924,905,0.9794372294372294
8282,sports,617,605,0.9805510534846029
7695,sports,471,464,0.9851380042462845
3658,sports,993,967,0.973816717019134
6693,sports,766,758,0.9895561357702349
541,sports,82,81,0.9878048780487805
4651,business,953,907,0.9517313746065058
888,sports,272,258,0.9485294117647058
4346,sports,353,335,0.9490084985835694
1505,business,652,642,0.9846625766871165
9280,sports,945,922,0.9756613756613757
3992,sports,490,479,0.9775510204081632
3773,sports,764,751,0.9829842931937173
1156,sports,717,704,0.9818688981868898
9411,sports,628,604,0.9617834394904459
3018,sports,508,487,0.9586614173228346
9123,sports,653,641,0.9816232771822359
8867,sports,502,492,0.9800796812749004
5974,business,287,282,0.9825783972125436
1042,sports,929,897,0.9655543595263725
1363,sports,864,827,0.9571759259259259
2851,politics,636,628,0.9874213836477987
7326,politics,614,597,0.9723127035830619
1906,sports,159,151,0.949685534591195
5551,sports,724,711,0.9820441988950276
2198,sports,887,846,0.9537767756482526
8232,business,968,954,0.9855371900826446
6606,business,889,879,0.9887514060742407
4,sports,256,245,0.95703125
8803,sports,1181,1129,0.955969517358171
5484,politics,245,239,0.9755102040816327
3761,politics,685,665,0.9708029197080292
11352,sports,1116,1097,0.9829749103942652
6965,business,591,582,0.9847715736040609
6189,sports,541,522,0.9648798521256932
4659,sports,508,497,0.9783464566929134
8376,business,921,911,0.98914223669924
7869,sports,484,466,0.9628099173553719
344,sports,880,848,0.9636363636363636
4645,sports,119,118,0.9915966386554622
5063,sports,652,643,0.9861963190184049
6303,sports,546,521,0.9542124542124543
5477,sports,419,403,0.9618138424821002
6252,sports,1346,1309,0.9725111441307578
7623,sports,826,804,0.9733656174334141
2235,sports,311,304,0.977491961414791
5994,sports,997,984,0.9869608826479438
6735,politics,699,675,0.9656652360515021
2218,sports,1041,979,0.9404418828049952
54,sports,632,613,0.9699367088607594
9012,sports,542,526,0.9704797047970479
8959,sports,632,617,0.9762658227848101
2934,sports,524,502,0.9580152671755725
2884,business,966,941,0.974120082815735
7887,sports,556,545,0.9802158273381295
3476,sports,470,448,0.9531914893617022
1485,sports,265,257,0.969811320754717
4032,politics,666,651,0.9774774774774775
4087,sports,643,621,0.9657853810264385
4017,sports,909,886,0.9746974697469747
2299,sports,599,572,0.9549248747913188
7025,sports,890,862,0.9685393258426966
8196,politics,605,589,0.9735537190082645
1029,sports,1049,1013,0.9656816015252622
9413,sports,720,699,0.9708333333333333
3262,sports,680,662,0.9735294117647059
5604,sports,599,585,0.9766277128547579
7000,politics,399,388,0.9724310776942355
7906,business,320,317,0.990625
569,sports,555,548,0.9873873873873874
8287,sports,598,587,0.9816053511705686
10139,sports,988,965,0.9767206477732794
9776,sports,907,858,0.9459757442116868
787,sports,475,446,0.9389473684210526
6639,sports,467,459,0.9828693790149893
3566,sports,508,500,0.984251968503937
6969,sports,547,535,0.9780621572212066
1999,sports,90,88,0.9777777777777777
2053,sports,221,214,0.9683257918552036
10617,politics,689,680,0.9869375907111756
6560,sports,1087,1049,0.9650413983440662
4304,sports,408,402,0.9852941176470589
2547,business,676,659,0.9748520710059172
11113,business,598,597,0.9983277591973244
8209,sports,681,661,0.9706314243759178
2417,sports,472,449,0.951271186440678
3832,politics,395,383,0.9696202531645569
285,sports,215,199,0.9255813953488372
5699,sports,321,304,0.9470404984423676
9915,sports,327,314,0.9602446483180428
94,sports,454,432,0.9515418502202643
370,sports,1125,1088,0.9671111111111111
3787,politics,473,465,0.9830866807610994
10473,sports,697,687,0.9856527977044476
3593,sports,786,776,0.9872773536895675
10932,sports,595,587,0.9865546218487395
4445,business,1018,985,0.9675834970530451
4239,sports,717,706,0.9846582984658299
10901,sports,773,760,0.9831824062095731
10895,sports,887,877,0.9887260428410372
4594,sports,835,814,0.9748502994011976
10581,sports,716,695,0.9706703910614525
9892,business,705,692,0.9815602836879432
7796,sports,824,808,0.9805825242718447
917,sports,856,830,0.969626168224299
2726,sports,704,686,0.9744318181818182
7802,sports,762,741,0.9724409448818898
3389,sports,837,808,0.965352449223417
6766,sports,216,213,0.9861111111111112
10986,sports,689,680,0.9869375907111756
11115,business,522,516,0.9885057471264368
2163,business,310,298,0.9612903225806452
1837,sports,507,476,0.9388560157790927
1132,sports,281,273,0.9715302491103203
2275,sports,231,214,0.9264069264069265
1142,sports,606,592,0.976897689768977
8215,sports,703,687,0.9772403982930299
10958,sports,537,524,0.9757914338919925
4807,sports,601,590,0.9816971713810316
4027,business,721,707,0.9805825242718447
3397,sports,413,408,0.9878934624697336
5666,sports,309,301,0.9741100323624595
10874,sports,824,786,0.9538834951456311
7075,sports,840,818,0.9738095238095238
6816,sports,821,796,0.9695493300852619
2599,business,199,198,0.9949748743718593
8466,politics,714,693,0.9705882352941176
7252,sports,1121,1076,0.9598572702943801
9267,sports,455,437,0.9604395604395605
4560,sports,990,970,0.9797979797979798
2236,sports,632,613,0.9699367088607594
545,sports,549,536,0.97632058287796
1080,sports,77,76,0.987012987012987
2668,sports,648,641,0.9891975308641975
4171,politics,769,747,0.9713914174252276
5066,politics,660,634,0.9606060606060606
4175,sports,461,447,0.9696312364425163
1168,sports,241,234,0.970954356846473
10585,sports,402,384,0.9552238805970149
4114,sports,930,905,0.9731182795698925
1054,sports,184,183,0.9945652173913043
8670,sports,1040,1032,0.9923076923076923
1304,sports,87,86,0.9885057471264368
7932,sports,743,721,0.9703903095558546
5145,sports,955,939,0.9832460732984293
561,sports,514,495,0.9630350194552529
6685,sports,298,293,0.9832214765100671
5673,politics,1197,1155,0.9649122807017544
859,sports,494,490,0.9919028340080972
3690,sports,814,799,0.9815724815724816
6817,sports,517,478,0.9245647969052224
5639,sports,810,793,0.9790123456790123
7027,sports,921,870,0.9446254071661238
8437,sports,569,551,0.968365553602812
9394,sports,441,414,0.9387755102040817
3936,sports,900,867,0.9633333333333334
8913,sports,555,547,0.9855855855855856
3381,business,701,684,0.9757489300998573
6423,sports,1227,1188,0.9682151589242054
5912,sports,809,785,0.9703337453646477
5304,sports,940,930,0.9893617021276596
211,sports,203,196,0.9655172413793104
9232,sports,854,847,0.9918032786885246
7565,sports,135,132,0.9777777777777777
8883,sports,503,473,0.9403578528827038
810,sports,145,131,0.903448275862069
12,sports,425,398,0.9364705882352942
11074,business,626,604,0.9648562300319489
6294,business,564,553,0.9804964539007093
8159,sports,717,706,0.9846582984658299
3933,politics,1014,975,0.9615384615384616
8542,sports,728,714,0.9807692307692307
1008,sports,359,351,0.9777158774373259
2791,business,283,269,0.950530035335689
5018,politics,342,335,0.97953216374269
3272,sports,933,925,0.9914255091103966
4812,sports,726,716,0.9862258953168044
1284,sports,68,67,0.9852941176470589
1010,sports,598,589,0.9849498327759197
995,sports,546,539,0.9871794871794872
8257,sports,121,120,0.9917355371900827
10227,sports,819,793,0.9682539682539683
3303,sports,844,813,0.9632701421800948
11150,sports,657,628,0.9558599695585996
1189,sports,402,394,0.9800995024875622
7587,sports,664,652,0.9819277108433735
9511,sports,778,769,0.9884318766066839
6129,sports,948,919,0.9694092827004219
8129,politics,680,666,0.9794117647058823
10711,sports,827,809,0.9782345828295043
7248,sports,706,694,0.9830028328611898
4891,sports,780,750,0.9615384615384616
7268,sports,730,705,0.9657534246575342
2723,sports,573,538,0.9389179755671903
6607,sports,681,652,0.9574155653450808
7727,sports,428,411,0.9602803738317757
5956,politics,837,805,0.961768219832736
1464,sports,99,98,0.98989898989899
279,sports,104,99,0.9519230769230769
9103,politics,769,757,0.9843953185955787
8390,sports,852,839,0.9847417840375586
11297,sports,358,344,0.9608938547486033
11496,sports,757,734,0.9696169088507266
8891,business,784,764,0.9744897959183674
11086,business,534,523,0.9794007490636704
9803,sports,332,313,0.9427710843373494
7699,sports,726,716,0.9862258953168044
3669,politics,637,624,0.9795918367346939
8650,sports,527,513,0.9734345351043643
857,sports,129,128,0.9922480620155039
8991,sports,741,723,0.9757085020242915
10992,sports,636,605,0.9512578616352201
9550,sports,1004,960,0.9561752988047809
6258,politics,766,751,0.9804177545691906
9810,sports,612,584,0.954248366013072
2940,sports,899,870,0.967741935483871
1554,business,603,593,0.9834162520729685
7387,sports,1006,980,0.974155069582505
6255,sports,190,185,0.9736842105263158
7256,sports,333,329,0.987987987987988
4755,sports,770,730,0.948051948051948
2150,sports,840,818,0.9738095238095238
5293,business,386,367,0.9507772020725389
9882,sports,887,872,0.9830890642615558
10620,sports,971,960,0.9886714727085479
9927,sports,814,798,0.9803439803439803
1719,sports,597,575,0.9631490787269682
8315,sports,772,757,0.9805699481865285
7880,sports,922,895,0.9707158351409978
1087,sports,259,252,0.972972972972973
6404,sports,958,947,0.988517745302714
5791,sports,937,913,0.9743863393810032
9317,sports,145,134,0.9241379310344827
3755,sports,1105,1080,0.9773755656108597
4432,sports,574,565,0.9843205574912892
6269,sports,802,791,0.986284289276808
3730,politics,363,336,0.9256198347107438
6140,sports,768,758,0.9869791666666666
9162,sports,339,325,0.9587020648967551
9615,sports,801,789,0.9850187265917603
2148,sports,512,504,0.984375
518,sports,819,783,0.9560439560439561
1263,sports,854,823,0.9637002341920374
2312,sports,517,497,0.9613152804642167
1316,sports,257,257,1.0
10924,sports,837,818,0.977299880525687
5525,sports,693,682,0.9841269841269841
4439,politics,799,765,0.9574468085106383
6293,business,646,623,0.9643962848297214
2305,sports,427,414,0.9695550351288056
9568,politics,863,816,0.9455388180764774
11281,sports,440,418,0.95
9432,politics,545,529,0.9706422018348624
2740,politics,927,920,0.9924487594390508
8285,politics,644,600,0.9316770186335404
6075,sports,595,581,0.9764705882352941
6573,sports,658,632,0.9604863221884499
4580,sports,970,939,0.9680412371134021
5380,sports,694,670,0.9654178674351584
3036,sports,687,653,0.950509461426492
3321,sports,673,653,0.9702823179791976
89,sports,540,517,0.9574074074074074
8398,sports,1013,990,0.9772951628825272
103,sports,660,621,0.9409090909090909
2678,sports,80,73,0.9125
3297,sports,766,751,0.9804177545691906
991,sports,136,134,0.9852941176470589
431,sports,469,452,0.9637526652452025
3265,sports,708,692,0.9774011299435028
1619,sports,240,232,0.9666666666666667
593,sports,127,126,0.9921259842519685
5361,politics,839,811,0.966626936829559
9480,sports,680,667,0.9808823529411764
7496,politics,752,735,0.9773936170212766
3965,sports,849,831,0.9787985865724381
6783,business,353,350,0.9915014164305949
397,sports,119,106,0.8907563025210085
6994,sports,579,562,0.9706390328151986
5076,business,895,885,0.9888268156424581
3159,politics,594,576,0.9696969696969697
10954,sports,823,805,0.9781287970838396
1494,sports,64,59,0.921875
162,sports,351,344,0.98005698005698
2442,sports,339,333,0.9823008849557522
7091,business,164,161,0.9817073170731707
6861,sports,292,288,0.9863013698630136
5901,sports,727,716,0.984869325997249
656,sports,274,263,0.9598540145985401
8699,sports,656,634,0.9664634146341463
6855,sports,696,674,0.9683908045977011
5091,sports,361,355,0.9833795013850416
5846,sports,700,678,0.9685714285714285
10676,sports,561,552,0.983957219251337
8190,sports,1002,982,0.9800399201596807
441,sports,778,748,0.961439588688946
10973,sports,763,753,0.9868938401048493
10390,sports,815,795,0.9754601226993865
8611,sports,749,736,0.9826435246995995
7359,business,1019,981,0.9627085377821394
1116,business,827,813,0.9830713422007256
3492,sports,1063,1032,0.9708372530573848
216,business,836,818,0.9784688995215312
2461,sports,396,392,0.98989898989899
11403,business,159,150,0.9433962264150944
1315,sports,610,600,0.9836065573770492
5,sports,717,693,0.9665271966527197
4943,sports,875,847,0.968
1519,sports,215,200,0.9302325581395349
8746,sports,985,963,0.9776649746192894
9271,sports,835,812,0.9724550898203593
6593,sports,317,305,0.9621451104100947
5347,sports,468,451,0.9636752136752137
5043,sports,824,792,0.9611650485436893
2174,sports,498,474,0.9518072289156626
7303,business,854,803,0.9402810304449649
1507,sports,794,776,0.9773299748110831
3339,business,535,528,0.9869158878504672
4623,sports,921,911,0.98914223669924
2770,sports,579,557,0.9620034542314335
6585,business,158,154,0.9746835443037974
6401,politics,1041,983,0.9442843419788665
8998,politics,441,436,0.9886621315192744
2923,sports,506,481,0.950592885375494
1041,sports,818,805,0.9841075794621027
6084,politics,791,748,0.9456384323640961
494,sports,681,669,0.9823788546255506
1378,sports,690,677,0.981159420289855
3187,sports,416,393,0.9447115384615384
2972,sports,367,353,0.9618528610354223
9621,sports,693,668,0.963924963924964
8141,politics,728,704,0.967032967032967
3636,business,819,807,0.9853479853479854
9562,sports,709,704,0.9929478138222849
6068,sports,869,840,0.9666283084004603
4464,sports,815,787,0.9656441717791411
7983,sports,584,552,0.9452054794520548
2094,sports,1011,963,0.9525222551928784
3153,sports,659,633,0.960546282245827
8526,sports,807,772,0.9566294919454771
4760,sports,779,762,0.9781771501925546
2618,business,552,545,0.9873188405797102
11242,sports,775,748,0.9651612903225807
2924,sports,715,676,0.9454545454545454
9477,sports,926,911,0.9838012958963283
4310,sports,213,205,0.9624413145539906
44,sports,228,222,0.9736842105263158
3647,sports,755,731,0.9682119205298013
7789,sports,862,850,0.9860788863109049
9384,sports,932,907,0.973175965665236
10672,sports,716,712,0.994413407821229
10415,sports,873,868,0.9942726231386025
516,sports,665,638,0.9593984962406015
6708,sports,682,662,0.9706744868035191
3752,sports,585,574,0.9811965811965812
8368,sports,745,729,0.978523489932886
3617,politics,527,525,0.9962049335863378
2420,sports,801,774,0.9662921348314607
1775,sports,317,314,0.9905362776025236
10417,sports,1096,1068,0.9744525547445255
9119,sports,217,213,0.9815668202764977
9759,sports,939,926,0.9861554845580405
1282,sports,416,408,0.9807692307692307
5755,sports,487,482,0.9897330595482546
3695,sports,813,786,0.966789667896679
6224,sports,826,813,0.9842615012106537
3666,politics,467,456,0.9764453961456103
1636,sports,235,231,0.9829787234042553
1585,sports,426,419,0.9835680751173709
8660,politics,1217,1182,0.971240755957272
790,sports,765,745,0.9738562091503268
1615,business,667,648,0.9715142428785607
3305,business,770,764,0.9922077922077922
10764,sports,298,298,1.0
823,sports,971,901,0.9279093717816684
7210,politics,571,561,0.9824868651488616
2869,politics,165,156,0.9454545454545454
9186,sports,686,670,0.9766763848396501
6702,sports,899,883,0.982202447163515
5429,sports,650,636,0.9784615384615385
11396,sports,1273,1228,0.9646504320502749
2523,sports,993,953,0.959718026183283
2511,sports,576,538,0.9340277777777778
546,business,1084,1069,0.9861623616236163
1806,sports,433,408,0.9422632794457275
316,sports,403,382,0.9478908188585607
11454,sports,118,115,0.9745762711864406
1488,sports,256,247,0.96484375
5568,sports,603,595,0.9867330016583747
79,business,928,897,0.9665948275862069
6460,sports,184,177,0.9619565217391305
8862,sports,761,746,0.9802890932982917
3437,sports,508,490,0.9645669291338582
8690,sports,793,774,0.9760403530895334
7193,sports,756,744,0.9841269841269841
11028,sports,713,696,0.9761570827489481
82,sports,247,227,0.9190283400809717
4084,sports,1000,964,0.964
977,sports,527,507,0.9620493358633776
9999,sports,827,807,0.9758162031438936
10134,sports,543,528,0.9723756906077348
4962,sports,377,365,0.9681697612732095
2530,sports,556,542,0.9748201438848921
5537,politics,781,762,0.9756722151088348
772,sports,194,181,0.9329896907216495
465,sports,1097,1056,0.9626253418413856
2472,sports,107,106,0.9906542056074766
11304,business,954,901,0.9444444444444444
10641,sports,259,256,0.9884169884169884
8217,sports,60,58,0.9666666666666667
7774,sports,464,440,0.9482758620689655
3546,business,461,458,0.9934924078091106
10150,sports,756,743,0.9828042328042328
1970,business,685,665,0.9708029197080292
10075,sports,759,724,0.9538866930171278
6863,politics,842,832,0.9881235154394299
8379,business,407,400,0.9828009828009828
1936,sports,979,942,0.9622063329928499
2487,sports,714,690,0.9663865546218487
8901,sports,444,426,0.9594594594594594
7153,sports,420,411,0.9785714285714285
3346,sports,696,671,0.9640804597701149
6421,sports,314,308,0.9808917197452229
3660,sports,640,628,0.98125
5715,sports,404,384,0.9504950495049505
2349,sports,134,126,0.9402985074626866
9764,sports,843,831,0.9857651245551602
5070,sports,848,835,0.9846698113207547
6815,sports,126,125,0.9920634920634921
1935,business,773,760,0.9831824062095731
313,sports,366,360,0.9836065573770492
8972,politics,3550,3407,0.959718309859155
1884,sports,1134,1113,0.9814814814814815
11236,sports,497,479,0.9637826961770624
7978,sports,912,879,0.9638157894736842
1887,sports,337,333,0.9881305637982196
10292,sports,688,667,0.9694767441860465
453,business,491,484,0.9857433808553971
2788,politics,763,748,0.9803407601572739
5728,politics,645,614,0.951937984496124
3653,sports,231,226,0.9783549783549783
10662,sports,748,728,0.9732620320855615
7982,sports,658,617,0.9376899696048632
1647,business,879,851,0.9681456200227532
6087,sports,194,183,0.9432989690721649
5062,sports,655,631,0.9633587786259542
7636,sports,526,511,0.9714828897338403
6754,sports,763,738,0.9672346002621232
5905,business,906,857,0.9459161147902869
3836,sports,40,39,0.975
797,business,776,746,0.961340206185567
2121,sports,321,315,0.9813084112149533
1067,sports,292,289,0.9897260273972602
7168,sports,390,357,0.9153846153846154
5336,sports,890,859,0.9651685393258427
5814,sports,473,449,0.9492600422832981
4551,sports,810,782,0.9654320987654321
9200,sports,406,395,0.9729064039408867
4576,sports,673,643,0.9554234769687965
3948,sports,825,813,0.9854545454545455
9488,sports,751,720,0.9587217043941412
7941,sports,505,497,0.9841584158415841
10678,sports,753,738,0.9800796812749004
837,sports,1140,1085,0.9517543859649122
693,business,905,896,0.9900552486187846
865,sports,285,282,0.9894736842105263
2273,sports,287,281,0.9790940766550522
9251,sports,133,129,0.9699248120300752
9916,sports,838,824,0.9832935560859188
9508,sports,906,877,0.9679911699779249
6370,sports,794,781,0.9836272040302267
5389,sports,786,750,0.9541984732824428
7028,sports,746,732,0.9812332439678284
4390,sports,407,383,0.941031941031941
1176,sports,118,115,0.9745762711864406
7483,sports,747,718,0.9611780455153949
9391,sports,728,688,0.945054945054945
10692,business,983,974,0.9908443540183113
3491,sports,730,703,0.963013698630137
1250,sports,295,291,0.9864406779661017
7052,sports,867,854,0.9850057670126874
10597,sports,562,544,0.9679715302491103
5294,sports,130,125,0.9615384615384616
707,sports,1015,953,0.9389162561576355
7804,sports,376,367,0.976063829787234
2733,business,392,390,0.9948979591836735
5102,sports,811,781,0.9630086313193588
5962,sports,138,132,0.9565217391304348
6461,sports,791,782,0.988621997471555
3780,sports,366,366,1.0
8581,business,958,951,0.9926931106471816
5051,politics,1106,1085,0.9810126582278481
1668,sports,105,98,0.9333333333333333
9796,sports,260,253,0.9730769230769231
7258,sports,586,566,0.9658703071672355
3600,business,503,499,0.9920477137176938
7008,sports,532,531,0.9981203007518797
1210,sports,703,700,0.9957325746799431
6025,politics,873,859,0.983963344788087
1966,business,492,485,0.9857723577235772
6778,sports,713,681,0.9551192145862553
10268,sports,583,568,0.9742710120068611
1283,sports,480,465,0.96875
4795,sports,816,796,0.9754901960784313
10759,business,628,617,0.982484076433121
756,business,722,695,0.9626038781163435
7866,politics,701,687,0.9800285306704708
5996,politics,661,655,0.9909228441754917
9753,business,661,644,0.9742813918305597
7138,sports,843,828,0.9822064056939501
1338,sports,631,619,0.9809825673534073
1737,sports,323,320,0.9907120743034056
289,sports,313,287,0.9169329073482428
8719,sports,942,915,0.9713375796178344
2367,sports,709,683,0.9633286318758815
7318,sports,859,815,0.9487776484284052
8139,sports,593,567,0.9561551433389545
5533,business,357,356,0.9971988795518207
7372,sports,538,528,0.9814126394052045
11180,sports,315,296,0.9396825396825397
2693,sports,662,651,0.9833836858006042
3421,sports,675,640,0.9481481481481482
667,sports,165,162,0.9818181818181818
3741,politics,673,665,0.9881129271916791
84,sports,717,684,0.9539748953974896
655,sports,905,858,0.9480662983425414
9242,sports,1073,1037,0.9664492078285182
8441,business,294,288,0.9795918367346939
6750,sports,636,609,0.9575471698113207
1677,business,460,422,0.9173913043478261
7173,business,662,634,0.9577039274924471
1930,politics,629,583,0.9268680445151033
11298,sports,111,108,0.972972972972973
5590,sports,328,307,0.9359756097560976
9414,sports,787,771,0.9796696315120712
5871,business,387,385,0.9948320413436692
1539,sports,117,109,0.9316239316239316
1710,sports,291,282,0.9690721649484536
5914,sports,499,490,0.9819639278557114
6605,sports,739,723,0.9783491204330176
10350,sports,712,700,0.9831460674157303
3367,sports,1197,1171,0.9782790309106099
10500,sports,1020,999,0.9794117647058823
9714,sports,659,642,0.9742033383915023
798,sports,990,962,0.9717171717171718
2008,business,725,715,0.9862068965517241
115,sports,929,887,0.9547900968783638
5504,business,796,784,0.9849246231155779
5663,sports,928,908,0.978448275862069
3104,sports,777,743,0.9562419562419563
458,business,807,769,0.952912019826518
1724,sports,209,198,0.9473684210526315
3398,sports,752,711,0.9454787234042553
7960,sports,461,453,0.982646420824295
6317,politics,715,688,0.9622377622377623
1844,sports,856,833,0.9731308411214953
8238,sports,617,590,0.9562398703403565
6975,sports,157,154,0.9808917197452229
2385,sports,120,116,0.9666666666666667
10272,politics,917,899,0.9803707742639041
7702,sports,528,521,0.9867424242424242
7374,sports,685,667,0.9737226277372263
1400,sports,567,555,0.9788359788359788
672,sports,648,621,0.9583333333333334
9845,politics,798,770,0.9649122807017544
955,sports,765,729,0.9529411764705882
7406,sports,796,767,0.9635678391959799
2630,sports,902,868,0.9623059866962306
10905,sports,911,900,0.9879253567508233
3775,sports,823,807,0.9805589307411907
5081,politics,824,778,0.9441747572815534
10673,sports,867,841,0.9700115340253749
7519,sports,632,625,0.9889240506329114
11277,sports,122,119,0.9754098360655737
7058,sports,722,713,0.9875346260387812
6100,sports,235,226,0.9617021276595744
3097,politics,812,783,0.9642857142857143
2030,sports,590,562,0.9525423728813559
1497,sports,146,135,0.9246575342465754
2453,business,475,472,0.9936842105263158
846,sports,766,744,0.9712793733681462
230,business,772,756,0.9792746113989638
9121,sports,544,521,0.9577205882352942
10822,sports,814,803,0.9864864864864865
1056,sports,467,447,0.9571734475374732
5506,sports,813,796,0.9790897908979089
7811,sports,1197,1185,0.9899749373433584
6135,sports,449,430,0.9576837416481069
7026,sports,494,486,0.9838056680161943
8908,politics,596,584,0.9798657718120806
7583,sports,637,620,0.9733124018838305
2434,sports,505,497,0.9841584158415841
5857,politics,596,591,0.9916107382550335
2116,sports,1079,1002,0.9286376274328082
1467,sports,99,92,0.9292929292929293
10017,business,264,262,0.9924242424242424
4194,sports,635,632,0.9952755905511811
3372,sports,831,807,0.9711191335740073
2783,sports,780,768,0.9846153846153847
8494,sports,612,601,0.9820261437908496
6543,business,778,753,0.967866323907455
7128,business,1079,1041,0.9647822057460612
1713,sports,680,659,0.9691176470588235
4149,politics,729,706,0.9684499314128944
3224,sports,823,795,0.9659781287970839
4232,business,97,92,0.9484536082474226
8286,sports,850,833,0.98
3094,sports,122,119,0.9754098360655737
6792,sports,574,555,0.9668989547038328
5178,sports,599,591,0.986644407345576
4090,sports,652,633,0.9708588957055214
9914,politics,829,786,0.9481302774427021
7612,business,285,279,0.9789473684210527
3207,sports,678,665,0.9808259587020649
2999,business,714,699,0.9789915966386554
4825,sports,799,776,0.9712140175219024
8547,sports,865,855,0.9884393063583815
550,business,362,357,0.9861878453038674
9952,sports,508,494,0.9724409448818898
68,sports,306,295,0.9640522875816994
6928,sports,167,158,0.9461077844311377
3868,business,744,727,0.9771505376344086
9789,politics,1023,1004,0.9814271749755621
2134,sports,358,338,0.9441340782122905
379,sports,532,520,0.9774436090225563
6915,sports,702,687,0.9786324786324786
1738,sports,506,497,0.9822134387351779
5215,business,1140,1109,0.9728070175438597
6528,sports,768,751,0.9778645833333334
5117,business,744,721,0.9690860215053764
10237,sports,601,591,0.9833610648918469
8873,sports,913,897,0.9824753559693319
9624,sports,790,765,0.9683544303797469
1602,sports,864,830,0.9606481481481481
8234,sports,749,737,0.9839786381842457
5127,sports,644,631,0.9798136645962733
10837,sports,914,897,0.9814004376367614
8107,sports,1120,1092,0.975
10843,sports,621,600,0.966183574879227
9862,sports,401,380,0.9476309226932669
9581,sports,846,836,0.9881796690307328
7136,sports,320,316,0.9875
10495,politics,476,474,0.9957983193277311
8616,sports,712,677,0.9508426966292135
5796,sports,449,434,0.9665924276169265
2324,sports,661,642,0.9712556732223904
8639,sports,607,584,0.9621087314662273
9168,sports,792,765,0.9659090909090909
3069,sports,481,467,0.9708939708939709
1651,sports,503,484,0.9622266401590457
8102,sports,968,933,0.9638429752066116
11044,sports,644,624,0.968944099378882
3410,sports,968,932,0.9628099173553719
9847,sports,501,485,0.9680638722554891
5902,sports,534,502,0.9400749063670412
4509,sports,590,566,0.9593220338983051
10347,sports,396,394,0.9949494949494949
10006,sports,1004,989,0.9850597609561753
254,business,773,761,0.9844760672703752
8244,sports,649,635,0.9784283513097073
1609,business,802,776,0.9675810473815462
11100,sports,1030,1002,0.9728155339805825
2452,sports,192,187,0.9739583333333334
689,sports,320,313,0.978125
9743,politics,719,701,0.9749652294853964
1510,sports,238,223,0.9369747899159664
4840,sports,671,654,0.9746646795827124
7853,sports,505,480,0.9504950495049505
4393,sports,400,380,0.95
10199,business,918,897,0.9771241830065359
303,sports,968,943,0.9741735537190083
1959,sports,1202,1159,0.9642262895174709
9528,sports,880,865,0.9829545454545454
10831,sports,322,318,0.9875776397515528
8091,sports,661,649,0.9818456883509834
4587,sports,713,706,0.9901823281907434
11176,sports,757,721,0.952443857331572
6206,politics,739,728,0.9851150202976996
7942,politics,1024,1010,0.986328125
8524,sports,930,914,0.9827956989247312
8421,sports,121,112,0.9256198347107438
6188,politics,371,364,0.9811320754716981
965,sports,580,564,0.9724137931034482
6328,sports,435,413,0.9494252873563218
7315,business,627,619,0.9872408293460925
121,business,552,549,0.9945652173913043
5652,politics,976,954,0.9774590163934426
1436,sports,964,934,0.9688796680497925
1303,business,611,606,0.9918166939443536
8048,business,853,833,0.9765533411488863
6235,sports,504,499,0.9900793650793651
11443,sports,736,703,0.9551630434782609
751,sports,788,780,0.9898477157360406
771,business,1176,1144,0.9727891156462585
1465,business,726,715,0.9848484848484849
3525,politics,1124,1111,0.9884341637010676
760,sports,828,821,0.9915458937198067
2197,sports,617,578,0.9367909238249594
4256,sports,340,324,0.9529411764705882
6095,politics,861,850,0.9872241579558653
679,sports,1240,1215,0.9798387096774194
2410,sports,307,301,0.9804560260586319
3489,sports,910,885,0.9725274725274725
2893,sports,466,453,0.9721030042918455
2072,sports,429,415,0.9673659673659674
6935,sports,617,587,0.9513776337115073
1880,sports,313,293,0.9361022364217252
5979,sports,554,546,0.9855595667870036
6227,politics,847,833,0.9834710743801653
3939,politics,1003,973,0.9700897308075773
2087,business,665,625,0.9398496240601504
2075,business,818,786,0.960880195599022
6451,sports,405,389,0.9604938271604938
2162,sports,644,635,0.9860248447204969
3189,politics,896,868,0.96875
981,sports,311,305,0.9807073954983923
2234,sports,438,429,0.9794520547945206
8353,sports,835,821,0.9832335329341317
3542,sports,441,430,0.9750566893424036
4621,sports,477,473,0.9916142557651991
1200,sports,865,853,0.9861271676300578
10369,business,491,483,0.9837067209775967
10494,politics,777,768,0.9884169884169884
9650,sports,547,531,0.9707495429616088
9385,sports,810,790,0.9753086419753086
8250,politics,732,719,0.98224043715847
9371,sports,768,745,0.9700520833333334
7509,sports,567,552,0.9735449735449735
9273,business,641,625,0.9750390015600624
5266,business,440,429,0.975
1078,business,454,453,0.9977973568281938
3417,sports,270,254,0.9407407407407408
3,sports,598,577,0.9648829431438127
9630,sports,430,426,0.9906976744186047
1513,sports,136,125,0.9191176470588235
6115,sports,470,454,0.9659574468085106
1650,sports,882,843,0.95578231292517
4933,sports,800,792,0.99
4514,business,268,267,0.996268656716418
3127,sports,394,380,0.9644670050761421
6377,sports,524,511,0.9751908396946565
4681,sports,1009,1001,0.9920713577799801
8462,sports,730,718,0.9835616438356164
1478,business,953,930,0.9758656873032528
9292,sports,468,457,0.9764957264957265
9335,sports,760,741,0.975
11244,business,621,592,0.9533011272141707
3001,sports,772,756,0.9792746113989638
6553,sports,685,654,0.9547445255474453
10624,sports,262,247,0.9427480916030534
7850,sports,940,924,0.9829787234042553
3990,sports,532,528,0.9924812030075187
8565,business,669,659,0.9850523168908819
6762,business,487,467,0.9589322381930184
11309,sports,659,615,0.9332321699544764
6459,sports,127,123,0.968503937007874
1118,sports,552,537,0.9728260869565217
6951,sports,304,295,0.9703947368421053
715,sports,127,124,0.9763779527559056
4799,sports,926,897,0.968682505399568
10638,politics,944,913,0.9671610169491526
838,sports,869,827,0.9516685845799769
6463,sports,693,679,0.9797979797979798
9022,sports,378,348,0.9206349206349206
4150,sports,797,782,0.9811794228356336
6604,sports,550,521,0.9472727272727273
2527,business,651,644,0.989247311827957
9154,politics,719,713,0.9916550764951322
9788,business,149,146,0.9798657718120806
1633,sports,830,810,0.9759036144578314
8223,sports,650,633,0.9738461538461538
8326,sports,789,767,0.9721166032953105
10900,sports,90,80,0.8888888888888888
4123,sports,952,937,0.9842436974789915
9389,sports,830,798,0.9614457831325302
8868,business,813,803,0.9876998769987699
9211,sports,871,848,0.9735935706084959
10307,business,886,848,0.9571106094808126
7573,sports,309,297,0.9611650485436893
5333,sports,564,559,0.9911347517730497
3021,sports,782,758,0.969309462915601
6426,sports,457,435,0.9518599562363238
107,sports,779,733,0.9409499358151476
9226,sports,585,559,0.9555555555555556
9825,sports,872,854,0.9793577981651376
3155,sports,336,329,0.9791666666666666
5426,sports,808,788,0.9752475247524752
8108,sports,788,770,0.9771573604060914
3683,sports,611,599,0.9803600654664485
9832,sports,442,427,0.9660633484162896
33,sports,262,257,0.9809160305343512
460,business,959,941,0.9812304483837331
9861,sports,726,721,0.9931129476584022
4966,politics,841,813,0.9667063020214031
5548,politics,670,659,0.9835820895522388
10365,sports,889,869,0.9775028121484814
3531,sports,680,663,0.975
1796,sports,650,632,0.9723076923076923
7570,sports,776,758,0.9768041237113402
6481,sports,398,379,0.9522613065326633
725,sports,426,409,0.960093896713615
8632,sports,355,345,0.971830985915493
8792,sports,908,900,0.9911894273127754
4751,business,483,482,0.9979296066252588
1188,sports,369,358,0.9701897018970189
5863,business,614,599,0.9755700325732899
4923,sports,450,429,0.9533333333333334
2701,sports,673,652,0.9687964338781575
2756,sports,552,533,0.9655797101449275
3984,politics,714,689,0.9649859943977591
1614,sports,449,430,0.9576837416481069
3460,sports,925,885,0.9567567567567568
271,business,418,409,0.9784688995215312
4125,sports,932,903,0.9688841201716738
1394,sports,735,723,0.9836734693877551
3463,sports,122,120,0.9836065573770492
987,sports,830,804,0.9686746987951808
6749,sports,739,725,0.9810554803788903
57,sports,254,246,0.968503937007874
4142,politics,1494,1471,0.9846050870147256
2575,business,372,370,0.9946236559139785
7144,sports,645,627,0.9720930232558139
6110,sports,844,836,0.990521327014218
8418,sports,344,331,0.9622093023255814
1419,politics,879,819,0.931740614334471
3847,sports,803,778,0.9688667496886675
2383,sports,349,339,0.9713467048710601
7653,sports,602,593,0.9850498338870431
7056,sports,687,655,0.9534206695778749
10733,sports,630,606,0.9619047619047619
1253,business,467,459,0.9828693790149893
3611,sports,679,665,0.979381443298969
785,sports,647,619,0.9567233384853169
8121,sports,550,536,0.9745454545454545
1429,sports,793,774,0.9760403530895334
4631,sports,928,910,0.9806034482758621
6120,sports,917,890,0.9705561613958561
6880,sports,362,354,0.9779005524861878
3301,sports,445,418,0.9393258426966292
8364,sports,124,122,0.9838709677419355
10854,sports,86,86,1.0
5518,sports,166,164,0.9879518072289156
10253,sports,818,799,0.9767726161369193
2881,sports,825,797,0.9660606060606061
8602,sports,851,833,0.9788484136310224
1449,sports,339,324,0.9557522123893806
7065,sports,693,664,0.9581529581529582
46,sports,793,755,0.9520807061790668
10328,sports,203,201,0.9901477832512315
813,business,684,675,0.9868421052631579
8384,sports,445,435,0.9775280898876404
2852,sports,778,768,0.987146529562982
2734,sports,551,534,0.969147005444646
1934,sports,568,554,0.9753521126760564
1944,sports,124,117,0.9435483870967742
9386,sports,644,623,0.967391304347826
5193,sports,333,314,0.9429429429429429
10217,sports,901,878,0.974472807991121
4627,politics,640,632,0.9875
9791,sports,697,688,0.9870875179340028
5221,sports,458,449,0.980349344978166
1827,sports,797,769,0.9648682559598495
1191,sports,332,323,0.9728915662650602
2165,business,518,515,0.9942084942084942
2902,business,699,685,0.9799713876967096
5496,sports,560,541,0.9660714285714286
5661,sports,221,220,0.995475113122172
10414,sports,736,713,0.96875
9834,sports,272,260,0.9558823529411765
6926,sports,422,419,0.9928909952606635
3380,sports,840,804,0.9571428571428572
7897,politics,777,768,0.9884169884169884
9491,sports,647,617,0.9536321483771252
9216,politics,749,736,0.9826435246995995
4597,sports,589,578,0.9813242784380306
5318,politics,819,803,0.9804639804639804
10574,sports,751,742,0.9880159786950732
7787,sports,1340,1314,0.9805970149253731
525,sports,386,385,0.9974093264248705
3777,sports,753,751,0.99734395750332
11275,sports,337,324,0.9614243323442137
1684,sports,550,527,0.9581818181818181
6658,sports,1035,1005,0.9710144927536232
11361,sports,604,586,0.9701986754966887
4360,politics,605,581,0.9603305785123967
2010,politics,581,565,0.9724612736660929
9306,sports,906,872,0.9624724061810155
900,sports,790,759,0.9607594936708861
992,sports,451,440,0.975609756097561
8100,politics,845,818,0.9680473372781065
6414,sports,157,148,0.9426751592356688
9516,business,665,654,0.9834586466165414
3817,sports,788,780,0.9898477157360406
426,sports,840,812,0.9666666666666667
8623,sports,107,100,0.9345794392523364
8846,sports,557,552,0.9910233393177738
6043,sports,703,698,0.9928876244665719
11408,sports,515,491,0.9533980582524272
4863,politics,634,622,0.9810725552050473
3740,sports,567,563,0.9929453262786596
6266,business,273,269,0.9853479853479854
7340,sports,886,869,0.9808126410835214
7125,sports,539,522,0.9684601113172542
997,sports,276,264,0.9565217391304348
4131,business,674,664,0.9851632047477745
5421,sports,778,744,0.9562982005141388
7933,business,598,590,0.9866220735785953
1828,sports,297,295,0.9932659932659933
5158,sports,833,814,0.9771908763505402
10429,politics,682,652,0.9560117302052786
5054,business,420,418,0.9952380952380953
4224,sports,215,209,0.9720930232558139
1584,business,891,876,0.9831649831649831
3140,sports,437,429,0.9816933638443935
5530,business,625,616,0.9856
6231,sports,503,472,0.9383697813121272
4732,sports,674,644,0.9554896142433235
4238,sports,172,170,0.9883720930232558
8783,business,467,461,0.987152034261242
4328,sports,366,353,0.9644808743169399
6874,politics,1082,1061,0.9805914972273567
678,sports,443,436,0.9841986455981941
6198,politics,886,867,0.9785553047404063
2712,sports,645,632,0.9798449612403101
2021,sports,135,128,0.9481481481481482
9930,politics,695,682,0.981294964028777
4501,politics,728,718,0.9862637362637363
1077,sports,384,380,0.9895833333333334
2786,sports,1042,991,0.9510556621880998
8058,sports,250,239,0.956
1366,sports,827,808,0.9770253929866989
9321,sports,753,739,0.9814077025232404
1867,sports,722,680,0.9418282548476454
10218,sports,909,898,0.9878987898789879
3944,sports,673,651,0.9673105497771174
7124,sports,158,158,1.0
4147,sports,112,112,1.0
5632,sports,791,772,0.9759797724399494
6476,sports,859,815,0.9487776484284052
3735,sports,855,808,0.9450292397660819
2602,sports,176,166,0.9431818181818182
9781,sports,817,803,0.9828641370869033
7215,politics,474,455,0.959915611814346
4280,sports,934,916,0.9807280513918629
6249,politics,711,703,0.9887482419127989
3156,sports,420,412,0.9809523809523809
3781,sports,405,385,0.9506172839506173
4622,politics,742,728,0.9811320754716981
2455,sports,272,269,0.9889705882352942
5387,sports,726,715,0.9848484848484849
176,sports,430,405,0.9418604651162791
5742,sports,735,717,0.9755102040816327
5852,politics,656,630,0.9603658536585366
4637,sports,958,951,0.9926931106471816
9838,business,538,535,0.9944237918215614
9137,sports,659,645,0.9787556904400607
1590,business,620,600,0.967741935483871
265,business,718,695,0.967966573816156
5388,sports,623,594,0.9534510433386838
146,sports,441,421,0.9546485260770975
5786,sports,811,793,0.9778051787916153
9424,sports,790,770,0.9746835443037974
3352,politics,753,709,0.9415670650730412
1144,sports,950,937,0.9863157894736843
7642,sports,501,488,0.9740518962075848
5893,business,887,840,0.9470124013528749
10303,politics,766,760,0.9921671018276762
1344,sports,689,669,0.9709724238026125
9919,business,667,658,0.9865067466266867
7336,politics,695,650,0.935251798561151
10846,sports,32,32,1.0
5856,sports,701,684,0.9757489300998573
8820,sports,691,682,0.9869753979739508
6133,sports,511,497,0.9726027397260274
5656,sports,478,457,0.9560669456066946
5498,sports,552,529,0.9583333333333334
700,sports,609,597,0.9802955665024631
688,sports,446,437,0.9798206278026906
706,sports,52,51,0.9807692307692307
2792,sports,1099,1062,0.9663330300272975
4655,sports,527,510,0.967741935483871
1383,sports,707,682,0.9646393210749646
1729,sports,645,620,0.9612403100775194
7270,business,771,734,0.9520103761348897
4048,sports,772,750,0.9715025906735751
916,sports,572,554,0.9685314685314685
5998,sports,726,717,0.987603305785124
8621,sports,971,951,0.9794026776519053
2063,business,600,582,0.97
11324,sports,897,866,0.9654403567447045
8652,sports,866,848,0.9792147806004619
473,sports,549,527,0.9599271402550091
3073,politics,1018,971,0.9538310412573674
3786,sports,562,535,0.9519572953736655
6179,sports,823,808,0.9817739975698664
3970,sports,493,478,0.9695740365111561
4329,sports,575,563,0.9791304347826087
7401,sports,998,941,0.9428857715430862
8527,sports,489,480,0.9815950920245399
64,sports,171,166,0.9707602339181286
7778,politics,643,629,0.9782270606531882
95,sports,327,318,0.9724770642201835
6046,sports,1178,1124,0.9541595925297114
5273,sports,729,694,0.9519890260631001
9382,sports,954,913,0.9570230607966457
255,business,692,671,0.9696531791907514
6672,politics,854,825,0.9660421545667447
9426,sports,961,935,0.9729448491155047
11245,sports,848,825,0.972877358490566
5369,sports,396,389,0.9823232323232324
8435,politics,517,506,0.9787234042553191
1240,business,906,883,0.9746136865342163
8715,sports,653,622,0.9525267993874426
8911,business,664,650,0.9789156626506024
1219,business,764,747,0.9777486910994765
6243,sports,148,148,1.0
4934,sports,594,566,0.9528619528619529
596,sports,409,399,0.9755501222493888
6542,sports,832,823,0.9891826923076923
2012,business,652,647,0.9923312883435583
7658,politics,750,736,0.9813333333333333
7114,sports,910,895,0.9835164835164835
4649,sports,698,682,0.9770773638968482
6727,politics,667,642,0.9625187406296851
10060,sports,866,808,0.9330254041570438
6732,business,553,543,0.9819168173598554
5173,sports,530,515,0.9716981132075472
8409,sports,733,712,0.9713506139154161
4784,politics,778,755,0.9704370179948586
7472,sports,719,693,0.9638386648122392
2226,sports,614,588,0.9576547231270358
9979,sports,507,489,0.9644970414201184
1138,sports,128,126,0.984375
1317,sports,593,573,0.9662731871838112
6982,sports,231,227,0.9826839826839827
2158,sports,108,101,0.9351851851851852
5977,sports,655,637,0.9725190839694656
7602,politics,736,728,0.9891304347826086
3878,politics,823,807,0.9805589307411907
6808,sports,584,574,0.9828767123287672
3307,sports,263,250,0.9505703422053232
4964,politics,835,820,0.9820359281437125
9897,sports,824,802,0.9733009708737864
6788,sports,301,282,0.9368770764119602
9059,business,497,490,0.9859154929577465
4678,sports,756,746,0.9867724867724867
11291,business,501,484,0.9660678642714571
10512,sports,781,766,0.9807938540332907
7924,sports,88,83,0.9431818181818182
781,sports,779,746,0.9576379974326059
4486,sports,960,931,0.9697916666666667
9514,sports,374,363,0.9705882352941176
4220,sports,825,802,0.9721212121212122
3738,sports,786,753,0.9580152671755725
2586,business,770,755,0.9805194805194806
7408,sports,530,504,0.9509433962264151
2928,business,931,902,0.9688506981740065
1140,sports,610,585,0.9590163934426229
1446,sports,432,417,0.9652777777777778
7239,business,927,910,0.9816612729234089
5267,sports,853,836,0.9800703399765534
1588,sports,113,109,0.9646017699115044
5717,sports,128,122,0.953125
4950,sports,584,576,0.9863013698630136
848,sports,710,686,0.9661971830985916
10066,sports,619,594,0.9596122778675282
4956,sports,486,468,0.9629629629629629
2311,sports,588,576,0.9795918367346939
6921,politics,528,522,0.9886363636363636
2912,sports,884,848,0.9592760180995475
10539,sports,847,798,0.9421487603305785
10450,sports,707,677,0.9575671852899575
4013,politics,578,556,0.9619377162629758
1624,business,965,914,0.9471502590673575
4924,sports,995,985,0.9899497487437185
1044,sports,295,287,0.9728813559322034
10379,politics,296,294,0.9932432432432432
11212,sports,917,899,0.9803707742639041
2838,sports,568,550,0.9683098591549296
10505,sports,344,336,0.9767441860465116
3295,sports,578,544,0.9411764705882353
9658,politics,946,929,0.9820295983086681
1914,politics,719,700,0.9735744089012517
9689,sports,713,679,0.9523141654978962
782,sports,348,343,0.985632183908046
5760,politics,500,484,0.968
2263,sports,103,101,0.9805825242718447
8163,sports,474,454,0.9578059071729957
1565,business,689,666,0.9666182873730044
6411,sports,630,606,0.9619047619047619
6345,sports,894,885,0.9899328859060402
11289,sports,727,692,0.951856946354883
619,politics,557,532,0.9551166965888689
1416,sports,666,617,0.9264264264264265
336,sports,514,507,0.9863813229571985
9302,sports,824,796,0.9660194174757282
11014,sports,75,61,0.8133333333333334
2429,sports,404,391,0.9678217821782178
10747,sports,645,600,0.9302325581395349
2316,sports,177,173,0.9774011299435028
5739,sports,129,128,0.9922480620155039
5808,business,799,788,0.986232790988736
5324,politics,966,932,0.9648033126293996
9077,sports,270,262,0.9703703703703703
2220,sports,599,578,0.9649415692821369
9255,sports,564,558,0.9893617021276596
11285,sports,286,282,0.986013986013986
9132,sports,701,674,0.9614835948644793
9430,politics,692,680,0.9826589595375722
6363,politics,582,560,0.9621993127147767
4130,sports,950,929,0.9778947368421053
8598,sports,554,535,0.9657039711191335
1852,sports,816,801,0.9816176470588235
314,sports,207,193,0.9323671497584541
7619,sports,546,534,0.978021978021978
6038,sports,365,359,0.9835616438356164
2137,business,915,895,0.9781420765027322
791,sports,530,517,0.9754716981132076
3923,sports,735,705,0.9591836734693877
2878,sports,1002,956,0.9540918163672655
1618,sports,751,731,0.9733688415446072
10945,sports,943,938,0.9946977730646872
5288,sports,521,507,0.9731285988483686
5707,sports,344,329,0.9563953488372093
8920,sports,658,622,0.9452887537993921
1262,sports,486,466,0.9588477366255144
6028,sports,776,738,0.9510309278350515
7966,sports,755,728,0.9642384105960264
1603,sports,483,473,0.979296066252588
5594,politics,863,846,0.9803012746234068
1459,sports,188,179,0.9521276595744681
9422,sports,465,444,0.9548387096774194
5155,sports,631,619,0.9809825673534073
4234,business,511,483,0.9452054794520548
10663,sports,836,795,0.9509569377990431
1272,sports,687,672,0.9781659388646288
10353,politics,150,145,0.9666666666666667
108,sports,576,566,0.9826388888888888
980,sports,128,126,0.984375
10435,sports,654,644,0.9847094801223242
3906,politics,680,671,0.986764705882353
5596,politics,249,243,0.9759036144578314
3857,sports,469,464,0.9893390191897654
1125,business,474,440,0.9282700421940928
778,sports,244,238,0.9754098360655737
6798,politics,873,838,0.9599083619702177
6158,sports,869,846,0.9735327963176065
10526,sports,614,587,0.9560260586319218
2133,business,658,653,0.9924012158054711
714,business,795,783,0.9849056603773585
2057,sports,643,623,0.968895800933126
8861,politics,532,523,0.9830827067669173
2951,sports,565,548,0.9699115044247788
9456,politics,511,493,0.9647749510763209
2125,sports,397,382,0.9622166246851386
2331,business,585,567,0.9692307692307692
3011,business,802,781,0.9738154613466334
2967,sports,642,627,0.9766355140186916
11295,sports,371,349,0.9407008086253369
10675,politics,689,658,0.9550072568940493
9257,sports,344,328,0.9534883720930233
7686,politics,849,839,0.9882214369846879
9290,sports,801,787,0.982521847690387
1782,sports,732,723,0.9877049180327869
9410,sports,998,983,0.9849699398797596
3828,business,567,557,0.982363315696649
2978,sports,372,369,0.9919354838709677
3932,sports,582,553,0.9501718213058419
2619,sports,797,788,0.9887076537013801
4729,sports,489,456,0.9325153374233128
4119,sports,969,955,0.9855521155830753
2559,business,831,808,0.9723225030084236
4278,business,580,553,0.9534482758620689
7744,sports,712,679,0.9536516853932584
4200,sports,946,894,0.945031712473573
7709,sports,387,385,0.9948320413436692
6105,sports,939,925,0.9850905218317358
4736,sports,515,506,0.9825242718446602
226,sports,465,455,0.978494623655914
9124,sports,481,458,0.9521829521829522
1021,sports,415,403,0.9710843373493976
5833,sports,862,839,0.9733178654292344
6519,sports,981,943,0.9612640163098879
7834,sports,492,478,0.9715447154471545
7777,sports,685,644,0.9401459854014599
7455,politics,296,293,0.9898648648648649
4811,politics,446,436,0.9775784753363229
2107,sports,620,605,0.9758064516129032
480,business,774,758,0.979328165374677
287,business,581,551,0.9483648881239243
5614,politics,713,682,0.9565217391304348
3468,sports,144,143,0.9930555555555556
8237,sports,634,629,0.9921135646687698
10835,sports,445,440,0.9887640449438202
3292,sports,486,459,0.9444444444444444
6870,business,664,658,0.9909638554216867
10914,sports,887,850,0.9582863585118376
8450,sports,804,784,0.9751243781094527
9400,sports,781,755,0.9667093469910372
3420,sports,663,658,0.9924585218702866
11399,sports,306,299,0.9771241830065359
4781,politics,744,711,0.9556451612903226
3089,politics,732,706,0.9644808743169399
10848,sports,518,507,0.9787644787644788
2346,sports,143,134,0.9370629370629371
11389,sports,325,318,0.9784615384615385
1097,sports,472,447,0.9470338983050848
5765,sports,908,889,0.9790748898678414
9333,sports,760,741,0.975
10055,politics,840,826,0.9833333333333333
5386,business,545,538,0.9871559633027523
1991,sports,452,437,0.9668141592920354
10582,sports,872,855,0.9805045871559633
2160,business,501,498,0.9940119760479041
7269,politics,684,661,0.966374269005848
8164,sports,750,742,0.9893333333333333
812,sports,203,201,0.9901477832512315
10359,sports,804,784,0.9751243781094527
5226,business,701,674,0.9614835948644793
989,business,557,551,0.9892280071813285
1226,sports,611,601,0.983633387888707
9777,sports,675,651,0.9644444444444444
6638,sports,901,882,0.978912319644839
9520,sports,125,120,0.96
2438,sports,638,623,0.9764890282131662
10064,sports,637,615,0.9654631083202512
2935,sports,429,421,0.9813519813519813
8114,sports,149,143,0.959731543624161
9146,sports,476,458,0.9621848739495799
11097,business,852,834,0.9788732394366197
8853,politics,731,687,0.9398084815321477
6440,sports,809,800,0.9888751545117429
2209,sports,305,282,0.9245901639344263
2302,sports,215,207,0.9627906976744186
7603,politics,690,675,0.9782608695652174
2833,sports,819,803,0.9804639804639804
8705,sports,1004,978,0.9741035856573705
5668,sports,1113,1086,0.9757412398921833
5703,sports,678,657,0.9690265486725663
9256,sports,725,723,0.9972413793103448
6922,sports,435,426,0.9793103448275862
7093,sports,370,364,0.9837837837837838
5999,politics,832,813,0.9771634615384616
8727,sports,314,298,0.9490445859872612
7240,sports,723,709,0.9806362378976486
2120,sports,855,812,0.9497076023391813
7417,sports,761,751,0.9868593955321945
6053,sports,730,712,0.9753424657534246
6298,politics,124,119,0.9596774193548387
8834,sports,674,634,0.9406528189910979
5270,sports,538,529,0.983271375464684
8514,business,816,801,0.9816176470588235
6795,sports,754,734,0.9734748010610079
7035,politics,368,354,0.9619565217391305
2042,sports,1242,1179,0.9492753623188406
1931,sports,292,274,0.9383561643835616
9156,business,956,931,0.9738493723849372
5875,politics,685,668,0.9751824817518249
1221,sports,496,485,0.9778225806451613
4790,politics,708,663,0.9364406779661016
9671,sports,398,395,0.992462311557789
11154,sports,104,101,0.9711538461538461
8866,sports,872,852,0.9770642201834863
4155,sports,746,735,0.985254691689008
8452,sports,833,810,0.9723889555822329
5847,sports,871,838,0.9621125143513203
2879,business,618,616,0.9967637540453075
5445,sports,629,619,0.9841017488076311
3432,business,709,692,0.9760225669957687
7087,politics,672,645,0.9598214285714286
6416,politics,805,774,0.9614906832298137
7196,sports,353,348,0.9858356940509915
9465,sports,149,142,0.9530201342281879
1988,business,766,729,0.9516971279373369
10044,sports,404,396,0.9801980198019802
11057,business,612,591,0.9656862745098039
8269,sports,317,295,0.9305993690851735
7783,sports,872,838,0.9610091743119266
2255,business,581,559,0.9621342512908778
3763,sports,875,857,0.9794285714285714
10126,sports,890,871,0.9786516853932584
1455,sports,524,500,0.9541984732824428
6455,sports,862,835,0.968677494199536
8961,sports,341,339,0.9941348973607038
1388,sports,950,931,0.98
7954,sports,797,779,0.9774153074027604
2552,business,565,550,0.9734513274336283
3535,sports,767,745,0.9713168187744459
4363,sports,696,669,0.9612068965517241
420,sports,301,283,0.9401993355481728
11423,sports,745,716,0.9610738255033557
922,sports,1121,1083,0.9661016949152542
6210,business,741,717,0.9676113360323887
2598,sports,857,808,0.9428238039673279
2409,sports,796,777,0.9761306532663316
3268,sports,416,410,0.9855769230769231
41,sports,493,472,0.9574036511156186
11081,business,462,451,0.9761904761904762
5985,sports,777,765,0.9845559845559846
10608,sports,668,662,0.9910179640718563
11148,sports,200,188,0.94
10155,politics,803,770,0.958904109589041
3545,sports,423,409,0.966903073286052
6648,sports,775,756,0.9754838709677419
11482,sports,762,746,0.979002624671916
6738,politics,534,511,0.9569288389513109
827,sports,150,136,0.9066666666666666
3663,sports,588,557,0.9472789115646258
4217,politics,795,789,0.9924528301886792
6472,business,117,116,0.9914529914529915
3710,politics,685,651,0.9503649635036496
10267,sports,124,121,0.9758064516129032
6310,sports,486,471,0.9691358024691358
4539,sports,608,600,0.9868421052631579
6013,sports,777,742,0.954954954954955
8263,sports,882,876,0.9931972789115646
3115,sports,566,553,0.9770318021201413
11373,business,823,809,0.982989064398542
3516,sports,663,647,0.975867269984917
665,sports,100,97,0.97
4454,business,496,490,0.9879032258064516
2227,business,977,936,0.9580348004094166
7119,politics,369,362,0.981029810298103
5399,sports,863,832,0.9640787949015064
9763,politics,885,873,0.9864406779661017
3915,sports,757,737,0.9735799207397622
3440,sports,690,683,0.9898550724637681
6223,business,189,182,0.9629629629629629
93,sports,305,289,0.9475409836065574
6289,politics,1021,1011,0.990205680705191
10321,business,441,440,0.9977324263038548
5474,business,411,410,0.9975669099756691
8784,business,425,416,0.9788235294117648
7537,sports,721,693,0.9611650485436893
6111,politics,759,740,0.9749670619235836
10872,politics,1094,1076,0.9835466179159049
3438,sports,697,684,0.9813486370157819
9770,sports,899,882,0.9810901001112347
5558,business,224,220,0.9821428571428571
5741,sports,755,734,0.9721854304635762
1993,sports,267,265,0.9925093632958801
2085,sports,510,460,0.9019607843137255
3152,sports,671,657,0.9791356184798807
1879,sports,935,916,0.9796791443850268
669,sports,651,628,0.9646697388632872
11039,business,365,353,0.9671232876712329
4211,sports,699,690,0.9871244635193133
326,sports,751,727,0.9680426098535286
6891,sports,726,699,0.9628099173553719
124,politics,728,699,0.9601648351648352
902,business,465,463,0.9956989247311828
3839,politics,594,590,0.9932659932659933
6074,sports,487,472,0.9691991786447639
4262,sports,540,515,0.9537037037037037
3188,sports,994,973,0.9788732394366197
10887,business,397,385,0.9697732997481109
1302,sports,644,617,0.9580745341614907
5538,sports,519,514,0.9903660886319846
59,sports,113,106,0.9380530973451328
11495,business,658,639,0.9711246200607903
9554,sports,567,549,0.9682539682539683
6464,politics,700,683,0.9757142857142858
11409,sports,962,946,0.9833679833679834
10123,business,560,555,0.9910714285714286
9551,sports,721,689,0.955617198335645
8063,business,620,600,0.967741935483871
2639,sports,344,335,0.9738372093023255
10497,sports,881,864,0.9807037457434733
411,sports,531,496,0.9340866290018832
3891,sports,1047,1018,0.9723018147086915
5677,business,364,357,0.9807692307692307
1586,sports,101,94,0.9306930693069307
5241,sports,1443,1429,0.9902979902979903
9768,business,354,350,0.9887005649717514
10085,sports,922,899,0.9750542299349241
1099,sports,1045,1013,0.969377990430622
1693,sports,645,631,0.9782945736434109
968,sports,764,742,0.9712041884816754
2831,sports,579,561,0.9689119170984456
1901,politics,627,604,0.9633173843700159
8500,politics,694,682,0.9827089337175793
9343,sports,938,915,0.9754797441364605
1923,politics,657,635,0.9665144596651446
3703,politics,659,651,0.9878603945371776
8791,sports,145,145,1.0
1922,sports,879,860,0.9783845278725825
7674,sports,652,619,0.9493865030674846
6267,politics,901,866,0.9611542730299667
7555,sports,581,559,0.9621342512908778
10089,sports,584,572,0.9794520547945206
123,sports,196,192,0.9795918367346939
8386,sports,868,862,0.9930875576036866
2056,business,791,762,0.9633375474083439
9786,politics,643,622,0.9673405909797823
1773,sports,432,415,0.9606481481481481
9587,sports,347,334,0.962536023054755
8898,business,690,687,0.9956521739130435
8189,sports,588,576,0.9795918367346939
6721,sports,899,890,0.9899888765294772
308,business,1017,997,0.9803343166175025
8828,sports,372,365,0.9811827956989247
11457,sports,217,216,0.9953917050691244
24,sports,302,292,0.9668874172185431
5407,sports,670,648,0.9671641791044776
233,sports,1093,1070,0.9789569990850869
5904,politics,1012,1001,0.9891304347826086
5907,politics,516,491,0.9515503875968992
10028,sports,232,221,0.9525862068965517
1841,sports,967,922,0.953464322647363
2192,sports,265,261,0.9849056603773585
7298,politics,212,207,0.9764150943396226
10119,sports,434,419,0.9654377880184332
698,sports,716,703,0.9818435754189944
4512,sports,137,132,0.9635036496350365
9252,politics,479,465,0.9707724425887265
10948,sports,505,487,0.9643564356435643
10938,sports,699,688,0.9842632331902719
11484,sports,707,675,0.9547383309759547
258,sports,244,235,0.9631147540983607
9959,sports,389,382,0.9820051413881749
9225,politics,626,608,0.9712460063897763
3045,sports,847,835,0.9858323494687131
1288,sports,250,239,0.956
483,sports,714,662,0.927170868347339
378,sports,1228,1183,0.9633550488599348
5917,sports,937,907,0.967982924226254
11350,sports,605,567,0.9371900826446281
1173,sports,729,722,0.99039780521262
4291,sports,675,655,0.9703703703703703
7385,sports,301,299,0.9933554817275747
4887,business,653,631,0.9663093415007658
1471,sports,165,159,0.9636363636363636
127,sports,976,922,0.944672131147541
9751,politics,597,593,0.9932998324958124
5326,sports,759,749,0.9868247694334651
8906,sports,727,707,0.9724896836313618
1808,sports,911,885,0.9714599341383096
5121,sports,733,705,0.9618008185538881
8988,sports,707,694,0.9816124469589816
1697,sports,273,261,0.9560439560439561
5910,sports,1077,1060,0.9842154131847726
75,sports,132,125,0.946969696969697
246,business,673,654,0.9717682020802377
8501,sports,652,630,0.9662576687116564
2694,sports,510,480,0.9411764705882353
3337,sports,1041,1018,0.9779058597502401
4684,sports,143,129,0.9020979020979021
8951,sports,809,777,0.9604449938195303
526,sports,305,298,0.9770491803278688
1642,sports,651,603,0.9262672811059908
1840,business,507,504,0.9940828402366864
9180,sports,642,622,0.9688473520249221
6301,sports,579,575,0.9930915371329879
9685,sports,1004,961,0.9571713147410359
4563,sports,1074,1056,0.9832402234636871
7705,politics,181,179,0.988950276243094
2680,sports,106,102,0.9622641509433962
2839,sports,102,100,0.9803921568627451
7358,business,914,890,0.973741794310722
7279,sports,1007,996,0.9890764647467726
9182,business,526,516,0.9809885931558935
7398,sports,802,779,0.9713216957605985
10424,sports,570,559,0.980701754385965
5016,sports,789,769,0.9746514575411914
433,business,646,639,0.9891640866873065
862,business,722,697,0.9653739612188366
390,sports,380,366,0.9631578947368421
240,sports,1183,1144,0.967032967032967
2164,business,625,588,0.9408
3147,politics,340,320,0.9411764705882353
7831,sports,638,629,0.9858934169278997
7545,sports,1045,1007,0.9636363636363636
1516,sports,353,347,0.9830028328611898
2269,sports,353,345,0.9773371104815864
4583,sports,796,775,0.9736180904522613
7728,sports,139,130,0.935251798561151
272,sports,893,877,0.9820828667413214
8840,sports,762,747,0.9803149606299213
9357,sports,903,845,0.9357696566998892
11487,sports,408,397,0.9730392156862745
2709,sports,583,569,0.9759862778730704
9444,politics,647,632,0.9768160741885626
5613,sports,928,910,0.9806034482758621
2202,sports,273,270,0.989010989010989
5705,sports,766,736,0.9608355091383812
588,sports,726,713,0.9820936639118457
6711,sports,620,619,0.9983870967741936
1982,sports,366,359,0.9808743169398907
9148,sports,677,649,0.9586410635155096
3101,sports,673,633,0.9405646359583952
9113,politics,885,872,0.9853107344632769
6492,politics,705,680,0.9645390070921985
8689,business,667,658,0.9865067466266867
8451,sports,240,231,0.9625
1203,sports,283,276,0.9752650176678446
5409,sports,869,853,0.9815880322209436
10946,sports,421,402,0.9548693586698337
1096,sports,218,213,0.9770642201834863
620,sports,440,438,0.9954545454545455
1546,sports,156,153,0.9807692307692307
7277,politics,658,650,0.9878419452887538
4128,sports,711,685,0.9634317862165963
3672,sports,805,793,0.9850931677018634
8236,sports,689,675,0.9796806966618288
9958,sports,102,101,0.9901960784313726
6690,business,325,319,0.9815384615384616
2805,sports,316,313,0.990506329113924
6147,sports,1041,992,0.9529298751200769
8424,sports,643,627,0.9751166407465007
1683,sports,576,555,0.9635416666666666
6548,sports,783,768,0.9808429118773946
2141,sports,101,88,0.8712871287128713
7428,sports,729,721,0.9890260631001372
7635,sports,944,914,0.9682203389830508
17,business,589,586,0.9949066213921901
10541,sports,1006,967,0.9612326043737575
9106,politics,879,808,0.919226393629124
592,sports,654,648,0.9908256880733946
4127,sports,416,411,0.9879807692307693
905,sports,511,506,0.9902152641878669
2139,sports,307,302,0.9837133550488599
10951,sports,830,811,0.9771084337349397
9013,sports,637,602,0.945054945054945
9697,sports,411,398,0.9683698296836983
13,sports,247,247,1.0
7257,politics,752,721,0.9587765957446809
11325,politics,653,645,0.9877488514548239
7392,sports,809,791,0.9777503090234858
409,sports,320,308,0.9625
8692,sports,472,461,0.9766949152542372
11405,sports,733,708,0.965893587994543
11492,politics,887,867,0.9774520856820744
719,sports,744,707,0.9502688172043011
5928,sports,750,735,0.98
748,business,774,759,0.9806201550387597
3424,sports,591,572,0.9678510998307953
7902,sports,712,706,0.9915730337078652
3402,sports,772,749,0.9702072538860104
2536,business,759,749,0.9868247694334651
8023,business,658,652,0.9908814589665653
941,sports,1231,1203,0.9772542648253453
7694,sports,327,314,0.9602446483180428
5138,business,557,550,0.9874326750448833
8412,sports,722,700,0.9695290858725761
10856,sports,137,126,0.9197080291970803
5589,sports,798,756,0.9473684210526315
4559,sports,892,852,0.9551569506726457
9055,politics,789,772,0.9784537389100126
1682,sports,318,298,0.9371069182389937
9056,sports,368,355,0.9646739130434783
8808,sports,426,410,0.9624413145539906
10668,sports,591,566,0.9576988155668359
60,sports,777,743,0.9562419562419563
7725,politics,771,760,0.9857328145265889
792,sports,204,188,0.9215686274509803
6897,business,575,565,0.9826086956521739
11010,business,624,620,0.9935897435897436
7627,politics,994,953,0.9587525150905433
2995,sports,586,582,0.9931740614334471
4724,politics,1023,1001,0.978494623655914
2732,politics,589,580,0.9847198641765704
821,sports,657,651,0.9908675799086758
6418,sports,735,683,0.9292517006802721
5085,sports,738,708,0.959349593495935
1417,sports,1038,996,0.9595375722543352
7402,sports,1594,1552,0.973651191969887
5396,business,946,933,0.9862579281183932
11438,sports,191,188,0.9842931937172775
11502,sports,186,179,0.9623655913978495
1774,sports,743,719,0.9676985195154778
3886,politics,968,942,0.9731404958677686
3490,sports,565,557,0.9858407079646018
270,sports,101,89,0.8811881188118812
7466,sports,442,424,0.9592760180995475
1114,business,423,421,0.9952718676122931
10451,politics,591,560,0.9475465313028765
5238,sports,656,643,0.9801829268292683
8757,sports,465,447,0.9612903225806452
6410,sports,995,933,0.9376884422110553
1811,sports,957,945,0.987460815047022
8934,politics,713,703,0.9859747545582047
2961,sports,838,823,0.9821002386634845
5757,sports,777,764,0.9832689832689833
4133,sports,833,803,0.963985594237695
4643,sports,668,639,0.9565868263473054
5124,sports,128,127,0.9921875
1034,sports,304,290,0.9539473684210527
101,sports,128,121,0.9453125
9950,politics,685,678,0.9897810218978103
2674,sports,723,716,0.9903181189488244
6338,sports,382,368,0.9633507853403142
9744,sports,864,855,0.9895833333333334
4947,sports,1144,1130,0.9877622377622378
6691,sports,670,652,0.9731343283582089
585,sports,858,845,0.9848484848484849
1103,sports,111,94,0.8468468468468469
3158,sports,746,713,0.9557640750670241
11105,business,671,652,0.9716840536512668
11030,business,440,440,1.0
9699,sports,244,242,0.9918032786885246
137,sports,766,720,0.9399477806788512
10326,business,535,527,0.9850467289719627
5244,politics,648,641,0.9891975308641975
11440,sports,70,69,0.9857142857142858
1025,sports,484,475,0.981404958677686
7995,sports,1127,1099,0.9751552795031055
6239,business,713,699,0.9803646563814866
9506,sports,786,755,0.960559796437659
5763,sports,785,784,0.9987261146496815
151,sports,73,71,0.9726027397260274
3517,sports,372,363,0.9758064516129032
5073,business,905,896,0.9900552486187846
5509,sports,686,666,0.9708454810495627
10785,sports,780,768,0.9846153846153847
5049,politics,710,699,0.9845070422535211
6646,sports,343,333,0.9708454810495627
2920,sports,422,414,0.981042654028436
9535,sports,677,657,0.9704579025110783
7135,politics,652,639,0.9800613496932515
3815,sports,654,623,0.9525993883792049
2874,sports,676,644,0.9526627218934911
5697,politics,1130,1105,0.9778761061946902
2166,sports,267,261,0.9775280898876404
5592,politics,792,753,0.9507575757575758
5003,business,1081,1055,0.9759481961147086
5859,sports,594,583,0.9814814814814815
10988,politics,875,849,0.9702857142857143
1824,sports,734,726,0.989100817438692
7894,business,772,759,0.9831606217616581
5586,sports,452,427,0.9446902654867256
11225,sports,605,571,0.943801652892562
10393,sports,762,729,0.9566929133858267
4221,sports,526,525,0.9980988593155894
3664,sports,576,559,0.9704861111111112
2282,politics,923,896,0.9707475622968581
7017,politics,1028,1007,0.9795719844357976
9007,sports,650,627,0.9646153846153847
2221,sports,1286,1264,0.9828926905132193
1486,sports,329,317,0.9635258358662614
468,sports,731,714,0.9767441860465116
5192,sports,427,406,0.9508196721311475
6802,business,422,419,0.9928909952606635
567,sports,259,230,0.888030888030888
9582,politics,689,680,0.9869375907111756
2667,sports,172,170,0.9883720930232558
4254,business,574,548,0.9547038327526133
10606,sports,738,706,0.9566395663956639
9642,business,345,342,0.991304347826087
509,sports,110,105,0.9545454545454546
9308,sports,603,594,0.9850746268656716
3700,sports,450,438,0.9733333333333334
4927,sports,899,891,0.9911012235817576
1604,business,496,490,0.9879032258064516
8470,sports,413,410,0.9927360774818402
2399,business,753,724,0.9614873837981408
2243,sports,385,378,0.9818181818181818
3072,sports,576,567,0.984375
5788,sports,1013,997,0.9842053307008884
1456,sports,690,654,0.9478260869565217
1928,sports,133,129,0.9699248120300752
3678,politics,579,558,0.9637305699481865
7793,sports,1000,980,0.98
5947,politics,497,488,0.9818913480885312
3912,business,117,115,0.9829059829059829
2031,sports,859,818,0.9522700814901047
8331,sports,365,359,0.9835616438356164
4993,sports,882,862,0.9773242630385488
8096,sports,802,775,0.9663341645885287
6663,sports,912,898,0.9846491228070176
8665,sports,689,666,0.9666182873730044
3312,sports,728,702,0.9642857142857143
8325,sports,1267,1229,0.9700078926598263
6260,sports,498,471,0.9457831325301205
1458,sports,650,636,0.9784615384615385
2937,sports,719,691,0.96105702364395
2787,sports,649,628,0.9676425269645609
5800,sports,766,732,0.9556135770234987
8128,sports,797,780,0.9786700125470514
9475,sports,2690,2637,0.9802973977695167
5671,politics,413,411,0.9951573849878934
1015,sports,164,159,0.9695121951219512
3846,sports,711,696,0.9789029535864979
4349,business,560,550,0.9821428571428571
8619,politics,761,721,0.9474375821287779
11167,sports,547,519,0.9488117001828154
8014,sports,745,710,0.9530201342281879
6996,sports,949,909,0.9578503688092729
3414,sports,771,763,0.9896238651102465
9521,sports,706,695,0.9844192634560907
4408,sports,498,483,0.9698795180722891
2850,politics,628,619,0.9856687898089171
6238,business,704,688,0.9772727272727273
4951,sports,684,662,0.9678362573099415
1675,sports,851,799,0.9388954171562868
2780,politics,805,779,0.9677018633540373
9668,sports,690,658,0.9536231884057971
9197,sports,707,687,0.9717114568599717
2492,sports,84,83,0.9880952380952381
7567,politics,817,785,0.9608323133414932
10162,sports,853,842,0.9871043376318874
3080,sports,445,420,0.9438202247191011
11411,sports,503,465,0.9244532803180915
3785,sports,766,738,0.9634464751958225
2647,sports,921,887,0.9630836047774158
4879,sports,394,381,0.9670050761421319
6020,sports,507,495,0.9763313609467456
7723,politics,702,685,0.9757834757834758
3202,sports,893,870,0.9742441209406495
1802,business,858,819,0.9545454545454546
6651,sports,238,236,0.9915966386554622
1691,sports,526,498,0.9467680608365019
912,sports,639,621,0.971830985915493
9986,politics,807,785,0.9727385377942999
4978,sports,908,885,0.974669603524229
6803,sports,717,710,0.9902370990237099
8930,politics,596,582,0.9765100671140939
10514,sports,115,115,1.0
338,sports,519,510,0.9826589595375722
10679,politics,704,679,0.9644886363636364
6936,sports,555,531,0.9567567567567568
11153,business,261,260,0.9961685823754789
4088,politics,996,946,0.9497991967871486
5542,sports,365,352,0.9643835616438357
4391,sports,496,469,0.9455645161290323
6988,sports,477,474,0.9937106918238994
10444,sports,954,935,0.980083857442348
1248,sports,159,157,0.9874213836477987
9294,sports,727,720,0.9903713892709766
9745,politics,618,614,0.9935275080906149
6769,sports,912,898,0.9846491228070176
8049,sports,580,570,0.9827586206896551
9682,sports,940,933,0.9925531914893617
1070,sports,772,744,0.9637305699481865
2660,sports,821,805,0.9805115712545676
10513,sports,836,810,0.9688995215311005
4738,sports,723,710,0.9820193637621023
5166,sports,731,720,0.9849521203830369
3649,politics,386,380,0.9844559585492227
7180,sports,459,435,0.9477124183006536
9625,sports,770,720,0.935064935064935
5007,sports,601,589,0.9800332778702163
429,sports,638,612,0.9592476489028213
9061,business,341,337,0.9882697947214076
7292,business,801,778,0.9712858926342073
8394,sports,875,844,0.9645714285714285
7438,politics,439,431,0.9817767653758542
6752,sports,659,641,0.9726858877086495
1717,sports,281,270,0.9608540925266904
11059,sports,458,449,0.980349344978166
3905,sports,2154,2095,0.9726090993500465
8172,sports,377,375,0.9946949602122016
2905,business,394,391,0.9923857868020305
9149,sports,448,435,0.9709821428571429
9572,sports,842,827,0.982185273159145
418,business,741,728,0.9824561403508771
4523,sports,603,577,0.956882255389718
9128,sports,683,676,0.9897510980966325
1557,sports,787,759,0.9644218551461246
1748,sports,336,314,0.9345238095238095
4547,politics,861,846,0.9825783972125436
4383,sports,998,990,0.9919839679358717
9122,sports,235,222,0.9446808510638298
9202,politics,982,956,0.9735234215885947
6550,sports,131,123,0.9389312977099237
2048,sports,137,128,0.9343065693430657
3042,sports,286,278,0.972027972027972
305,sports,201,193,0.9601990049751243
7944,sports,699,657,0.9399141630901288
5379,politics,1032,1014,0.9825581395348837
8780,sports,894,870,0.9731543624161074
527,sports,116,112,0.9655172413793104
56,business,667,643,0.9640179910044977
5437,sports,747,721,0.965194109772423
8714,business,517,498,0.9632495164410058
4829,sports,675,663,0.9822222222222222
5427,politics,768,753,0.98046875
1826,sports,891,874,0.9809203142536476
3510,politics,664,644,0.9698795180722891
1492,sports,315,296,0.9396825396825397
6529,sports,855,843,0.9859649122807017
11380,sports,294,280,0.9523809523809523
6307,sports,486,462,0.9506172839506173
7965,sports,698,690,0.9885386819484241
7462,sports,648,640,0.9876543209876543
2564,sports,156,143,0.9166666666666666
1352,sports,481,473,0.9833679833679834
10935,sports,414,399,0.9637681159420289
7710,sports,558,538,0.96415770609319
7625,sports,927,876,0.9449838187702265
10000,sports,820,794,0.9682926829268292
354,politics,676,662,0.9792899408284024
4004,sports,956,925,0.9675732217573222
4297,sports,687,664,0.9665211062590975
10465,sports,446,434,0.9730941704035875
4252,politics,1178,1157,0.9821731748726655
9891,sports,629,599,0.9523052464228935
8556,sports,470,454,0.9659574468085106
2292,sports,391,376,0.9616368286445013
780,sports,1188,1152,0.9696969696969697
6611,sports,861,837,0.9721254355400697
5184,sports,484,481,0.993801652892562
5425,politics,763,723,0.9475753604193972
8796,sports,519,498,0.9595375722543352
6019,sports,121,117,0.9669421487603306
6984,sports,872,834,0.9564220183486238
6011,politics,741,706,0.9527665317139001
5603,sports,780,756,0.9692307692307692
8266,sports,474,449,0.9472573839662447
3797,sports,872,853,0.9782110091743119
4994,sports,727,715,0.9834938101788171
6837,sports,654,632,0.9663608562691132
8188,sports,473,462,0.9767441860465116
10968,sports,140,137,0.9785714285714285
10023,sports,273,248,0.9084249084249084
8050,sports,720,690,0.9583333333333334
9732,politics,842,813,0.9655581947743468
10446,politics,620,600,0.967741935483871
6076,politics,790,780,0.9873417721518988
6684,politics,631,623,0.9873217115689382
2763,politics,646,636,0.9845201238390093
9065,sports,878,856,0.9749430523917996
8546,sports,718,685,0.9540389972144847
7384,sports,374,366,0.9786096256684492
8348,sports,889,859,0.9662542182227222
4058,politics,467,451,0.9657387580299786
7843,politics,462,458,0.9913419913419913
8507,politics,789,767,0.9721166032953105
10345,sports,283,272,0.9611307420494699
506,sports,548,541,0.9872262773722628
10035,sports,295,272,0.9220338983050848
10228,sports,670,642,0.9582089552238806
2865,sports,797,764,0.958594730238394
3988,sports,739,730,0.9878213802435724
5920,politics,537,523,0.9739292364990689
3796,politics,1094,1078,0.9853747714808044
4299,sports,788,775,0.983502538071066
948,sports,52,49,0.9423076923076923
6230,sports,748,717,0.9585561497326203
3384,sports,720,713,0.9902777777777778
8815,sports,398,381,0.957286432160804
11470,sports,284,264,0.9295774647887324
2186,sports,137,126,0.9197080291970803
11205,sports,528,502,0.9507575757575758
410,business,458,439,0.9585152838427947
2083,sports,433,421,0.9722863741339491
472,sports,115,106,0.9217391304347826
10696,business,313,308,0.9840255591054313
6595,business,546,536,0.9816849816849816
8992,sports,769,761,0.9895968790637191
11158,sports,746,701,0.9396782841823056
6060,sports,533,528,0.9906191369606003
10774,sports,899,878,0.9766407119021134
7929,politics,817,808,0.988984088127295
3358,sports,737,695,0.9430122116689281
320,sports,587,570,0.9710391822827938
8292,sports,970,950,0.979381443298969
8653,sports,134,125,0.9328358208955224
235,sports,344,333,0.9680232558139535
7639,sports,100,97,0.97
3123,politics,678,643,0.948377581120944
7152,sports,868,847,0.9758064516129032
10190,business,539,532,0.987012987012987
1598,sports,82,70,0.8536585365853658
11072,sports,385,380,0.987012987012987
2829,sports,488,463,0.9487704918032787
5069,politics,747,729,0.9759036144578314
9286,sports,947,909,0.9598732840549102
9965,business,734,725,0.9877384196185286
9217,sports,649,637,0.9815100154083205
3213,politics,916,906,0.9890829694323144
5644,sports,203,202,0.9950738916256158
7732,sports,722,679,0.9404432132963989
416,business,644,618,0.9596273291925466
10649,sports,473,451,0.9534883720930233
2801,sports,621,596,0.9597423510466989
5152,sports,815,804,0.9865030674846625
5099,sports,876,857,0.978310502283105
7389,sports,130,130,1.0
5230,sports,1038,1025,0.98747591522158
1457,sports,172,168,0.9767441860465116
2954,sports,600,578,0.9633333333333334
1518,business,640,623,0.9734375
10331,sports,832,806,0.96875
5845,sports,317,315,0.9936908517350158
6432,business,663,646,0.9743589743589743
2335,sports,464,437,0.9418103448275862
8701,sports,130,124,0.9538461538461539
5769,sports,802,777,0.9688279301745636
2836,sports,336,321,0.9553571428571429
8357,sports,771,733,0.9507133592736705
6435,sports,497,467,0.9396378269617707
1115,sports,1030,1020,0.9902912621359223
9635,politics,381,358,0.9396325459317585
428,business,454,451,0.9933920704845814
10949,sports,493,490,0.9939148073022313
1776,sports,413,407,0.9854721549636803
7412,sports,122,112,0.9180327868852459
6867,sports,639,618,0.9671361502347418
1783,sports,612,588,0.9607843137254902
2238,sports,649,629,0.9691833590138675
6259,business,945,927,0.9809523809523809
490,sports,865,843,0.9745664739884393
7034,sports,760,746,0.9815789473684211
945,sports,1031,1015,0.9844810863239574
6099,sports,929,906,0.9752421959095802
11198,sports,858,844,0.9836829836829837
1186,sports,758,723,0.9538258575197889
3993,sports,933,914,0.9796355841371919
721,business,644,620,0.9627329192546584
5843,sports,903,853,0.9446290143964563
6582,sports,586,572,0.9761092150170648
2503,sports,257,251,0.9766536964980544
8276,politics,770,755,0.9805194805194806
8600,sports,417,415,0.9952038369304557
982,sports,859,841,0.9790454016298021
7233,politics,954,919,0.9633123689727463
2659,politics,562,552,0.9822064056939501
5390,sports,245,234,0.9551020408163265
894,sports,261,251,0.9616858237547893
6506,sports,1248,1204,0.9647435897435898
3583,sports,146,139,0.952054794520548
5470,sports,478,463,0.9686192468619247
9464,sports,622,617,0.9919614147909968
9937,sports,871,852,0.9781859931113662
5025,sports,696,683,0.9813218390804598
6892,business,509,504,0.9901768172888016
10871,sports,433,417,0.9630484988452656
9725,politics,577,554,0.9601386481802426
9754,politics,876,842,0.9611872146118722
711,sports,852,825,0.9683098591549296
2610,business,894,869,0.9720357941834452
5534,politics,635,622,0.9795275590551181
5900,sports,533,520,0.975609756097561
7100,politics,797,763,0.9573400250941029
11213,sports,737,706,0.9579375848032564
7508,sports,561,528,0.9411764705882353
7416,sports,833,804,0.9651860744297719
329,sports,124,114,0.9193548387096774
7165,sports,676,672,0.9940828402366864
2473,business,1164,1107,0.9510309278350515
7851,sports,769,754,0.9804941482444733
5140,sports,769,745,0.9687906371911573
606,sports,128,122,0.953125
4270,sports,291,277,0.9518900343642611
2096,sports,264,252,0.9545454545454546
7405,sports,154,153,0.9935064935064936
3181,sports,563,546,0.9698046181172292
3907,sports,689,660,0.9579100145137881
676,sports,1175,1155,0.9829787234042553
10964,politics,409,396,0.9682151589242054
2896,business,544,536,0.9852941176470589
7908,sports,924,894,0.9675324675324676
10340,business,738,707,0.9579945799457995
2964,sports,787,748,0.9504447268106735
1942,politics,850,831,0.9776470588235294
118,sports,326,321,0.9846625766871165
1950,business,526,504,0.9581749049429658
4266,sports,778,767,0.9858611825192802
854,sports,721,711,0.986130374479889
5364,sports,745,712,0.9557046979865772
3291,business,646,625,0.9674922600619195
11463,sports,292,267,0.9143835616438356
8455,sports,865,847,0.9791907514450867
7664,sports,860,833,0.9686046511627907
4231,sports,647,634,0.9799072642967542
10174,sports,652,623,0.9555214723926381
6314,sports,745,723,0.9704697986577181
4922,sports,291,282,0.9690721649484536
5157,politics,628,613,0.9761146496815286
6488,sports,498,478,0.9598393574297188
3563,politics,697,684,0.9813486370157819
10744,sports,881,853,0.9682179341657208
6944,sports,725,717,0.9889655172413793
7543,sports,199,198,0.9949748743718593
6556,sports,123,120,0.975609756097561
9361,politics,696,686,0.985632183908046
513,sports,64,60,0.9375
4069,business,835,803,0.9616766467065868
10828,sports,351,346,0.9857549857549858
6002,sports,690,689,0.9985507246376811
10877,politics,620,615,0.9919354838709677
3324,politics,559,544,0.9731663685152058
1823,sports,632,608,0.9620253164556962
9214,sports,807,793,0.9826517967781908
7807,sports,464,462,0.9956896551724138
9939,sports,601,588,0.978369384359401
2908,sports,794,771,0.9710327455919395
7950,sports,122,118,0.9672131147540983
3500,sports,753,726,0.9641434262948207
142,sports,441,423,0.9591836734693877
3736,politics,891,876,0.9831649831649831
2607,business,813,799,0.982779827798278
427,sports,365,337,0.9232876712328767
9379,business,380,372,0.9789473684210527
3693,sports,762,751,0.9855643044619422
6679,sports,607,580,0.9555189456342669
2441,sports,1020,974,0.9549019607843138
8643,business,584,573,0.9811643835616438
7746,sports,778,744,0.9562982005141388
6662,sports,816,801,0.9816176470588235
4009,politics,551,540,0.9800362976406534
5045,sports,769,743,0.9661898569570871
6077,politics,590,564,0.9559322033898305
8010,sports,647,628,0.9706336939721792
3269,business,463,454,0.980561555075594
4081,sports,779,756,0.9704749679075738
11182,sports,567,539,0.9506172839506173
466,business,666,624,0.9369369369369369
451,sports,1148,1115,0.9712543554006968
4019,business,347,320,0.9221902017291066
11243,sports,610,579,0.9491803278688524
5174,politics,679,666,0.9808541973490427
3049,sports,257,252,0.980544747081712
9231,sports,340,334,0.9823529411764705
3900,sports,841,823,0.9785969084423306
4352,politics,966,958,0.9917184265010351
3701,sports,97,91,0.9381443298969072
3084,politics,661,647,0.9788199697428139
8544,sports,432,423,0.9791666666666666
7585,sports,686,678,0.9883381924198251
10260,sports,896,879,0.9810267857142857
1589,sports,939,906,0.9648562300319489
6534,sports,629,610,0.9697933227344993
657,sports,672,658,0.9791666666666666
2753,politics,650,638,0.9815384615384616
8505,sports,175,168,0.96
2655,sports,618,610,0.9870550161812298
2916,sports,1187,1159,0.9764111204717776
6484,sports,104,99,0.9519230769230769
1092,business,532,515,0.9680451127819549
6807,sports,381,365,0.958005249343832
6906,sports,490,485,0.9897959183673469
3343,sports,785,758,0.9656050955414013
6244,sports,143,133,0.9300699300699301
9230,sports,348,335,0.9626436781609196
6041,sports,704,683,0.9701704545454546
2571,business,613,594,0.9690048939641109
11372,sports,205,197,0.9609756097560975
7297,sports,707,699,0.9886845827439887
2960,business,812,777,0.9568965517241379
8723,sports,581,557,0.9586919104991394
3750,sports,221,216,0.9773755656108597
3675,sports,672,667,0.9925595238095238
10859,sports,545,538,0.9871559633027523
5598,sports,904,878,0.9712389380530974
2562,business,689,662,0.9608127721335269
10354,sports,760,732,0.9631578947368421
8218,sports,982,959,0.9765784114052953
3942,sports,911,890,0.9769484083424808
9963,sports,423,410,0.9692671394799054
1218,sports,857,849,0.9906651108518086
10890,sports,429,415,0.9673659673659674
6431,sports,518,506,0.9768339768339769
1820,sports,1094,1060,0.9689213893967094
5520,politics,729,716,0.9821673525377229
8034,sports,939,927,0.987220447284345
7468,sports,757,733,0.9682959048877147
10650,sports,748,737,0.9852941176470589
3351,sports,515,506,0.9825242718446602
8354,sports,512,500,0.9765625
7492,sports,235,235,1.0
9631,sports,550,540,0.9818181818181818
1393,sports,830,801,0.9650602409638555
1347,sports,383,370,0.9660574412532638
8267,sports,821,800,0.97442143727162
1082,sports,700,686,0.98
2286,sports,615,589,0.9577235772357724
4712,business,759,722,0.9512516469038208
7557,sports,392,374,0.9540816326530612
1254,sports,309,295,0.9546925566343042
7399,sports,801,762,0.951310861423221
9476,sports,767,743,0.9687092568448501
1997,sports,802,797,0.9937655860349127
9062,business,712,703,0.9873595505617978
5942,sports,758,740,0.9762532981530343
5529,sports,774,764,0.9870801033591732
6681,politics,724,715,0.9875690607734806
3987,sports,737,723,0.9810040705563093
2502,sports,262,258,0.9847328244274809
10719,politics,835,809,0.9688622754491018
8594,sports,1015,987,0.9724137931034482
3299,sports,342,315,0.9210526315789473
9957,sports,123,120,0.975609756097561
5501,sports,834,816,0.9784172661870504
7501,sports,475,458,0.9642105263157895
8313,sports,759,745,0.9815546772068511
3368,sports,1035,1024,0.9893719806763285
10460,politics,764,738,0.9659685863874345
9383,sports,657,638,0.9710806697108066
10532,sports,738,709,0.9607046070460704
7742,sports,321,306,0.9532710280373832
5465,sports,839,805,0.9594755661501788
6818,sports,233,221,0.9484978540772532
6145,sports,343,338,0.9854227405247813
10436,sports,773,755,0.9767141009055628
3331,sports,475,462,0.9726315789473684
7013,sports,857,831,0.969661610268378
5329,sports,540,530,0.9814814814814815
9025,sports,604,583,0.9652317880794702
9540,sports,719,700,0.9735744089012517
7809,sports,953,908,0.9527806925498427
4515,sports,344,343,0.997093023255814
4214,business,703,693,0.9857752489331437
2363,sports,556,527,0.947841726618705
7039,sports,604,569,0.9420529801324503
6939,politics,708,697,0.9844632768361582
7260,sports,413,406,0.9830508474576272
1071,sports,442,436,0.9864253393665159
5922,business,725,721,0.9944827586206897
9174,sports,316,297,0.939873417721519
8543,sports,995,968,0.9728643216080402
3129,sports,144,142,0.9861111111111112
11386,sports,606,580,0.9570957095709571
5086,sports,784,751,0.9579081632653061
8336,sports,728,714,0.9807692307692307
2665,sports,962,927,0.9636174636174636
7019,politics,675,665,0.9851851851851852
7956,sports,985,962,0.9766497461928934
10261,business,296,291,0.9831081081081081
10999,sports,935,902,0.9647058823529412
1002,sports,846,815,0.9633569739952719
9324,sports,476,463,0.9726890756302521
3514,sports,810,787,0.971604938271605
7600,sports,266,260,0.9774436090225563
4707,sports,684,671,0.9809941520467836
3896,business,558,549,0.9838709677419355
2506,business,659,618,0.9377845220030349
5444,sports,499,470,0.9418837675350702
702,sports,873,851,0.9747995418098511
1258,sports,1158,1103,0.9525043177892919
358,business,399,389,0.974937343358396
10517,sports,125,119,0.952
5378,business,463,457,0.9870410367170627
10658,sports,781,743,0.9513444302176697
7981,politics,674,663,0.983679525222552
6717,sports,600,592,0.9866666666666667
9416,sports,403,396,0.9826302729528535
1228,business,684,679,0.9926900584795322
3482,business,848,831,0.9799528301886793
4076,sports,780,775,0.9935897435897436
7423,sports,646,645,0.9984520123839009
8041,politics,877,815,0.9293044469783353
2873,sports,759,734,0.9670619235836627
438,sports,890,876,0.9842696629213483
9972,sports,479,472,0.9853862212943633
4869,politics,327,314,0.9602446483180428
7839,sports,556,540,0.9712230215827338
10882,business,906,882,0.9735099337748344
19,sports,251,237,0.9442231075697212
6004,politics,626,617,0.9856230031948882
942,sports,357,339,0.9495798319327731
5264,business,823,766,0.9307411907654921
481,sports,387,377,0.9741602067183462
8766,sports,1011,993,0.9821958456973294
8914,sports,379,375,0.9894459102902374
1911,business,543,540,0.994475138121547
10917,sports,876,864,0.9863013698630136
5408,sports,538,531,0.9869888475836431
11391,sports,436,412,0.944954128440367
7975,sports,791,782,0.988621997471555
1902,sports,831,815,0.9807460890493381
6228,sports,764,738,0.9659685863874345
4033,politics,662,650,0.9818731117824774
7109,politics,821,779,0.9488428745432399
5287,sports,459,449,0.9782135076252724
9614,sports,435,415,0.9540229885057471
1445,sports,614,575,0.9364820846905537
6571,sports,350,337,0.9628571428571429
7041,sports,1125,1089,0.968
8659,business,373,372,0.9973190348525469
3719,sports,678,665,0.9808259587020649
4385,sports,843,789,0.9359430604982206
8794,sports,445,434,0.9752808988764045
4399,sports,576,561,0.9739583333333334
10168,sports,780,755,0.967948717948718
7601,sports,721,701,0.9722607489597781
4484,politics,792,767,0.9684343434343434
1652,sports,486,463,0.9526748971193416
4661,sports,606,598,0.9867986798679867
5420,sports,352,348,0.9886363636363636
7756,sports,627,602,0.960127591706539
9336,sports,831,805,0.9687123947051745
8510,sports,730,712,0.9753424657534246
3564,sports,847,819,0.9669421487603306
9590,sports,734,709,0.9659400544959128
7419,politics,519,517,0.9961464354527938
2533,sports,358,346,0.9664804469273743
10717,sports,540,510,0.9444444444444444
2688,sports,415,402,0.9686746987951808
9932,sports,705,669,0.948936170212766
9752,sports,735,712,0.9687074829931973
1825,sports,758,752,0.9920844327176781
3139,sports,829,782,0.9433051869722557
5585,sports,541,526,0.9722735674676525
8787,sports,754,716,0.9496021220159151
7864,sports,907,879,0.9691289966923925
3107,sports,641,620,0.9672386895475819
6512,politics,450,442,0.9822222222222222
10098,sports,591,580,0.9813874788494078
4746,sports,337,325,0.9643916913946587
1169,sports,1087,1063,0.9779208831646734
422,sports,825,794,0.9624242424242424
4703,sports,863,834,0.966396292004635
3480,sports,691,675,0.9768451519536903
2989,business,692,656,0.9479768786127167
9501,business,1126,1082,0.9609236234458259
1479,sports,267,239,0.8951310861423221
4010,business,1056,1027,0.9725378787878788
8305,politics,556,536,0.9640287769784173
2673,sports,704,687,0.9758522727272727
3831,sports,894,873,0.9765100671140939
7126,sports,863,848,0.9826187717265353
11221,sports,387,368,0.9509043927648578
5955,business,629,626,0.9952305246422893
4314,sports,984,970,0.9857723577235772
7185,sports,493,474,0.9614604462474645
6150,politics,661,635,0.9606656580937972
4664,sports,367,353,0.9618528610354223
7810,sports,673,648,0.962852897473997
2447,sports,401,391,0.9750623441396509
8347,business,758,712,0.9393139841688655
6037,sports,618,594,0.9611650485436893
9605,politics,762,743,0.9750656167979003
11230,sports,703,652,0.9274537695590327
5039,sports,653,641,0.9816232771822359
10792,politics,622,612,0.9839228295819936
1701,sports,1037,1031,0.9942140790742526
1532,sports,272,263,0.9669117647058824
9102,sports,750,736,0.9813333333333333
4117,sports,844,813,0.9632701421800948
4118,sports,761,736,0.9671484888304862
9489,sports,84,78,0.9285714285714286
1804,sports,1031,1005,0.9747817652764307
2001,business,706,687,0.9730878186968839
6177,politics,265,263,0.9924528301886792
3910,politics,1057,1043,0.9867549668874173
3650,business,499,497,0.9959919839679359
11228,sports,399,381,0.9548872180451128
347,business,784,775,0.9885204081632653
4531,sports,863,838,0.9710312862108922
2045,sports,854,819,0.9590163934426229
249,sports,813,795,0.977859778597786
5298,sports,769,752,0.9778933680104032
5740,politics,928,889,0.9579741379310345
6204,business,300,298,0.9933333333333333
9301,sports,368,364,0.9891304347826086
10614,sports,995,940,0.9447236180904522
8319,sports,884,873,0.9875565610859729
10664,sports,428,414,0.9672897196261683
7548,sports,943,933,0.9893955461293743
3043,sports,900,888,0.9866666666666667
10982,politics,674,652,0.9673590504451038
339,business,959,905,0.9436913451511991
7806,sports,474,463,0.9767932489451476
5203,sports,349,341,0.9770773638968482
5395,politics,916,899,0.9814410480349345
10881,business,702,687,0.9786324786324786
1128,sports,453,440,0.9713024282560706
3689,sports,816,801,0.9816176470588235
4675,sports,518,490,0.9459459459459459
723,sports,616,598,0.9707792207792207
9924,sports,950,938,0.9873684210526316
3532,business,764,744,0.9738219895287958
3418,sports,882,863,0.9784580498866213
9806,sports,871,856,0.9827784156142365
5545,sports,619,580,0.9369951534733441
10166,politics,490,473,0.9653061224489796
574,sports,837,830,0.991636798088411
7203,sports,869,858,0.9873417721518988
363,sports,195,184,0.9435897435897436
10025,sports,890,879,0.9876404494382023
7990,business,555,537,0.9675675675675676
4154,sports,668,661,0.9895209580838323
9222,sports,1005,976,0.9711442786069652
4554,sports,602,584,0.9700996677740864
8440,sports,690,676,0.9797101449275363
3170,sports,624,614,0.9839743589743589
6116,sports,619,611,0.9870759289176091
7819,sports,958,949,0.9906054279749478
727,sports,106,103,0.9716981132075472
2968,business,793,767,0.9672131147540983
5075,sports,545,517,0.9486238532110092
8685,sports,695,670,0.9640287769784173
9478,sports,579,563,0.9723661485319517
5526,sports,553,544,0.9837251356238698
4888,sports,951,939,0.9873817034700315
5935,sports,917,907,0.9890948745910578
5835,sports,660,651,0.9863636363636363
5950,politics,814,797,0.9791154791154791
5452,sports,680,665,0.9779411764705882
5566,sports,273,270,0.989010989010989
8634,sports,491,484,0.9857433808553971
5416,sports,639,618,0.9671361502347418
3904,business,611,605,0.9901800327332242
11062,sports,98,85,0.8673469387755102
8006,sports,119,110,0.9243697478991597
5719,sports,514,510,0.9922178988326849
4056,sports,519,501,0.9653179190751445
7579,sports,986,977,0.9908722109533469
3806,sports,684,675,0.9868421052631579
1948,sports,434,422,0.9723502304147466
9634,sports,473,473,1.0
8399,politics,1246,1216,0.9759229534510433
7106,sports,237,232,0.9789029535864979
6945,sports,770,741,0.9623376623376624
167,sports,621,597,0.961352657004831
8566,politics,656,648,0.9878048780487805
7531,sports,767,744,0.970013037809648
319,sports,842,829,0.9845605700712589
10372,business,576,573,0.9947916666666666
11184,sports,382,367,0.9607329842931938
9397,politics,646,629,0.9736842105263158
908,sports,1124,1084,0.9644128113879004
7523,sports,745,739,0.9919463087248322
739,sports,713,708,0.9929873772791024
879,sports,341,331,0.9706744868035191
975,sports,437,433,0.9908466819221968
10734,sports,127,127,1.0
555,sports,214,213,0.9953271028037384
10991,sports,695,671,0.9654676258992806
9100,politics,629,625,0.9936406995230525
6656,politics,657,642,0.9771689497716894
4466,sports,633,605,0.9557661927330173
8580,sports,965,893,0.9253886010362694
10591,sports,502,490,0.9760956175298805
8743,sports,739,719,0.972936400541272
1224,sports,162,157,0.9691358024691358
6380,sports,551,528,0.9582577132486388
280,business,420,398,0.9476190476190476
9893,sports,608,604,0.993421052631579
10800,politics,823,780,0.9477521263669502
6225,sports,707,654,0.925035360678925
8683,sports,657,650,0.989345509893455
3725,sports,767,744,0.970013037809648
7172,sports,834,804,0.9640287769784173
1758,sports,523,494,0.9445506692160612
10048,business,646,636,0.9845201238390093
3411,politics,876,862,0.9840182648401826
10475,business,278,270,0.9712230215827338
9223,politics,311,311,1.0
1043,sports,293,282,0.962457337883959
5861,sports,707,697,0.9858557284299858
6482,sports,839,814,0.9702026221692491
3971,sports,835,821,0.9832335329341317
4099,sports,108,101,0.9351851851851852
6101,politics,222,218,0.9819819819819819
1850,sports,1293,1277,0.9876256767208044
11092,sports,759,736,0.9696969696969697
7794,sports,695,669,0.962589928057554
4102,sports,842,810,0.9619952494061758
3722,sports,790,747,0.9455696202531646
8165,sports,866,838,0.9676674364896074
11238,business,736,718,0.9755434782608695
7737,sports,631,604,0.9572107765451664
664,sports,829,824,0.9939686369119421
5254,sports,311,309,0.9935691318327974
6494,politics,796,753,0.9459798994974874
4859,sports,360,352,0.9777777777777777
8694,sports,303,298,0.9834983498349835
3300,sports,858,838,0.9766899766899767
5554,politics,656,631,0.961890243902439
9541,sports,365,361,0.989041095890411
4517,sports,39,39,1.0
5827,politics,705,675,0.9574468085106383
11347,sports,195,188,0.9641025641025641
398,business,597,569,0.9530988274706867
746,sports,270,266,0.9851851851851852
3824,business,338,333,0.985207100591716
4858,sports,473,465,0.9830866807610994
8663,sports,415,398,0.9590361445783132
6302,business,662,637,0.9622356495468278
1027,sports,743,726,0.9771197846567967
1350,sports,428,416,0.9719626168224299
8539,business,576,562,0.9756944444444444
8842,sports,753,727,0.9654714475431607
10753,sports,786,774,0.9847328244274809
6201,politics,696,690,0.9913793103448276
2959,business,448,444,0.9910714285714286
2525,business,468,464,0.9914529914529915
8004,politics,819,806,0.9841269841269841
9610,sports,724,712,0.9834254143646409
5720,politics,725,723,0.9972413793103448
4782,sports,919,885,0.9630032644178455
1575,sports,808,805,0.9962871287128713
3974,sports,695,692,0.99568345323741
10755,sports,781,767,0.9820742637644047
4716,business,721,712,0.9875173370319001
1149,politics,668,644,0.9640718562874252
10249,sports,138,134,0.9710144927536232
8086,sports,851,833,0.9788484136310224
4650,sports,903,866,0.9590254706533776
9887,politics,621,605,0.9742351046698873
2112,sports,884,854,0.9660633484162896
886,sports,309,297,0.9611650485436893
9070,sports,1234,1185,0.960291734197731
5772,sports,818,799,0.9767726161369193
925,sports,839,790,0.9415971394517283
1289,sports,784,766,0.9770408163265306
10279,sports,955,911,0.9539267015706806
6167,sports,711,701,0.9859353023909986
3124,sports,303,286,0.9438943894389439
6705,sports,582,556,0.9553264604810997
8916,sports,700,688,0.9828571428571429
3079,politics,586,568,0.9692832764505119
2516,sports,435,427,0.9816091954022989
6364,sports,965,947,0.9813471502590674
10631,sports,283,273,0.9646643109540636
383,sports,326,321,0.9846625766871165
4394,sports,580,558,0.9620689655172414
11318,sports,400,377,0.9425
7641,sports,1054,1030,0.9772296015180265
6193,politics,901,894,0.9922308546059934
3935,business,239,234,0.9790794979079498
2857,sports,521,516,0.9904030710172744
4148,sports,717,693,0.9665271966527197
130,sports,545,532,0.9761467889908257
4060,politics,497,490,0.9859154929577465
9466,sports,275,269,0.9781818181818182
3694,politics,510,504,0.9882352941176471
3183,politics,560,548,0.9785714285714285
76,sports,520,498,0.9576923076923077
3168,business,672,646,0.9613095238095238
644,sports,161,158,0.9813664596273292
5627,sports,408,385,0.9436274509803921
8024,business,539,533,0.9888682745825603
7651,sports,846,834,0.9858156028368794
10391,sports,712,688,0.9662921348314607
4635,sports,715,680,0.951048951048951
5074,sports,813,784,0.964329643296433
9524,sports,801,784,0.978776529338327
10320,business,706,697,0.9872521246458924
11253,sports,360,337,0.9361111111111111
3717,politics,614,589,0.9592833876221498
6896,sports,565,558,0.9876106194690265
1919,sports,616,599,0.9724025974025974
4749,sports,813,783,0.9630996309963099
5394,sports,523,507,0.9694072657743786
7253,sports,531,528,0.9943502824858758
9096,sports,690,671,0.972463768115942
8212,sports,761,740,0.9724047306176085
5195,politics,501,480,0.9580838323353293
7294,business,434,432,0.9953917050691244
8613,sports,798,780,0.9774436090225563
978,sports,104,103,0.9903846153846154
8463,sports,148,145,0.9797297297297297
3612,sports,706,686,0.9716713881019831
5721,sports,902,885,0.9811529933481153
5411,sports,607,591,0.9736408566721582
5472,sports,405,394,0.9728395061728395
10117,sports,756,737,0.9748677248677249
10062,sports,598,580,0.9698996655518395
708,business,694,675,0.9726224783861671
2807,politics,910,897,0.9857142857142858
6517,sports,451,424,0.9401330376940134
194,sports,528,508,0.9621212121212122
4566,sports,840,811,0.9654761904761905
8810,sports,448,423,0.9441964285714286
149,sports,302,293,0.9701986754966887
3484,sports,720,696,0.9666666666666667
6748,sports,290,278,0.9586206896551724
10421,sports,1004,986,0.9820717131474104
1920,sports,576,564,0.9791666666666666
4762,sports,764,746,0.9764397905759162
8667,sports,100,95,0.95
9525,sports,733,722,0.984993178717599
5342,sports,931,923,0.99140708915145
1747,sports,223,217,0.9730941704035875
5357,politics,943,911,0.9660657476139979
5077,sports,715,698,0.9762237762237762
10455,business,788,754,0.9568527918781726
5459,sports,735,721,0.9809523809523809
8278,sports,837,816,0.974910394265233
9736,politics,915,875,0.9562841530054644
8242,politics,659,649,0.9848254931714719
3082,politics,565,547,0.968141592920354
9427,sports,730,720,0.9863013698630136
113,sports,413,399,0.9661016949152542
10047,sports,854,825,0.9660421545667447
7976,sports,982,970,0.9877800407331976
10207,business,784,758,0.9668367346938775
1359,sports,146,144,0.9863013698630136
8249,sports,1002,974,0.9720558882235529
7590,sports,725,709,0.9779310344827586
1178,sports,473,469,0.9915433403805497
1399,sports,277,272,0.9819494584837545
11102,business,896,867,0.9676339285714286
5057,sports,826,808,0.9782082324455206
5433,sports,365,351,0.9616438356164384
2022,business,756,749,0.9907407407407407
35,politics,788,779,0.9885786802030457
8551,sports,653,639,0.9785604900459418
4425,sports,936,927,0.9903846153846154
4041,sports,799,791,0.9899874843554443
7246,politics,1035,1009,0.9748792270531401
10382,sports,589,569,0.966044142614601
9045,sports,825,801,0.9709090909090909
11101,business,447,442,0.9888143176733781
261,sports,398,379,0.9522613065326633
5890,politics,636,608,0.9559748427672956
4141,politics,825,798,0.9672727272727273
1528,sports,155,148,0.9548387096774194
3125,sports,1076,1058,0.983271375464684
4228,politics,551,522,0.9473684210526315
4538,sports,551,533,0.9673321234119783
1592,business,857,832,0.970828471411902
3921,sports,332,312,0.9397590361445783
2622,sports,687,667,0.9708879184861717
10884,business,607,601,0.9901153212520593
4940,sports,517,506,0.9787234042553191
5487,sports,879,867,0.9863481228668942
9954,business,526,520,0.9885931558935361
10618,sports,673,636,0.9450222882615156
4377,sports,131,131,1.0
4567,politics,671,653,0.9731743666169895
4381,sports,560,551,0.9839285714285714
7928,politics,916,900,0.982532751091703
9977,sports,888,876,0.9864864864864865
247,sports,210,197,0.9380952380952381
2422,sports,242,230,0.9504132231404959
775,sports,774,760,0.9819121447028424
11313,sports,673,636,0.9450222882615156
603,business,687,653,0.950509461426492
10464,sports,922,899,0.9750542299349241
3278,sports,764,750,0.981675392670157
6772,business,478,468,0.9790794979079498
2582,business,825,811,0.983030303030303
3242,sports,484,469,0.96900826446281
4687,sports,140,127,0.9071428571428571
11183,sports,656,625,0.9527439024390244
3150,politics,766,754,0.9843342036553525
3858,sports,573,566,0.987783595113438
1657,sports,150,133,0.8866666666666667
10120,sports,357,350,0.9803921568627451
7986,sports,671,669,0.9970193740685543
9857,sports,409,404,0.9877750611246944
7110,sports,710,679,0.956338028169014
10545,sports,1031,996,0.9660523763336566
7330,sports,919,886,0.9640914036996736
7266,sports,1025,1015,0.9902439024390244
3182,sports,762,747,0.9803149606299213
8502,sports,910,902,0.9912087912087912
5635,politics,573,562,0.9808027923211169
8768,sports,640,627,0.9796875
1235,sports,881,859,0.9750283768444948
10536,politics,805,795,0.9875776397515528
732,sports,167,166,0.9940119760479041
5243,sports,904,874,0.9668141592920354
3029,sports,104,99,0.9519230769230769
11342,sports,691,684,0.9898697539797395
9652,sports,402,390,0.9701492537313433
2580,sports,1269,1219,0.9605988967691096
9962,sports,380,368,0.968421052631579
6780,sports,80,72,0.9
5678,sports,265,255,0.9622641509433962
11159,sports,648,611,0.9429012345679012
3319,sports,626,611,0.9760383386581469
2407,sports,776,766,0.9871134020618557
10221,sports,282,277,0.9822695035460993
9662,sports,391,370,0.9462915601023018
6383,sports,495,486,0.9818181818181818
1251,sports,561,555,0.9893048128342246
7844,politics,754,723,0.9588859416445623
5899,sports,907,891,0.9823594266813671
10520,sports,678,652,0.9616519174041298
7591,business,255,245,0.9607843137254902
4739,business,611,592,0.9689034369885434
6871,business,488,485,0.9938524590163934
1285,sports,401,398,0.9925187032418953
8584,sports,852,841,0.9870892018779343
1506,sports,272,269,0.9889705882352942
8420,sports,2097,2026,0.966142107773009
5658,sports,599,560,0.9348914858096828
4182,sports,601,574,0.9550748752079867
9316,business,737,720,0.9769335142469471
6094,sports,665,618,0.9293233082706767
943,sports,610,601,0.9852459016393442
2004,sports,518,500,0.9652509652509652
5625,sports,110,107,0.9727272727272728
5986,business,259,256,0.9884169884169884
7351,sports,618,612,0.9902912621359223
8229,politics,1011,977,0.9663699307616221
9784,sports,659,647,0.9817905918057663
9740,sports,481,476,0.9896049896049897
1403,business,631,618,0.9793977812995246
11377,sports,1071,1062,0.9915966386554622
9729,politics,386,366,0.9481865284974094
8197,business,571,565,0.989492119089317
579,sports,709,689,0.9717912552891397
10057,sports,917,863,0.9411123227917121
9552,business,555,549,0.9891891891891892
1721,sports,518,504,0.972972972972973
5722,sports,757,738,0.9749009247027741
9523,business,873,858,0.9828178694158075
8380,sports,539,522,0.9684601113172542
7166,sports,713,699,0.9803646563814866
8618,sports,919,889,0.9673558215451578
4165,sports,905,887,0.980110497237569
1039,sports,382,378,0.9895287958115183
6183,sports,1152,1118,0.9704861111111112
10802,sports,1021,996,0.9755142017629774
3821,sports,673,630,0.9361069836552749
7164,sports,414,394,0.9516908212560387
9816,sports,751,746,0.9933422103861518
10262,sports,248,230,0.9274193548387096
6630,sports,634,609,0.9605678233438486
691,sports,731,692,0.9466484268125855
5376,sports,747,727,0.9732262382864793
98,sports,455,427,0.9384615384615385
1768,sports,921,854,0.9272529858849077
5555,business,730,716,0.9808219178082191
8324,sports,437,432,0.988558352402746
3279,business,688,675,0.9811046511627907
8644,sports,903,891,0.9867109634551495
4061,sports,942,906,0.9617834394904459
4493,politics,742,733,0.9878706199460916
3020,sports,481,477,0.9916839916839917
2156,sports,99,92,0.9292929292929293
5004,sports,513,481,0.9376218323586745
6127,politics,690,672,0.9739130434782609
7205,business,263,260,0.9885931558935361
4343,business,264,260,0.9848484848484849
9503,sports,364,348,0.9560439560439561
4386,sports,414,397,0.9589371980676329
10952,business,869,861,0.9907940161104718
3759,business,486,485,0.9979423868312757
2359,sports,319,295,0.9247648902821317
7751,sports,971,937,0.964984552008239
1084,business,689,681,0.988388969521045
4682,politics,653,646,0.9892802450229708
4686,politics,640,617,0.9640625
7665,sports,657,646,0.9832572298325722
3657,sports,687,660,0.9606986899563319
9293,politics,807,788,0.976456009913259
5239,sports,424,412,0.9716981132075472
9852,sports,1130,1107,0.9796460176991151
5512,sports,362,347,0.9585635359116023
3644,politics,1103,1087,0.985494106980961
4046,politics,951,903,0.9495268138801262
3845,sports,185,180,0.972972972972973
5460,sports,504,488,0.9682539682539683
11420,sports,482,480,0.995850622406639
8617,sports,138,133,0.9637681159420289
4653,business,722,711,0.9847645429362881
1569,business,410,398,0.9707317073170731
405,sports,576,565,0.9809027777777778
9452,politics,675,657,0.9733333333333334
6102,sports,679,670,0.9867452135493373
5696,sports,589,568,0.9643463497453311
83,sports,386,373,0.966321243523316
580,sports,615,607,0.9869918699186991
11136,sports,1190,1169,0.9823529411764705
6931,sports,843,838,0.9940688018979834
3436,politics,644,625,0.9704968944099379
4590,sports,900,881,0.9788888888888889
2730,politics,716,693,0.9678770949720671
5067,sports,166,165,0.9939759036144579
88,sports,326,317,0.9723926380368099
10855,sports,760,749,0.9855263157894737
9539,sports,891,864,0.9696969696969697
4357,business,543,532,0.9797421731123389
8626,politics,286,281,0.9825174825174825
4306,sports,637,632,0.9921507064364207
11137,business,694,690,0.9942363112391931
7534,sports,673,659,0.9791976225854383
6665,politics,1012,948,0.9367588932806324
7713,sports,431,419,0.9721577726218097
9894,sports,496,487,0.9818548387096774
9472,sports,820,819,0.998780487804878
7526,sports,635,623,0.9811023622047244
7043,sports,884,833,0.9423076923076923
919,sports,866,814,0.9399538106235565
616,sports,150,145,0.9666666666666667
6275,politics,737,714,0.9687924016282226
5392,sports,919,889,0.9673558215451578
9884,politics,752,734,0.976063829787234
1431,sports,526,510,0.9695817490494296
1548,sports,215,206,0.958139534883721
11146,sports,660,640,0.9696969696969697
415,sports,667,646,0.9685157421289355
2082,politics,804,789,0.9813432835820896
2941,sports,368,349,0.9483695652173914
8389,business,629,625,0.9936406995230525
2041,politics,457,444,0.9715536105032823
4786,business,282,277,0.9822695035460993
4931,sports,364,341,0.9368131868131868
5505,sports,500,471,0.942
3543,sports,842,811,0.9631828978622328
11234,business,445,431,0.9685393258426966
5247,business,979,967,0.9877425944841676
268,sports,613,596,0.9722675367047309
11065,business,367,356,0.9700272479564033
3680,sports,678,651,0.9601769911504425
11425,sports,272,261,0.9595588235294118
9548,business,1020,1003,0.9833333333333333
6677,sports,878,854,0.9726651480637813
734,sports,806,773,0.9590570719602978
3206,business,410,406,0.9902439024390244
10334,politics,689,679,0.9854862119013063
11259,sports,200,190,0.95
5008,sports,225,220,0.9777777777777777
8022,politics,1001,980,0.9790209790209791
5648,sports,526,511,0.9714828897338403
6515,sports,407,405,0.995085995085995
4323,politics,947,933,0.9852164730728616
8146,sports,533,522,0.9793621013133208
9645,sports,827,806,0.9746070133010882
6021,sports,791,765,0.9671302149178256
8099,sports,290,289,0.996551724137931
2624,sports,607,577,0.9505766062602965
1000,sports,870,860,0.9885057471264368
7661,politics,865,822,0.9502890173410404
2103,sports,860,835,0.9709302325581395
6124,sports,855,841,0.9836257309941521
9737,sports,366,358,0.9781420765027322
4507,sports,948,919,0.9694092827004219
5773,sports,110,103,0.9363636363636364
10654,sports,457,443,0.9693654266958425
3496,sports,852,819,0.9612676056338029
7381,politics,570,551,0.9666666666666667
1234,sports,297,282,0.9494949494949495
1716,sports,864,816,0.9444444444444444
3662,sports,713,683,0.9579242636746143
3853,politics,684,663,0.9692982456140351
7425,politics,646,630,0.9752321981424149
4169,sports,685,662,0.9664233576642336
10571,politics,319,314,0.9843260188087775
7961,sports,548,525,0.958029197080292
2815,sports,574,558,0.9721254355400697
8118,sports,760,736,0.968421052631579
9295,sports,63,63,1.0
7913,business,590,583,0.988135593220339
3894,sports,261,261,1.0
1356,sports,564,557,0.9875886524822695
2906,sports,637,619,0.9717425431711146
5393,politics,761,755,0.9921156373193167
11516,sports,922,906,0.982646420824295
634,sports,204,201,0.9852941176470589
9675,politics,751,731,0.9733688415446072
8261,sports,888,881,0.9921171171171171
7337,sports,495,466,0.9414141414141414
2388,sports,110,103,0.9363636363636364
5303,sports,1090,1064,0.9761467889908257
9455,sports,754,734,0.9734748010610079
9304,sports,715,705,0.986013986013986
10593,politics,663,651,0.9819004524886877
9966,politics,709,703,0.9915373765867419
9479,sports,132,131,0.9924242424242424
45,sports,179,163,0.9106145251396648
9985,sports,129,129,1.0
3409,sports,782,764,0.9769820971867008
9948,politics,505,499,0.9881188118811881
1893,business,908,893,0.9834801762114538
10110,sports,717,687,0.9581589958158996
6709,politics,898,889,0.9899777282850779
10806,sports,832,792,0.9519230769230769
5216,business,1264,1249,0.9881329113924051
9017,sports,503,481,0.9562624254473161
2433,sports,190,186,0.9789473684210527
747,sports,659,642,0.9742033383915023
9911,sports,742,719,0.9690026954177897
5844,sports,688,672,0.9767441860465116
2997,politics,620,595,0.9596774193548387
2097,sports,706,695,0.9844192634560907
4524,politics,471,454,0.9639065817409767
8362,business,871,850,0.9758897818599311
2090,sports,577,571,0.9896013864818024
1681,sports,513,503,0.9805068226120858
6052,sports,865,828,0.9572254335260115
8872,sports,696,661,0.9497126436781609
811,sports,576,564,0.9791666666666666
4261,sports,770,750,0.974025974025974
3509,sports,780,759,0.9730769230769231
3587,sports,601,565,0.940099833610649
11067,business,802,750,0.9351620947630923
8574,business,654,625,0.9556574923547401
3595,sports,664,651,0.9804216867469879
4663,sports,309,297,0.9611650485436893
11108,business,617,595,0.9643435980551054
10108,sports,982,967,0.984725050916497
3684,politics,120,114,0.95
10285,sports,740,723,0.977027027027027
10670,sports,124,120,0.967741935483871
2853,sports,417,411,0.9856115107913669
7310,sports,725,722,0.9958620689655172
6558,sports,719,707,0.9833101529902643
7671,sports,465,440,0.946236559139785
4638,sports,681,678,0.9955947136563876
4469,sports,614,593,0.9657980456026058
5126,sports,606,597,0.9851485148514851
6166,sports,943,913,0.968186638388123
6876,politics,120,119,0.9916666666666667
9755,business,193,191,0.9896373056994818
7324,politics,563,552,0.9804618117229129
3209,politics,468,427,0.9123931623931624
8608,sports,437,423,0.9679633867276888
6673,sports,733,709,0.9672578444747613
10499,sports,688,674,0.9796511627906976
1673,sports,544,526,0.9669117647058824
6541,sports,553,547,0.9891500904159132
10032,sports,734,715,0.9741144414168937
7367,sports,568,558,0.9823943661971831
1744,sports,556,526,0.9460431654676259
2904,sports,457,434,0.949671772428884
9499,sports,680,671,0.986764705882353
205,sports,188,180,0.9574468085106383
10312,sports,752,719,0.9561170212765957
2746,politics,732,715,0.976775956284153
1,sports,804,771,0.9589552238805971
9722,sports,812,794,0.9778325123152709
3677,politics,961,934,0.9719042663891779
10084,sports,244,233,0.9549180327868853
5502,sports,433,427,0.9861431870669746
5405,business,351,349,0.9943019943019943
2054,politics,1018,987,0.9695481335952849
5299,sports,470,455,0.9680851063829787
8570,sports,803,765,0.9526774595267746
6196,sports,742,727,0.9797843665768194
1120,sports,622,608,0.977491961414791
4422,sports,758,745,0.9828496042216359
11211,sports,304,297,0.9769736842105263
9495,politics,823,801,0.9732685297691372
2977,sports,112,108,0.9642857142857143
2157,business,714,708,0.9915966386554622
9724,sports,456,440,0.9649122807017544
9130,sports,2798,2695,0.9631879914224446
2497,sports,232,227,0.978448275862069
10042,sports,273,270,0.989010989010989
8101,sports,829,817,0.985524728588661
4519,sports,493,474,0.9614604462474645
10052,sports,309,300,0.970873786407767
2211,business,623,617,0.9903691813804173
6580,sports,572,554,0.9685314685314685
10300,politics,624,599,0.9599358974358975
3050,sports,257,252,0.980544747081712
5894,sports,646,610,0.9442724458204335
7147,business,296,284,0.9594594594594594
10427,sports,593,563,0.9494097807757167
5373,sports,735,712,0.9687074829931973
6523,sports,815,803,0.9852760736196319
3692,sports,1185,1172,0.9890295358649789
4529,sports,964,955,0.9906639004149378
6771,sports,570,564,0.9894736842105263
5377,business,877,865,0.9863169897377423
6612,sports,547,533,0.9744058500914077
9997,sports,717,688,0.9595536959553695
10850,sports,685,665,0.9708029197080292
611,sports,341,326,0.9560117302052786
10051,sports,1307,1277,0.9770466717674062
684,sports,540,534,0.9888888888888889
6325,sports,783,757,0.966794380587484
199,sports,941,895,0.9511158342189161
5689,sports,742,736,0.9919137466307277
7979,sports,576,562,0.9756944444444444
3588,sports,291,289,0.993127147766323
9187,business,916,876,0.9563318777292577
8858,sports,739,725,0.9810554803788903
10883,sports,792,779,0.9835858585858586
10688,sports,372,371,0.9973118279569892
510,sports,773,740,0.9573091849935317
3928,sports,500,482,0.964
7861,sports,246,242,0.983739837398374
9544,sports,249,239,0.9598393574297188
2520,business,354,352,0.9943502824858758
839,business,532,518,0.9736842105263158
2646,sports,573,550,0.9598603839441536
4701,sports,412,396,0.9611650485436893
11254,sports,299,290,0.9698996655518395
6875,sports,677,666,0.983751846381093
626,business,711,670,0.9423347398030942
4082,sports,1023,996,0.9736070381231672
7613,sports,479,463,0.9665970772442589
2806,sports,602,592,0.9833887043189369
5281,business,152,144,0.9473684210526315
6883,sports,849,825,0.9717314487632509
9987,sports,882,864,0.9795918367346939
2614,business,656,634,0.9664634146341463
3226,sports,771,756,0.980544747081712
3766,business,373,360,0.9651474530831099
9823,sports,598,594,0.9933110367892977
3586,sports,872,848,0.9724770642201835
8518,sports,662,648,0.9788519637462235
6564,sports,343,336,0.9795918367346939
11256,business,760,744,0.9789473684210527
1372,sports,541,531,0.9815157116451017
7338,sports,645,631,0.9782945736434109
2910,sports,666,638,0.9579579579579579
170,sports,644,623,0.967391304347826
5940,sports,964,926,0.9605809128630706
262,sports,227,223,0.9823788546255506
9409,business,564,551,0.9769503546099291
4620,business,623,583,0.9357945425361156
4996,business,629,621,0.9872813990461049
2206,sports,224,224,1.0
5702,sports,500,469,0.938
2483,sports,158,148,0.9367088607594937
5320,sports,592,577,0.9746621621621622
4823,business,1073,1063,0.9906803355079217
934,sports,704,675,0.9588068181818182
1194,sports,985,961,0.9756345177664975
11149,sports,830,801,0.9650602409638555
3387,sports,730,697,0.9547945205479452
6857,sports,789,773,0.9797211660329531
2985,business,1212,1172,0.966996699669967
3721,sports,690,657,0.9521739130434783
6277,sports,452,440,0.9734513274336283
8751,business,915,871,0.9519125683060109
7057,business,1096,1076,0.9817518248175182
3100,sports,370,362,0.9783783783783784
4340,sports,889,863,0.9707536557930259
11435,sports,859,836,0.9732246798603027
7077,sports,244,232,0.9508196721311475
5495,sports,171,169,0.9883040935672515
187,sports,754,730,0.9681697612732095
1809,politics,787,765,0.9720457433290979
9873,sports,413,402,0.9733656174334141
26,sports,940,895,0.9521276595744681
10448,sports,952,918,0.9642857142857143
8765,business,487,485,0.9958932238193019
31,sports,123,117,0.9512195121951219
7904,politics,688,677,0.9840116279069767
2739,sports,908,891,0.9812775330396476
10185,sports,484,479,0.9896694214876033
8332,politics,546,529,0.9688644688644689
2822,sports,400,385,0.9625
1509,business,457,433,0.9474835886214442
8020,sports,688,671,0.9752906976744186
9092,sports,484,468,0.9669421487603306
7117,sports,113,113,1.0
2496,sports,431,420,0.974477958236659
8431,sports,1273,1248,0.9803613511390417
2449,sports,820,805,0.9817073170731707
3561,business,1176,1157,0.983843537414966
4797,politics,777,748,0.9626769626769627
9726,sports,823,785,0.9538274605103281
6503,politics,678,659,0.971976401179941
7517,sports,489,473,0.967280163599182
11437,sports,278,269,0.9676258992805755
10019,sports,390,369,0.9461538461538461
2259,business,680,646,0.95
7121,politics,862,832,0.9651972157772621
3641,sports,902,883,0.9789356984478935
3897,sports,811,792,0.9765721331689272
3173,politics,381,369,0.968503937007874
116,sports,859,827,0.9627473806752037
4617,sports,949,912,0.9610115911485775
5961,sports,711,701,0.9859353023909986
3523,politics,348,334,0.9597701149425287
2229,business,686,667,0.9723032069970845
7522,sports,372,358,0.9623655913978495
11054,business,447,431,0.9642058165548099
4865,politics,899,882,0.9810901001112347
6557,politics,305,288,0.9442622950819672
6619,sports,403,402,0.9975186104218362
3549,business,954,934,0.9790356394129979
4506,sports,948,909,0.9588607594936709
8243,business,814,806,0.9901719901719902
10313,sports,792,755,0.9532828282828283
143,sports,754,730,0.9681697612732095
1805,sports,422,408,0.966824644549763
2930,sports,444,422,0.9504504504504504
42,sports,471,448,0.9511677282377919
11123,business,778,765,0.9832904884318766
4886,politics,917,885,0.965103598691385
1981,sports,819,808,0.9865689865689866
6850,politics,769,744,0.9674902470741222
10732,sports,873,862,0.9873997709049256
5838,sports,688,645,0.9375
5931,sports,334,322,0.9640718562874252
4570,sports,699,669,0.9570815450643777
1035,sports,423,402,0.950354609929078
2722,sports,970,943,0.9721649484536082
9636,sports,611,588,0.9623567921440261
293,business,599,559,0.9332220367278798
11368,sports,727,690,0.9491059147180193
7521,sports,420,407,0.969047619047619
8382,politics,756,710,0.9391534391534392
9980,sports,589,565,0.9592529711375212
5148,business,936,932,0.9957264957264957
4038,sports,885,871,0.984180790960452
1570,sports,547,527,0.9634369287020109
1895,business,721,701,0.9722607489597781
4939,sports,953,913,0.9580272822665268
9166,politics,1257,1237,0.9840891010342084
7208,sports,121,121,1.0
2641,business,652,633,0.9708588957055214
1605,sports,179,173,0.9664804469273743
7049,sports,936,911,0.9732905982905983
5014,sports,871,839,0.9632606199770379
8593,sports,834,821,0.9844124700239808
9350,sports,919,904,0.9836779107725789
5122,sports,660,647,0.9803030303030303
10870,sports,762,744,0.9763779527559056
3876,sports,728,718,0.9862637362637363
248,business,594,583,0.9814814814814815
5618,sports,748,707,0.9451871657754011
7150,sports,478,471,0.9853556485355649
872,sports,485,481,0.9917525773195877
6090,politics,668,666,0.9970059880239521
10373,sports,2373,2298,0.9683944374209861
6680,sports,772,751,0.9727979274611399
2551,business,435,407,0.9356321839080459
10557,sports,188,185,0.9840425531914894
2481,business,618,606,0.9805825242718447
10125,politics,604,586,0.9701986754966887
6927,politics,481,470,0.9771309771309772
6631,sports,800,785,0.98125
114,sports,240,230,0.9583333333333334
1447,sports,709,696,0.9816643159379408
384,sports,268,251,0.9365671641791045
1762,sports,605,579,0.9570247933884297
610,sports,701,699,0.9971469329529244
3961,sports,371,370,0.9973045822102425
4861,business,632,601,0.9509493670886076
2242,sports,249,240,0.963855421686747
3334,politics,701,689,0.9828815977175464
11310,sports,969,942,0.9721362229102167
5478,sports,804,782,0.972636815920398
1213,sports,882,838,0.9501133786848073
6412,business,585,582,0.9948717948717949
2369,business,171,164,0.9590643274853801
6856,sports,437,422,0.965675057208238
2917,politics,791,753,0.9519595448798989
8200,sports,489,486,0.9938650306748467
3679,sports,259,248,0.9575289575289575
2093,sports,174,166,0.9540229885057471
9461,sports,879,856,0.9738339021615472
6696,sports,504,492,0.9761904761904762
10703,sports,618,605,0.9789644012944984
2190,sports,690,655,0.9492753623188406
11413,sports,358,353,0.9860335195530726
3289,business,291,279,0.9587628865979382
10024,sports,460,456,0.991304347826087
8773,sports,673,658,0.9777117384843982
2126,sports,564,549,0.973404255319149
8947,sports,553,552,0.9981916817359855
6785,sports,714,681,0.9537815126050421
4281,business,593,576,0.9713322091062394
1990,sports,918,890,0.9694989106753813
7755,sports,805,763,0.9478260869565217
1104,sports,832,806,0.96875
4447,business,451,444,0.9844789356984479
8521,sports,381,378,0.9921259842519685
621,sports,434,423,0.9746543778801844
8337,business,327,326,0.9969418960244648
8456,sports,739,718,0.9715832205683356
8996,business,222,215,0.9684684684684685
3446,sports,272,262,0.9632352941176471
10485,sports,828,812,0.9806763285024155
2301,sports,174,169,0.9712643678160919
4178,sports,871,850,0.9758897818599311
1620,sports,267,259,0.9700374531835206
10026,politics,778,756,0.9717223650385605
1105,sports,759,735,0.9683794466403162
4926,sports,656,629,0.9588414634146342
10612,sports,744,705,0.9475806451612904
9014,sports,558,541,0.9695340501792115
5009,business,306,304,0.9934640522875817
7332,politics,714,680,0.9523809523809523
6621,sports,768,752,0.9791666666666666
963,sports,952,942,0.9894957983193278
3027,sports,630,599,0.9507936507936507
543,sports,517,494,0.9555125725338491
5698,sports,398,380,0.9547738693467337
2233,sports,265,252,0.9509433962264151
3642,sports,478,460,0.9623430962343096
9247,sports,898,887,0.987750556792873
1037,sports,485,479,0.9876288659793815
7061,sports,740,728,0.9837837837837838
4773,sports,709,703,0.9915373765867419
4111,sports,642,629,0.9797507788161994
6080,sports,1013,983,0.9703849950641659
1222,sports,775,758,0.9780645161290322
5759,business,513,498,0.9707602339181286
3712,sports,664,659,0.9924698795180723
387,business,745,714,0.9583892617449664
9536,sports,614,588,0.9576547231270358
3356,sports,1051,1031,0.9809705042816366
4283,sports,644,610,0.9472049689440993
10781,sports,741,728,0.9824561403508771
10576,politics,1142,1113,0.9746059544658494
9175,sports,628,614,0.9777070063694268
4288,sports,491,468,0.9531568228105907
5873,sports,871,859,0.9862227324913893
8143,sports,684,672,0.9824561403508771
10124,politics,856,835,0.9754672897196262
1866,business,523,522,0.9980879541108987
7507,sports,639,600,0.9389671361502347
1424,sports,317,309,0.9747634069400631
911,sports,786,766,0.9745547073791349
3594,sports,692,678,0.9797687861271677
2464,sports,139,136,0.9784172661870504
10273,sports,350,348,0.9942857142857143
4796,sports,916,893,0.9748908296943232
9547,politics,768,762,0.9921875
8194,sports,504,503,0.998015873015873
3113,sports,675,668,0.9896296296296296
9830,sports,778,748,0.961439588688946
1185,sports,362,357,0.9861878453038674
4229,sports,671,662,0.9865871833084948
164,sports,172,171,0.9941860465116279
8067,business,220,219,0.9954545454545455
7884,sports,810,793,0.9790123456790123
7291,business,725,702,0.9682758620689655
295,business,632,612,0.9683544303797469
7571,sports,767,757,0.9869621903520208
3576,sports,550,542,0.9854545454545455
6256,sports,484,477,0.9855371900826446
7096,politics,822,803,0.9768856447688564
1860,business,885,863,0.9751412429378531
2690,sports,564,562,0.9964539007092199
8124,sports,627,606,0.9665071770334929
6885,sports,1046,1018,0.9732313575525813
1195,sports,395,381,0.9645569620253165
1611,sports,247,239,0.9676113360323887
6290,sports,297,289,0.9730639730639731
3756,sports,656,617,0.9405487804878049
5403,sports,960,936,0.975
3133,business,481,471,0.9792099792099792
10001,sports,540,512,0.9481481481481482
11339,sports,711,688,0.9676511954992968
9115,sports,576,556,0.9652777777777778
5965,sports,415,396,0.9542168674698795
9068,sports,840,829,0.986904761904762
3557,sports,930,910,0.978494623655914
8131,politics,869,859,0.9884925201380897
10975,sports,978,961,0.9826175869120655
3979,sports,802,780,0.972568578553616
10186,sports,766,749,0.9778067885117493
10970,sports,729,692,0.9492455418381345
491,business,779,758,0.9730423620025674
4912,politics,607,581,0.957166392092257
6911,sports,130,122,0.9384615384615385
5480,politics,558,546,0.978494623655914
8255,politics,659,641,0.9726858877086495
935,business,620,609,0.9822580645161291
3520,sports,708,692,0.9774011299435028
10909,business,233,230,0.9871244635193133
4313,business,511,504,0.9863013698630136
6407,business,710,695,0.9788732394366197
2401,sports,260,251,0.9653846153846154
2477,sports,786,755,0.960559796437659
10950,sports,328,311,0.948170731707317
10577,sports,665,632,0.9503759398496241
927,sports,72,68,0.9444444444444444
11476,sports,527,510,0.967741935483871
5424,sports,340,326,0.9588235294117647
4192,politics,998,984,0.9859719438877755
2330,business,633,626,0.9889415481832543
2643,sports,361,352,0.9750692520775623
11453,sports,538,530,0.9851301115241635
4059,sports,388,383,0.9871134020618557
1703,sports,328,314,0.9573170731707317
3314,business,949,931,0.9810326659641728
8222,sports,790,756,0.9569620253164557
710,sports,355,350,0.9859154929577465
10762,sports,1238,1209,0.9765751211631664
3686,politics,919,890,0.9684439608269858
1098,sports,949,926,0.9757639620653319
154,sports,618,571,0.9239482200647249
8079,sports,430,415,0.9651162790697675
9560,sports,474,462,0.9746835443037974
6689,sports,377,363,0.9628647214854111
3707,sports,230,226,0.9826086956521739
8021,business,795,784,0.9861635220125786
4207,politics,93,92,0.989247311827957
7917,sports,456,438,0.9605263157894737
2155,sports,1008,980,0.9722222222222222
5026,sports,169,162,0.9585798816568047
3665,sports,842,803,0.9536817102137767
11479,sports,336,334,0.9940476190476191
2185,sports,628,609,0.9697452229299363
8359,sports,742,728,0.9811320754716981
4510,politics,733,710,0.9686221009549796
6741,sports,848,834,0.9834905660377359
11294,sports,542,513,0.9464944649446494
3252,politics,664,659,0.9924698795180723
4535,sports,751,733,0.9760319573901465
5770,sports,414,401,0.9685990338164251
11218,sports,417,408,0.9784172661870504
9109,sports,753,738,0.9800796812749004
10769,sports,764,755,0.9882198952879581
10923,sports,687,662,0.9636098981077147
9592,sports,447,435,0.9731543624161074
4321,sports,617,585,0.9481361426256077
37,business,422,415,0.9834123222748815
903,sports,843,820,0.9727164887307236
2028,business,651,645,0.9907834101382489
310,sports,360,350,0.9722222222222222
6340,sports,910,881,0.9681318681318681
4842,sports,962,933,0.9698544698544699
503,sports,701,692,0.9871611982881597
8199,sports,691,677,0.9797395079594791
3425,sports,654,643,0.9831804281345565
2963,politics,892,856,0.9596412556053812
9129,sports,925,906,0.9794594594594594
8630,sports,408,403,0.9877450980392157
9584,politics,848,830,0.9787735849056604
8830,sports,605,595,0.9834710743801653
22,business,780,734,0.941025641025641
9604,sports,755,724,0.9589403973509933
4733,sports,697,687,0.9856527977044476
10094,sports,718,696,0.9693593314763231
8046,sports,649,630,0.9707241910631741
1246,business,546,538,0.9853479853479854
10915,sports,434,417,0.9608294930875576
10686,sports,891,871,0.9775533108866442
5723,sports,765,735,0.9607843137254902
1198,sports,701,674,0.9614835948644793
8349,sports,651,623,0.956989247311828
3052,sports,287,281,0.9790940766550522
3449,sports,616,599,0.9724025974025974
6710,politics,706,683,0.9674220963172805
11178,sports,186,179,0.9623655913978495
6308,sports,548,531,0.968978102189781
9880,sports,936,917,0.9797008547008547
1977,sports,262,250,0.9541984732824428
8762,sports,701,685,0.9771754636233951
1252,sports,997,965,0.9679037111334002
9886,sports,601,574,0.9550748752079867
369,sports,821,795,0.9683313032886723
8610,politics,1130,1090,0.9646017699115044
4324,sports,949,929,0.9789251844046365
7082,sports,977,939,0.9611054247697032
10245,sports,543,516,0.9502762430939227
10983,sports,798,757,0.9486215538847118
1564,sports,321,312,0.9719626168224299
1560,sports,134,132,0.9850746268656716
6450,sports,590,562,0.9525423728813559
2762,politics,659,640,0.9711684370257967
5563,sports,972,935,0.9619341563786008
993,sports,566,540,0.9540636042402827
221,sports,1002,960,0.9580838323353293
10702,sports,994,958,0.9637826961770624
5946,sports,533,521,0.9774859287054409
1843,politics,640,621,0.9703125
4455,politics,944,906,0.9597457627118644
7527,sports,393,390,0.9923664122137404
4520,sports,740,697,0.9418918918918919
10220,sports,859,818,0.9522700814901047
8776,sports,644,629,0.9767080745341615
2018,sports,794,784,0.9874055415617129
1558,business,686,662,0.9650145772594753
11104,sports,61,48,0.7868852459016393
4427,sports,856,831,0.9707943925233645
6437,sports,394,382,0.9695431472081218
4504,sports,744,725,0.9744623655913979
7032,sports,978,940,0.9611451942740287
6725,sports,693,682,0.9841269841269841
11020,business,645,626,0.9705426356589147
2640,sports,953,934,0.9800629590766002
11231,sports,917,899,0.9803707742639041
34,sports,92,92,1.0
10346,sports,426,411,0.9647887323943662
2785,politics,581,566,0.9741824440619621
10431,sports,823,793,0.9635479951397327
10998,politics,276,269,0.9746376811594203
5406,sports,779,754,0.9679075738125802
9935,politics,644,634,0.984472049689441
590,sports,311,311,1.0
10808,sports,783,763,0.9744572158365262
517,sports,327,317,0.9694189602446484
10691,sports,951,941,0.9894847528916929
10079,sports,932,884,0.9484978540772532
3599,sports,591,576,0.9746192893401016
10389,sports,672,655,0.9747023809523809
4116,sports,811,799,0.9852034525277436
5150,sports,680,666,0.9794117647058823
9015,sports,840,813,0.9678571428571429
3091,sports,804,785,0.9763681592039801
9926,sports,725,685,0.9448275862068966
6373,sports,299,273,0.9130434782608695
8037,sports,710,693,0.976056338028169
7327,sports,747,716,0.9585006693440429
6304,sports,659,637,0.9666160849772383
8671,sports,325,319,0.9815384615384616
92,sports,66,62,0.9393939393939394
1231,business,578,572,0.9896193771626297
5198,sports,624,611,0.9791666666666666
2560,sports,200,191,0.955
10374,sports,335,328,0.9791044776119403
6169,sports,987,956,0.9685916919959473
5108,sports,775,708,0.9135483870967742
8155,politics,630,597,0.9476190476190476
3061,sports,135,129,0.9555555555555556
4801,business,466,446,0.9570815450643777
3567,sports,739,711,0.9621109607577808
6774,business,114,113,0.9912280701754386
2175,sports,163,156,0.9570552147239264
608,sports,619,591,0.9547657512116317
6134,sports,538,534,0.9925650557620818
2713,politics,881,846,0.960272417707151
11358,sports,764,733,0.9594240837696335
3731,sports,903,880,0.9745293466223699
9083,sports,754,742,0.9840848806366048
3365,politics,483,469,0.9710144927536232
2938,sports,736,721,0.9796195652173914
5449,sports,915,868,0.9486338797814208
1749,sports,437,426,0.9748283752860412
3261,sports,891,845,0.9483726150392817
3603,sports,583,555,0.9519725557461407
7237,sports,547,526,0.9616087751371115
5365,sports,739,726,0.9824086603518268
11504,politics,1137,1123,0.9876868953386104
6675,business,307,296,0.9641693811074918
11241,sports,386,372,0.9637305699481865
2827,sports,136,126,0.9264705882352942
10385,sports,949,927,0.9768177028451
1196,sports,178,174,0.9775280898876404
2199,sports,435,427,0.9816091954022989
4335,sports,743,719,0.9676985195154778
717,sports,419,410,0.9785202863961814
8025,politics,475,466,0.9810526315789474
11177,sports,383,357,0.9321148825065274
7500,sports,968,943,0.9741735537190083
11122,business,617,597,0.9675850891410048
7331,business,655,633,0.966412213740458
10366,business,665,660,0.9924812030075187
1126,business,758,751,0.9907651715039578
9899,sports,651,639,0.9815668202764977
4163,sports,916,888,0.9694323144104804
0,sports,712,690,0.9691011235955056
3838,sports,742,726,0.9784366576819407
8884,sports,954,934,0.9790356394129979
649,sports,516,495,0.9593023255813954
1889,business,853,822,0.9636576787807737
631,sports,635,611,0.9622047244094488
3764,politics,693,689,0.9942279942279942
7715,sports,571,551,0.9649737302977233
1061,sports,161,155,0.9627329192546584
7769,sports,872,849,0.9736238532110092
6108,sports,632,605,0.9572784810126582
8145,sports,929,909,0.9784714747039828
7020,sports,821,806,0.9817295980511571
9141,sports,255,247,0.9686274509803922
5328,sports,368,355,0.9646739130434783
11201,sports,945,926,0.9798941798941799
10657,politics,660,644,0.9757575757575757
5428,sports,590,564,0.9559322033898305
4276,politics,1097,1076,0.9808568824065633
1786,sports,152,151,0.993421052631579
3284,sports,619,599,0.9676898222940227
389,sports,218,204,0.9357798165137615
356,business,606,592,0.976897689768977
9903,politics,630,615,0.9761904761904762
1757,sports,685,671,0.9795620437956204
10151,politics,621,602,0.9694041867954911
5456,sports,888,844,0.9504504504504504
5718,sports,887,867,0.9774520856820744
938,sports,451,424,0.9401330376940134
18,sports,518,502,0.9691119691119691
9080,sports,598,575,0.9615384615384616
4465,sports,503,482,0.9582504970178927
8687,business,595,585,0.9831932773109243
9665,sports,786,758,0.9643765903307888
6059,sports,509,495,0.9724950884086444
508,sports,184,175,0.9510869565217391
2356,business,584,569,0.9743150684931506
2507,sports,492,483,0.9817073170731707
3794,sports,633,619,0.9778830963665087
598,sports,685,658,0.9605839416058394
3283,sports,217,208,0.9585253456221198
8180,sports,519,513,0.9884393063583815
8785,politics,870,860,0.9885057471264368
3553,politics,741,731,0.9865047233468286
3892,sports,856,815,0.9521028037383178
3829,sports,745,717,0.9624161073825503
9215,sports,648,640,0.9876543209876543
9679,sports,128,125,0.9765625
7369,sports,919,904,0.9836779107725789
2671,business,737,717,0.9728629579375848
6185,sports,1117,1077,0.964189794091316
3981,sports,537,531,0.9888268156424581
4384,sports,739,716,0.9688768606224628
554,sports,774,738,0.9534883720930233
1658,sports,113,107,0.9469026548672567
3086,politics,598,591,0.9882943143812709
4911,politics,413,394,0.9539951573849879
770,sports,811,795,0.9802712700369913
10496,sports,621,614,0.9887278582930756
10627,sports,645,639,0.9906976744186047
10635,sports,1117,1081,0.9677708146821844
11027,sports,910,899,0.987912087912088
5260,business,662,646,0.9758308157099698
11331,sports,491,470,0.9572301425661914
7510,sports,936,920,0.9829059829059829
7209,sports,748,737,0.9852941176470589
7592,politics,1073,1055,0.983224603914259
11021,business,381,369,0.968503937007874
8497,politics,1007,984,0.9771598808341608
4970,politics,723,710,0.9820193637621023
9878,business,664,657,0.9894578313253012
10880,sports,914,896,0.9803063457330415
2408,sports,148,141,0.9527027027027027
11354,sports,1150,1112,0.9669565217391304
1444,sports,281,272,0.9679715302491103
11145,sports,626,597,0.9536741214057508
6213,sports,880,849,0.9647727272727272
7997,sports,839,811,0.966626936829559
11094,business,659,651,0.9878603945371776
7700,sports,267,255,0.9550561797752809
4179,sports,498,488,0.9799196787148594
3177,business,729,725,0.9945130315500685
6462,sports,759,744,0.9802371541501976
889,sports,119,116,0.9747899159663865
3117,sports,1414,1347,0.9526166902404526
2064,sports,480,462,0.9625
7115,business,471,464,0.9851380042462845
2177,sports,242,232,0.9586776859504132
3281,politics,653,642,0.9831546707503829
1573,sports,196,175,0.8928571428571429
4667,politics,526,515,0.9790874524714829
10010,business,278,265,0.9532374100719424
2794,sports,753,726,0.9641434262948207
2249,sports,89,86,0.9662921348314607
6902,business,831,804,0.9675090252707581
2140,business,626,593,0.9472843450479234
6382,sports,740,732,0.9891891891891892
4668,sports,470,458,0.9744680851063829
9657,politics,271,268,0.988929889298893
6814,sports,473,456,0.9640591966173362
102,sports,599,579,0.9666110183639399
7662,sports,541,535,0.988909426987061
7255,politics,746,725,0.9718498659517426
128,sports,120,110,0.9166666666666666
4470,sports,384,368,0.9583333333333334
11284,sports,415,407,0.980722891566265
3038,sports,679,659,0.9705449189985272
4364,sports,475,468,0.9852631578947368
6674,sports,906,867,0.956953642384106
1267,sports,927,894,0.9644012944983819
694,business,756,733,0.9695767195767195
9030,sports,587,581,0.989778534923339
6687,sports,691,681,0.9855282199710564
11037,business,291,279,0.9587628865979382
10012,sports,761,757,0.9947437582128777
607,sports,246,242,0.983739837398374
1563,sports,281,275,0.9786476868327402
5078,politics,1012,989,0.9772727272727273
3373,business,502,497,0.9900398406374502
4839,sports,754,735,0.9748010610079576
5475,politics,364,358,0.9835164835164835
11091,sports,846,825,0.975177304964539
1947,business,457,433,0.9474835886214442
7556,sports,1119,1098,0.9812332439678284
2653,sports,693,673,0.9711399711399712
7296,politics,775,757,0.9767741935483871
5600,politics,971,951,0.9794026776519053
9482,sports,586,558,0.9522184300341296
3919,sports,125,122,0.976
11032,sports,339,327,0.9646017699115044
4498,business,840,831,0.9892857142857143
8955,sports,673,654,0.9717682020802377
524,sports,658,634,0.9635258358662614
7225,sports,857,818,0.9544924154025671
1666,sports,131,127,0.9694656488549618
10554,sports,647,630,0.973724884080371
8978,sports,799,763,0.9549436795994993
4295,sports,473,458,0.9682875264270613
7706,sports,643,622,0.9673405909797823
11359,sports,1017,996,0.9793510324483776
10933,sports,708,688,0.9717514124293786
1521,business,499,490,0.9819639278557114
6232,sports,795,766,0.9635220125786164
3208,sports,221,213,0.9638009049773756
6117,sports,779,762,0.9781771501925546
1769,business,902,865,0.958980044345898
7103,sports,135,129,0.9555555555555556
9961,sports,871,850,0.9758897818599311
10213,sports,842,831,0.9869358669833729
7420,sports,558,532,0.953405017921147
8135,sports,974,958,0.9835728952772074
4642,sports,715,708,0.9902097902097902
2724,sports,363,349,0.9614325068870524
5060,politics,770,748,0.9714285714285714
8422,sports,476,450,0.9453781512605042
5151,sports,567,550,0.9700176366843033
9969,business,612,603,0.9852941176470589
10518,sports,612,591,0.9656862745098039
1601,sports,142,133,0.9366197183098591
9557,politics,895,865,0.9664804469273743
8110,sports,661,643,0.972768532526475
6647,sports,1143,1110,0.9711286089238845
5219,sports,394,370,0.9390862944162437
8428,sports,819,790,0.9645909645909646
6106,sports,751,746,0.9933422103861518
8270,sports,987,969,0.9817629179331308
7320,sports,712,687,0.9648876404494382
1122,sports,609,602,0.9885057471264368
7922,sports,572,548,0.958041958041958
9305,sports,269,244,0.9070631970260223
4440,politics,174,169,0.9712643678160919
7120,sports,577,561,0.9722703639514731
9449,sports,756,721,0.9537037037037037
10788,sports,779,745,0.9563543003851092
1760,sports,227,218,0.960352422907489
10458,business,782,754,0.9641943734015346
9793,sports,695,684,0.9841726618705036
3059,politics,714,682,0.9551820728291317
4913,sports,79,73,0.9240506329113924
5714,sports,239,234,0.9790794979079498
578,sports,293,286,0.9761092150170648
7987,sports,837,817,0.97610513739546
6093,sports,789,753,0.9543726235741445
10316,sports,913,894,0.9791894852135816
7632,sports,425,418,0.9835294117647059
3687,sports,718,696,0.9693593314763231
7668,sports,534,522,0.9775280898876404
8964,politics,699,667,0.9542203147353362
7241,sports,394,379,0.9619289340101523
9599,sports,788,771,0.9784263959390863
1549,sports,181,170,0.9392265193370166
7923,sports,603,601,0.9966832504145937
661,sports,594,581,0.9781144781144782
6526,business,691,671,0.9710564399421129
3640,sports,750,737,0.9826666666666667
6976,business,751,732,0.9747003994673769
10947,sports,407,386,0.9484029484029484
9555,business,427,416,0.9742388758782201
6977,sports,429,423,0.986013986013986
936,sports,324,317,0.9783950617283951
6322,politics,451,440,0.975609756097561
5234,sports,563,531,0.9431616341030196
10869,sports,661,640,0.9682299546142209
8918,sports,720,688,0.9555555555555556
2118,sports,196,188,0.9591836734693877
9742,sports,596,593,0.9949664429530202
8106,sports,349,342,0.9799426934097422
9723,sports,671,667,0.9940387481371088
8910,sports,464,448,0.9655172413793104
10472,sports,840,821,0.9773809523809524
10651,business,900,881,0.9788888888888889
9198,sports,339,323,0.9528023598820059
10172,politics,707,690,0.9759547383309759
9795,politics,754,730,0.9681697612732095
1692,sports,354,344,0.9717514124293786
4273,sports,938,922,0.9829424307036247
351,sports,568,547,0.9630281690140845
461,business,839,827,0.9856972586412396
132,sports,578,555,0.9602076124567474
4397,sports,549,538,0.9799635701275046
6967,business,810,801,0.9888888888888889
8874,politics,530,510,0.9622641509433962
808,sports,474,449,0.9472573839662447
5181,sports,754,740,0.9814323607427056
7415,politics,1180,1160,0.9830508474576272
3937,sports,849,836,0.9846878680800942
8401,sports,402,384,0.9552238805970149
7797,politics,791,751,0.9494310998735778
5325,politics,632,620,0.9810126582278481
840,business,966,943,0.9761904761904762
9425,politics,505,497,0.9841584158415841
5246,sports,757,746,0.9854689564068693
10547,sports,716,683,0.9539106145251397
4771,sports,491,480,0.9775967413441955
8622,politics,950,927,0.9757894736842105
11424,sports,559,545,0.9749552772808586
9837,sports,1023,998,0.9755620723362659
5781,sports,725,682,0.9406896551724138
799,sports,523,511,0.9770554493307839
6572,sports,511,494,0.9667318982387475
4779,sports,352,346,0.9829545454545454
4177,sports,822,799,0.9720194647201946
1932,business,760,726,0.9552631578947368
906,business,1112,1100,0.9892086330935251
7312,business,653,632,0.9678407350689127
10957,sports,262,254,0.9694656488549618
7729,sports,133,130,0.9774436090225563
8167,sports,656,646,0.9847560975609756
4532,sports,868,838,0.9654377880184332
4511,politics,591,577,0.9763113367174281
6588,sports,146,135,0.9246575342465754
6114,sports,558,555,0.9946236559139785
2201,sports,267,263,0.9850187265917603
8373,politics,673,657,0.9762258543833581
444,sports,575,554,0.9634782608695652
5778,sports,162,159,0.9814814814814815
6354,business,660,650,0.9848484848484849
6546,sports,674,650,0.9643916913946587
3083,sports,749,730,0.9746328437917223
6184,sports,1014,993,0.9792899408284024
8258,sports,487,465,0.9548254620123203
4129,business,729,703,0.9643347050754458
6452,sports,574,563,0.980836236933798
7561,sports,1023,984,0.9618768328445748
1468,sports,363,351,0.9669421487603306
4521,politics,1156,1116,0.9653979238754326
5645,sports,737,722,0.9796472184531886
624,sports,230,230,1.0
1897,sports,686,679,0.9897959183673469
4051,sports,443,421,0.9503386004514672
10628,politics,624,601,0.9631410256410257
1280,sports,450,433,0.9622222222222222
3733,sports,795,758,0.9534591194968554
3161,sports,694,667,0.9610951008645533
7951,sports,1012,962,0.950592885375494
3327,sports,489,466,0.9529652351738241
7977,politics,903,889,0.9844961240310077
7322,sports,830,804,0.9686746987951808
2800,sports,588,568,0.9659863945578231
3439,sports,301,298,0.9900332225913622
168,sports,234,216,0.9230769230769231
2073,sports,560,528,0.9428571428571428
1835,sports,471,456,0.9681528662420382
4695,politics,704,669,0.9502840909090909
10758,sports,468,458,0.9786324786324786
2921,sports,377,365,0.9681697612732095
5468,sports,616,605,0.9821428571428571
10780,sports,728,723,0.9931318681318682
5035,sports,112,112,1.0
104,sports,529,497,0.9395085066162571
3046,sports,900,877,0.9744444444444444
8375,sports,770,759,0.9857142857142858
5768,sports,901,849,0.9422863485016648
10406,politics,466,461,0.9892703862660944
1732,sports,118,100,0.847457627118644
9177,sports,966,955,0.9886128364389234
9395,sports,421,416,0.9881235154394299
8826,sports,423,403,0.9527186761229315
3989,sports,634,609,0.9605678233438486
2246,sports,762,727,0.9540682414698163
8214,sports,794,783,0.9861460957178841
105,sports,223,213,0.9551569506726457
7211,sports,848,819,0.9658018867924528
1287,sports,814,791,0.9717444717444718
5980,sports,728,716,0.9835164835164835
6282,sports,654,641,0.9801223241590215
9804,sports,582,547,0.9398625429553265
9627,sports,659,629,0.9544764795144158
8938,sports,486,460,0.9465020576131687
5876,sports,603,586,0.9718076285240465
2583,sports,713,696,0.9761570827489481
8917,sports,766,752,0.9817232375979112
2344,sports,812,801,0.9864532019704434
7251,sports,646,637,0.9860681114551083
514,sports,133,126,0.9473684210526315
8533,politics,643,625,0.9720062208398134
5584,politics,629,615,0.9777424483306836
9274,sports,800,782,0.9775
2760,politics,741,713,0.9622132253711201
7934,sports,712,677,0.9508426966292135
4161,sports,708,702,0.9915254237288136
3869,sports,474,455,0.959915611814346
6578,sports,793,738,0.9306431273644389
2579,business,390,386,0.9897435897435898
8148,sports,422,398,0.943127962085308
7830,politics,827,787,0.9516324062877872
9288,sports,244,233,0.9549180327868853
10648,sports,778,739,0.9498714652956298
3232,sports,539,533,0.9888682745825603
1227,sports,315,307,0.9746031746031746
2870,politics,281,267,0.9501779359430605
5737,sports,128,123,0.9609375
880,sports,702,670,0.9544159544159544
6045,sports,356,353,0.9915730337078652
10773,politics,695,680,0.9784172661870504
1529,business,907,859,0.9470782800441014
3441,politics,487,474,0.973305954825462
6941,politics,212,199,0.9386792452830188
5109,politics,663,632,0.9532428355957768
9364,sports,881,860,0.9761634506242906
2258,sports,395,376,0.9518987341772152
3473,politics,631,599,0.9492868462757528
5309,sports,543,513,0.9447513812154696
6048,politics,689,656,0.9521044992743106
6549,politics,649,618,0.9522342064714946
7202,politics,904,893,0.9878318584070797
3769,sports,861,835,0.9698025551684089
10498,sports,815,776,0.9521472392638037
8051,sports,698,679,0.9727793696275072
1969,sports,379,360,0.9498680738786279
5252,sports,953,928,0.9737670514165793
10665,sports,213,210,0.9859154929577465
7183,sports,693,681,0.9826839826839827
8392,sports,707,683,0.9660537482319661
1807,sports,874,848,0.9702517162471396
1241,sports,494,486,0.9838056680161943
3471,sports,695,681,0.9798561151079137
9206,sports,739,725,0.9810554803788903
887,sports,356,343,0.9634831460674157
8657,sports,575,561,0.9756521739130435
3732,sports,255,247,0.9686274509803922
863,business,685,665,0.9708029197080292
8410,sports,385,384,0.9974025974025974
5597,sports,501,494,0.9860279441117764
7143,politics,303,295,0.9735973597359736
1635,sports,406,389,0.958128078817734
6602,politics,333,325,0.975975975975976
302,sports,300,290,0.9666666666666667
5608,sports,852,839,0.9847417840375586
463,sports,1145,1095,0.9563318777292577
8522,sports,433,420,0.9699769053117783
5553,politics,807,796,0.9863692688971499
404,sports,105,103,0.9809523809523809
9955,sports,390,379,0.9717948717948718
2102,politics,889,855,0.9617547806524185
9185,politics,1000,986,0.986
3498,sports,127,126,0.9921259842519685
10583,sports,944,907,0.9608050847457628
78,sports,197,194,0.9847715736040609
2060,sports,96,91,0.9479166666666666
5562,sports,431,425,0.9860788863109049
7818,sports,136,132,0.9705882352941176
5183,sports,661,646,0.9773071104387292
5606,politics,784,738,0.9413265306122449
11421,sports,368,357,0.970108695652174
5149,sports,118,112,0.9491525423728814
7069,sports,518,481,0.9285714285714286
81,sports,606,572,0.9438943894389439
8561,politics,724,702,0.9696132596685083
10394,sports,115,112,0.9739130434782609
9263,politics,441,431,0.9773242630385488
4376,politics,807,788,0.976456009913259
9637,sports,296,285,0.9628378378378378
5041,sports,282,279,0.9893617021276596
3925,sports,110,103,0.9363636363636364
8343,sports,930,897,0.964516129032258
7364,politics,760,739,0.9723684210526315
1450,business,959,936,0.9760166840458812
6568,sports,453,438,0.9668874172185431
9284,politics,437,433,0.9908466819221968
7918,sports,666,644,0.9669669669669669
3350,politics,690,675,0.9782608695652174
3962,sports,558,527,0.9444444444444444
4463,sports,753,721,0.9575033200531209
6520,sports,820,811,0.9890243902439024
2948,politics,730,711,0.9739726027397261
8316,sports,370,362,0.9783783783783784
10661,sports,415,405,0.9759036144578314
10501,business,559,550,0.9838998211091234
1117,sports,992,964,0.9717741935483871
769,politics,956,945,0.9884937238493724
5848,sports,455,445,0.978021978021978
3799,business,826,805,0.9745762711864406
4848,sports,116,107,0.9224137931034483
1058,sports,736,692,0.9402173913043478
9836,sports,942,929,0.9861995753715499
6279,sports,771,763,0.9896238651102465
1119,sports,344,335,0.9738372093023255
8299,sports,767,749,0.9765319426336375
1264,sports,650,634,0.9753846153846154
8949,sports,774,755,0.975452196382429
1341,politics,707,692,0.9787835926449788
3288,sports,607,577,0.9505766062602965
9044,politics,1010,997,0.9871287128712871
5897,sports,159,153,0.9622641509433962
4202,sports,1036,1014,0.9787644787644788
9204,sports,366,364,0.994535519125683
663,sports,844,800,0.9478672985781991
4389,sports,866,820,0.9468822170900693
3930,business,839,807,0.9618593563766389
8177,sports,699,667,0.9542203147353362
8174,sports,555,526,0.9477477477477477
10022,sports,276,275,0.9963768115942029
3347,sports,1055,1039,0.9848341232227488
4688,business,272,263,0.9669117647058824
4883,politics,694,682,0.9827089337175793
4457,sports,537,513,0.9553072625698324
11011,sports,298,290,0.9731543624161074
6742,sports,137,133,0.9708029197080292
3812,sports,752,729,0.9694148936170213
7424,sports,355,350,0.9859154929577465
10994,sports,227,216,0.9515418502202643
9157,sports,1042,1023,0.9817658349328215
9000,politics,1009,967,0.958374628344896
1741,sports,294,291,0.9897959183673469
7273,sports,847,821,0.9693034238488784
10798,sports,807,782,0.9690210656753407
7116,sports,295,288,0.976271186440678
7449,sports,557,536,0.9622980251346499
6458,sports,814,794,0.9754299754299754
6226,sports,714,703,0.9845938375350141
11345,sports,692,676,0.976878612716763
6092,business,367,359,0.9782016348773842
8614,business,640,628,0.98125
1068,sports,807,785,0.9727385377942999
8769,sports,609,599,0.9835796387520526
10145,sports,774,754,0.9741602067183462
1162,sports,194,188,0.9690721649484536
9775,sports,826,811,0.9818401937046005
5276,politics,649,636,0.9799691833590138
9314,sports,888,875,0.9853603603603603
1161,sports,484,466,0.9628099173553719
3238,sports,757,706,0.9326287978863936
4067,business,625,605,0.968
10036,sports,492,469,0.9532520325203252
2835,business,458,451,0.9847161572052402
3830,sports,977,948,0.970317297850563
7504,sports,345,336,0.9739130434782609
4847,business,579,572,0.9879101899827288
9818,sports,782,774,0.989769820971867
6978,sports,726,707,0.9738292011019284
4849,business,298,289,0.9697986577181208
1555,sports,597,573,0.9597989949748744
4180,sports,483,465,0.9627329192546584
6065,business,199,194,0.9748743718592965
9794,sports,802,787,0.9812967581047382
5676,sports,1008,993,0.9851190476190477
1274,sports,311,298,0.9581993569131833
7244,politics,675,640,0.9481481481481482
7649,sports,615,604,0.9821138211382113
10681,sports,1022,1000,0.9784735812133072
4442,sports,800,794,0.9925
5159,sports,894,859,0.9608501118568232
4882,sports,939,924,0.9840255591054313
8358,sports,442,433,0.9796380090497737
2814,sports,779,762,0.9781771501925546
10232,politics,748,720,0.9625668449197861
6973,politics,719,705,0.980528511821975
10920,sports,274,268,0.9781021897810219
4791,sports,886,859,0.9695259593679458
1705,sports,733,714,0.9740791268758526
6715,sports,543,528,0.9723756906077348
4938,sports,594,576,0.9696969696969697
11290,sports,860,829,0.963953488372093
3706,politics,868,845,0.9735023041474654
424,sports,917,903,0.9847328244274809
9238,sports,910,893,0.9813186813186813
6403,business,845,836,0.9893491124260355
6510,sports,931,916,0.9838882921589689
7071,sports,817,793,0.9706242350061199
1900,sports,615,602,0.9788617886178862
8821,sports,637,627,0.9843014128728415
4644,sports,688,683,0.9927325581395349
1150,sports,418,406,0.9712918660287081
9448,sports,429,420,0.9790209790209791
836,sports,594,584,0.9831649831649831
847,sports,115,98,0.8521739130434782
6500,sports,838,815,0.9725536992840096
9462,sports,851,819,0.9623971797884842
4044,sports,1213,1182,0.9744435284418796
10170,sports,576,544,0.9444444444444444
6197,sports,767,744,0.970013037809648
263,sports,989,962,0.9726996966632963
3826,sports,1052,1044,0.9923954372623575
9376,sports,816,785,0.9620098039215687
2451,sports,227,215,0.947136563876652
5850,sports,571,558,0.9772329246935202
3218,sports,890,860,0.9662921348314607
716,sports,438,431,0.9840182648401826
5524,politics,1237,1213,0.9805982215036378
2990,politics,770,766,0.9948051948051948
11232,sports,537,517,0.962756052141527
4932,business,416,404,0.9711538461538461
4930,sports,1003,978,0.9750747756729811
11162,sports,717,690,0.9623430962343096
10378,sports,864,848,0.9814814814814815
10572,politics,447,442,0.9888143176733781
3204,sports,657,635,0.9665144596651446
2768,sports,952,903,0.9485294117647058
1838,sports,1019,988,0.9695780176643768
7037,politics,618,613,0.9919093851132686
6082,sports,813,792,0.974169741697417
8445,sports,677,670,0.9896602658788775
10592,sports,402,393,0.9776119402985075
9566,business,809,782,0.9666254635352287
8411,sports,783,765,0.9770114942528736
8605,sports,850,832,0.9788235294117648
4423,business,645,636,0.986046511627907
559,sports,389,376,0.9665809768637532
11336,sports,535,519,0.9700934579439252
10408,sports,560,529,0.9446428571428571
9218,sports,655,639,0.9755725190839695
9561,sports,217,215,0.9907834101382489
10031,sports,408,401,0.9828431372549019
11007,business,658,646,0.9817629179331308
5259,business,826,821,0.9939467312348669
2089,sports,220,213,0.9681818181818181
9694,sports,142,139,0.9788732394366197
3908,sports,912,898,0.9846491228070176
3092,sports,818,807,0.9865525672371638
4876,sports,347,341,0.9827089337175793
365,sports,711,680,0.9563994374120957
1784,sports,190,184,0.968421052631579
10929,business,662,650,0.9818731117824774
2950,business,411,407,0.9902676399026764
3244,sports,389,380,0.9768637532133676
2840,sports,106,103,0.9716981132075472
3342,sports,927,900,0.970873786407767
3452,sports,138,122,0.8840579710144928
3454,sports,642,627,0.9766355140186916
920,sports,188,187,0.9946808510638298
8504,sports,134,131,0.9776119402985075
6707,politics,705,697,0.9886524822695035
3609,sports,787,770,0.9783989834815756
11431,sports,340,332,0.9764705882352941
9359,sports,842,792,0.9406175771971497
4768,politics,745,725,0.9731543624161074
7219,sports,105,95,0.9047619047619048
159,sports,551,502,0.911070780399274
10470,politics,667,653,0.9790104947526237
6822,sports,765,759,0.9921568627450981
1353,sports,976,958,0.9815573770491803
10096,sports,133,127,0.9548872180451128
1663,sports,527,514,0.9753320683111955
5522,sports,683,655,0.95900439238653
8732,sports,681,663,0.973568281938326
9868,politics,1000,936,0.936
9829,sports,649,623,0.9599383667180277
3629,sports,352,340,0.9659090909090909
4237,business,706,700,0.9915014164305949
8788,politics,1002,976,0.9740518962075848
6884,politics,671,636,0.9478390461997019
3791,business,873,856,0.9805269186712485
505,sports,914,894,0.9781181619256017
10426,sports,707,690,0.9759547383309759
3065,politics,674,661,0.9807121661721068
1552,sports,220,202,0.9181818181818182
849,sports,820,796,0.9707317073170731
10177,sports,771,764,0.9909208819714657
4264,sports,539,519,0.9628942486085343
3540,sports,896,890,0.9933035714285714
3005,sports,411,407,0.9902676399026764
2223,sports,752,729,0.9694148936170213
1725,sports,489,475,0.9713701431492843
5973,sports,807,796,0.9863692688971499
5191,sports,299,298,0.9966555183946488
6905,business,551,548,0.9945553539019963
3060,sports,939,900,0.9584664536741214
9691,politics,745,721,0.9677852348993289
8186,sports,667,657,0.9850074962518741
2396,sports,157,145,0.9235668789808917
9040,politics,984,965,0.9806910569105691
4332,politics,610,600,0.9836065573770492
43,sports,192,180,0.9375
4073,sports,758,748,0.9868073878627969
1055,sports,588,580,0.9863945578231292
1753,sports,114,108,0.9473684210526315
7879,sports,1194,1155,0.9673366834170855
9362,sports,752,733,0.9747340425531915
38,sports,514,485,0.943579766536965
959,sports,603,593,0.9834162520729685
5341,sports,729,711,0.9753086419753086
1045,sports,1230,1204,0.9788617886178862
23,sports,152,142,0.9342105263157895
10143,politics,936,918,0.9807692307692307
7985,business,878,809,0.9214123006833713
3248,sports,896,878,0.9799107142857143
9120,sports,625,602,0.9632
2159,sports,534,516,0.9662921348314607
2006,sports,628,609,0.9697452229299363
1121,sports,1064,1040,0.9774436090225563
7952,sports,593,584,0.984822934232715
11357,sports,810,792,0.9777777777777777
7432,sports,443,439,0.9909706546275395
376,sports,767,750,0.9778357235984355
125,sports,311,292,0.9389067524115756
8894,sports,781,763,0.9769526248399488
9611,sports,868,841,0.9688940092165899
2519,sports,101,97,0.9603960396039604
5133,sports,370,361,0.9756756756756757
243,sports,1057,1026,0.9706717123935666
4366,sports,818,806,0.9853300733496333
2779,politics,401,392,0.9775561097256857
3375,politics,768,738,0.9609375
7476,sports,1097,1063,0.9690063810391978
6650,sports,676,657,0.9718934911242604
2953,business,493,478,0.9695740365111561
7812,sports,683,665,0.9736456808199122
2715,sports,771,749,0.9714656290531777
6417,sports,633,607,0.9589257503949447
8298,sports,980,976,0.9959183673469387
3276,politics,835,807,0.9664670658682635
2310,sports,129,127,0.9844961240310077
6375,sports,255,243,0.9529411764705882
7130,sports,694,678,0.9769452449567724
10090,business,566,548,0.9681978798586572
1127,sports,749,735,0.9813084112149533
9052,sports,763,729,0.9554390563564875
2535,sports,811,799,0.9852034525277436
10742,sports,915,896,0.9792349726775956
1631,sports,1060,1027,0.9688679245283018
3488,sports,398,393,0.9874371859296482
10981,sports,698,692,0.9914040114613181
10452,sports,443,429,0.9683972911963883
2204,sports,215,203,0.9441860465116279
10750,sports,793,789,0.9949558638083228
9079,sports,299,293,0.979933110367893
10838,sports,544,521,0.9577205882352942
5866,politics,720,709,0.9847222222222223
10087,sports,926,903,0.9751619870410367
5694,sports,869,850,0.9781357882623706
10770,sports,1005,969,0.9641791044776119
8823,business,872,860,0.9862385321100917
2540,sports,718,689,0.9596100278551533
11268,sports,903,879,0.973421926910299
1508,sports,181,169,0.9337016574585635
9588,sports,674,640,0.9495548961424333
3239,sports,583,559,0.9588336192109777
3691,sports,725,704,0.9710344827586207
7940,sports,764,754,0.9869109947643979
628,sports,230,224,0.9739130434782609
5915,sports,903,879,0.973421926910299
9616,sports,822,791,0.962287104622871
3338,politics,203,199,0.9802955665024631
7145,sports,707,707,1.0
6413,business,357,353,0.988795518207283
2119,business,541,525,0.9704251386321626
5251,sports,465,454,0.9763440860215054
11434,sports,210,204,0.9714285714285714
7060,sports,725,694,0.9572413793103448
414,sports,847,821,0.9693034238488784
1503,sports,325,313,0.963076923076923
11098,business,728,705,0.9684065934065934
9586,sports,689,683,0.9912917271407837
4267,sports,985,977,0.9918781725888325
11505,sports,185,182,0.9837837837837838
11338,sports,506,480,0.9486166007905138
6989,sports,772,762,0.9870466321243523
5878,sports,226,216,0.9557522123893806
11316,sports,187,178,0.9518716577540107
2381,sports,650,634,0.9753846153846154
8240,sports,718,706,0.9832869080779945
2504,sports,671,643,0.9582712369597616
4756,sports,1499,1441,0.9613075383589059
572,sports,530,512,0.9660377358490566
7703,sports,712,701,0.9845505617977528
4793,sports,772,739,0.9572538860103627
6331,sports,816,794,0.9730392156862745
5983,politics,948,940,0.9915611814345991
8503,sports,143,138,0.965034965034965
6202,sports,866,836,0.9653579676674365
9272,sports,874,845,0.9668192219679634
5485,sports,891,873,0.9797979797979798
3972,sports,1050,1018,0.9695238095238096
9728,sports,818,794,0.9706601466992665
2672,business,563,554,0.9840142095914742
2956,business,292,287,0.9828767123287672
8921,sports,631,617,0.9778129952456418
10157,sports,780,771,0.9884615384615385
2278,business,516,506,0.9806201550387597
2974,sports,143,136,0.951048951048951
4713,sports,135,134,0.9925925925925926
2076,sports,194,171,0.8814432989690721
724,sports,513,499,0.9727095516569201
5071,sports,950,928,0.9768421052631578
2877,politics,774,740,0.9560723514211886
6596,business,469,450,0.9594882729211087
276,business,616,601,0.9756493506493507
9922,business,692,683,0.9869942196531792
8814,sports,883,848,0.9603624009060022
7036,sports,550,523,0.9509090909090909
7739,sports,764,725,0.9489528795811518
5559,sports,423,410,0.9692671394799054
4624,sports,857,825,0.9626604434072346
11263,sports,292,280,0.958904109589041
7301,sports,907,863,0.9514884233737596
4050,sports,721,701,0.9722607489597781
7194,business,389,380,0.9768637532133676
7051,sports,290,287,0.9896551724137931
5415,business,844,813,0.9632701421800948
1036,sports,233,230,0.9871244635193133
2130,sports,118,103,0.8728813559322034
2585,sports,684,652,0.9532163742690059
7677,sports,591,579,0.9796954314720813
11353,sports,636,620,0.9748427672955975
6200,business,736,723,0.9823369565217391
7530,sports,437,435,0.9954233409610984
7282,sports,560,531,0.9482142857142857
1973,sports,740,723,0.977027027027027
9573,sports,217,201,0.9262672811059908
9677,sports,475,473,0.9957894736842106
4612,sports,535,523,0.9775700934579439
9900,sports,506,474,0.9367588932806324
377,business,552,531,0.9619565217391305
5919,business,304,296,0.9736842105263158
1572,sports,960,901,0.9385416666666667
8684,politics,697,675,0.9684361549497847
6374,business,160,159,0.99375
353,sports,702,685,0.9757834757834758
9995,sports,969,916,0.9453044375644994
7021,sports,135,133,0.9851851851851852
1980,business,820,803,0.9792682926829268
10974,sports,886,851,0.9604966139954854
3366,sports,793,782,0.9861286254728878
9208,politics,771,760,0.9857328145265889
2654,sports,719,686,0.9541029207232267
9046,sports,641,607,0.9469578783151326
3114,business,729,694,0.9519890260631001
10413,sports,486,465,0.9567901234567902
1215,sports,801,774,0.9662921348314607
7495,sports,176,170,0.9659090909090909
1653,sports,652,626,0.9601226993865031
3635,business,614,585,0.9527687296416938
8153,sports,867,845,0.9746251441753172
929,sports,918,897,0.9771241830065359
10067,sports,583,576,0.9879931389365352
3931,politics,625,622,0.9952
2919,politics,846,818,0.966903073286052
5314,sports,665,645,0.9699248120300752
5565,politics,712,705,0.9901685393258427
2987,politics,628,594,0.945859872611465
10370,politics,657,633,0.9634703196347032
8984,sports,863,853,0.9884125144843569
6654,politics,542,533,0.9833948339483395
1379,sports,562,548,0.9750889679715302
10397,business,1137,1091,0.9595426561125769
4362,sports,539,533,0.9888682745825603
1382,sports,665,654,0.9834586466165414
5952,sports,875,852,0.9737142857142858
3840,sports,563,546,0.9698046181172292
3364,politics,1139,1100,0.9657594381035997
1568,sports,733,713,0.9727148703956344
10252,sports,722,697,0.9653739612188366
15,sports,197,186,0.9441624365482234
4458,sports,844,834,0.9881516587677726
6353,politics,665,652,0.9804511278195489
2864,sports,746,734,0.9839142091152815
5898,sports,662,653,0.986404833836858
273,sports,86,84,0.9767441860465116
5556,politics,635,618,0.9732283464566929
3760,politics,624,599,0.9599358974358975
5747,sports,480,476,0.9916666666666667
1480,sports,269,267,0.9925650557620818
7108,politics,733,691,0.9427012278308322
3634,business,491,452,0.9205702647657841
6505,business,701,693,0.9885877318116976
7611,sports,650,639,0.9830769230769231
3138,sports,129,128,0.9922480620155039
8391,sports,770,748,0.9714285714285714
3841,sports,880,865,0.9829545454545454
371,business,616,594,0.9642857142857143
3195,politics,1012,999,0.9871541501976284
5567,business,927,911,0.982740021574973
1113,sports,1296,1237,0.9544753086419753
4537,sports,818,800,0.9779951100244498
7053,sports,528,508,0.9621212121212122
630,business,691,679,0.9826338639652678
5626,sports,794,750,0.9445843828715366
9602,sports,614,596,0.9706840390879479
7436,business,602,591,0.9817275747508306
7580,sports,660,633,0.9590909090909091
8117,sports,943,933,0.9893955461293743
6107,sports,830,808,0.9734939759036144
10193,sports,871,829,0.9517795637198623
9833,sports,105,101,0.9619047619047619
3442,politics,656,648,0.9878048780487805
4800,sports,918,904,0.9847494553376906
4809,sports,466,455,0.9763948497854077
3275,sports,831,820,0.98676293622142
6286,politics,1263,1222,0.9675376088677752
51,sports,399,387,0.9699248120300752
7953,sports,555,553,0.9963963963963964
2457,sports,704,675,0.9588068181818182
7054,sports,685,671,0.9795620437956204
7708,sports,807,764,0.9467162329615861
5951,business,523,512,0.9789674952198852
9193,sports,953,929,0.974816369359916
9785,sports,868,843,0.9711981566820277
5011,politics,794,766,0.964735516372796
741,sports,684,657,0.9605263157894737
4233,politics,401,399,0.9950124688279302
8881,sports,644,640,0.9937888198757764
8126,sports,617,607,0.9837925445705025
4411,sports,220,211,0.9590909090909091
5959,sports,645,634,0.9829457364341085
2027,sports,438,411,0.9383561643835616
9854,sports,681,664,0.9750367107195301
3784,business,725,705,0.9724137931034482
5578,sports,840,817,0.9726190476190476
2628,sports,441,430,0.9750566893424036
2581,business,916,904,0.9868995633187773
4350,sports,335,333,0.9940298507462687
635,sports,322,307,0.953416149068323
9034,sports,358,352,0.9832402234636871
10990,sports,492,477,0.9695121951219512
2252,sports,725,690,0.9517241379310345
6824,sports,624,611,0.9791666666666666
8182,sports,822,798,0.9708029197080292
2642,sports,542,527,0.9723247232472325
8517,sports,319,306,0.9592476489028213
5574,sports,933,915,0.9807073954983923
7949,sports,883,852,0.9648924122310306
11355,business,574,564,0.9825783972125436
437,sports,91,83,0.9120879120879121
5006,sports,897,886,0.987736900780379
8812,sports,534,517,0.9681647940074907
7441,sports,397,381,0.9596977329974811
5002,sports,838,809,0.9653937947494033
6222,sports,146,141,0.9657534246575342
11384,sports,495,466,0.9414141414141414
3085,sports,545,534,0.9798165137614679
10794,sports,615,609,0.9902439024390244
6281,sports,864,834,0.9652777777777778
11216,sports,457,436,0.9540481400437637
5582,sports,745,721,0.9677852348993289
5624,sports,602,595,0.9883720930232558
5751,sports,309,294,0.9514563106796117
10493,business,570,564,0.9894736842105263
1798,sports,282,272,0.9645390070921985
5010,sports,569,556,0.9771528998242531
6367,sports,421,405,0.9619952494061758
9964,politics,572,564,0.986013986013986
8691,sports,999,985,0.985985985985986
10712,sports,678,666,0.9823008849557522
1752,sports,640,614,0.959375
1177,sports,987,939,0.9513677811550152
10142,sports,812,789,0.9716748768472906
4151,sports,689,680,0.9869375907111756
7040,sports,857,829,0.9673278879813302
3926,sports,427,414,0.9695550351288056
335,sports,824,805,0.9769417475728155
4928,sports,189,175,0.9259259259259259
9399,sports,913,884,0.968236582694414
2498,sports,1700,1683,0.99
11393,sports,464,454,0.978448275862069
4518,sports,150,142,0.9466666666666667
2749,sports,545,527,0.9669724770642202
3497,sports,521,507,0.9731285988483686
3999,politics,654,630,0.963302752293578
6212,sports,732,708,0.9672131147540983
10167,sports,840,827,0.9845238095238096
9268,sports,531,517,0.9736346516007532
9098,politics,970,951,0.9804123711340206
322,sports,971,932,0.9598352214212152
5272,business,844,826,0.9786729857819905
10088,politics,781,752,0.9628681177976952
7220,sports,762,741,0.9724409448818898
1211,sports,642,615,0.9579439252336449
8832,politics,804,778,0.9676616915422885
11513,sports,553,524,0.9475587703435805
8948,sports,826,795,0.9624697336561744
8668,politics,796,786,0.9874371859296482
5909,sports,650,631,0.9707692307692307
8179,sports,201,195,0.9701492537313433
5939,politics,715,672,0.9398601398601398
6666,business,970,961,0.9907216494845361
7285,sports,794,757,0.9534005037783375
10130,sports,641,635,0.9906396255850234
3231,sports,620,607,0.9790322580645161
7334,politics,822,805,0.9793187347931873
9375,politics,867,857,0.9884659746251442
9920,sports,871,853,0.9793340987370838
3019,sports,755,732,0.9695364238410596
6315,politics,756,731,0.966931216931217
3880,politics,665,655,0.9849624060150376
4334,sports,721,700,0.970873786407767
1863,sports,653,625,0.9571209800918836
4948,sports,677,650,0.9601181683899557
2488,sports,578,546,0.9446366782006921
7938,sports,777,758,0.9755469755469756
1617,sports,110,108,0.9818181818181818
5654,politics,621,601,0.9677938808373591
8134,sports,738,723,0.9796747967479674
1396,sports,742,699,0.9420485175202157
9814,sports,728,697,0.9574175824175825
1434,sports,724,698,0.9640883977900553
5451,politics,894,859,0.9608501118568232
2380,sports,299,292,0.9765886287625418
5713,sports,564,544,0.9645390070921985
6056,business,1163,1087,0.9346517626827171
2062,business,879,869,0.9886234357224118
10797,politics,833,810,0.9723889555822329
10093,politics,1033,1005,0.972894482090997
2767,politics,681,673,0.9882525697503671
2550,sports,387,381,0.9844961240310077
5711,sports,648,641,0.9891975308641975
10731,sports,287,277,0.9651567944250871
736,sports,878,841,0.9578587699316629
8088,business,719,709,0.9860917941585535
9946,sports,613,598,0.9755301794453507
4446,sports,881,871,0.9886492622020431
5767,sports,883,866,0.9807474518686297
2593,sports,286,277,0.9685314685314685
9387,politics,731,712,0.9740082079343365
10407,sports,837,809,0.966547192353644
6142,politics,697,682,0.9784791965566715
8005,sports,822,806,0.9805352798053528
1665,sports,244,240,0.9836065573770492
10919,sports,248,235,0.9475806451612904
498,business,806,779,0.966501240694789
196,sports,109,106,0.9724770642201835
1435,sports,829,815,0.9831121833534379
8590,sports,909,891,0.9801980198019802
4243,politics,78,75,0.9615384615384616
4856,sports,130,126,0.9692307692307692
7295,sports,783,757,0.966794380587484
1247,sports,325,318,0.9784615384615385
10767,sports,752,726,0.9654255319148937
6746,politics,861,827,0.9605110336817654
11486,sports,789,761,0.9645120405576679
3118,sports,668,650,0.9730538922155688
5156,sports,589,562,0.9541595925297114
6972,politics,637,614,0.9638932496075353
3145,sports,718,701,0.9763231197771588
6833,sports,646,638,0.9876160990712074
9209,politics,909,869,0.9559955995599559
5888,sports,582,564,0.9690721649484536
5455,sports,436,431,0.9885321100917431
5921,sports,701,674,0.9614835948644793
6830,politics,679,666,0.9808541973490427
1402,sports,545,534,0.9798165137614679
9377,sports,482,469,0.9730290456431535
7247,sports,1053,1026,0.9743589743589743
8673,sports,759,717,0.9446640316205533
11247,sports,343,322,0.9387755102040817
7458,politics,623,618,0.9919743178170144
6767,sports,883,859,0.9728199320498301
7433,sports,613,584,0.9526916802610114
10146,politics,690,679,0.9840579710144928
3899,politics,268,262,0.9776119402985075
9463,sports,529,516,0.9754253308128544
2686,sports,659,640,0.9711684370257967
9332,sports,808,776,0.9603960396039604
11441,sports,129,123,0.9534883720930233
4079,sports,289,284,0.9826989619377162
5258,sports,1024,1020,0.99609375
7836,sports,845,827,0.978698224852071
6889,business,818,808,0.9877750611246944
9307,sports,119,118,0.9915966386554622
6728,politics,658,651,0.9893617021276596
8681,sports,576,552,0.9583333333333334
5885,sports,877,868,0.9897377423033067
6540,sports,712,694,0.9747191011235955
3110,sports,861,833,0.967479674796748
6538,sports,916,883,0.9639737991266376
7792,sports,176,171,0.9715909090909091
5967,sports,794,784,0.9874055415617129
8056,sports,480,470,0.9791666666666666
6507,sports,498,486,0.9759036144578314
2962,politics,364,348,0.9560439560439561
10633,politics,931,911,0.9785177228786252
10276,sports,811,800,0.9864364981504316
3221,sports,102,96,0.9411764705882353
8122,business,767,758,0.9882659713168188
2566,business,403,399,0.9900744416873449
873,sports,904,882,0.9756637168141593
11445,sports,688,664,0.9651162790697675
7972,sports,780,756,0.9692307692307692
7577,sports,883,866,0.9807474518686297
2104,business,899,884,0.9833147942157954
9701,politics,1111,1098,0.9882988298829883
6276,politics,605,596,0.9851239669421488
1432,sports,750,736,0.9813333333333333
269,sports,321,282,0.8785046728971962
8745,sports,304,301,0.9901315789473685
407,sports,230,223,0.9695652173913043
3062,politics,724,698,0.9640883977900553
10376,sports,730,711,0.9739726027397261
7407,sports,845,823,0.9739644970414201
5467,sports,669,652,0.9745889387144993
5968,sports,541,534,0.9870609981515711
6350,sports,844,830,0.9834123222748815
8061,sports,97,94,0.9690721649484536
3405,sports,500,474,0.948
6033,sports,827,812,0.9818621523579202
9802,sports,82,79,0.9634146341463414
1063,sports,119,115,0.9663865546218487
6913,sports,858,823,0.9592074592074592
5816,sports,1032,989,0.9583333333333334
2558,business,889,871,0.9797525309336333
11168,sports,336,328,0.9761904761904762
6161,sports,128,126,0.984375
2151,sports,809,783,0.9678615574783683
623,sports,126,121,0.9603174603174603
3837,business,786,743,0.94529262086514
8529,sports,115,106,0.9217391304347826
2191,business,448,442,0.9866071428571429
2035,business,820,786,0.9585365853658536
2769,politics,728,693,0.9519230769230769
8609,sports,126,124,0.9841269841269841
7898,sports,314,303,0.964968152866242
9773,politics,636,618,0.9716981132075472
2003,sports,155,143,0.9225806451612903
6533,sports,127,123,0.968503937007874
10674,sports,600,583,0.9716666666666667
8402,politics,763,741,0.9711664482306684
4794,sports,460,441,0.9586956521739131
10697,sports,843,825,0.9786476868327402
8531,politics,442,432,0.9773755656108597
11322,sports,562,530,0.9430604982206405
5700,sports,651,622,0.9554531490015361
2683,sports,678,669,0.9867256637168141
881,sports,189,184,0.9735449735449735
9596,sports,889,873,0.9820022497187851
7350,sports,876,839,0.9577625570776256
2088,sports,119,105,0.8823529411764706
868,business,2537,2444,0.9633425305478912
9110,sports,414,411,0.9927536231884058
6070,sports,640,630,0.984375
4279,sports,808,790,0.9777227722772277
9860,sports,485,470,0.9690721649484536
3149,sports,138,131,0.9492753623188406
7227,sports,480,460,0.9583333333333334
9623,politics,587,577,0.9829642248722317
3333,sports,509,495,0.9724950884086444
2541,sports,334,319,0.9550898203592815
1621,business,898,867,0.965478841870824
7182,sports,118,117,0.9915254237288136
4673,sports,509,492,0.9666011787819253
11376,sports,960,936,0.975
3871,sports,982,963,0.9806517311608961
10775,sports,698,670,0.9598853868194842
4854,sports,578,552,0.9550173010380623
5750,sports,758,735,0.9696569920844327
11194,sports,491,462,0.9409368635437881
622,sports,520,498,0.9576923076923077
1696,sports,294,267,0.9081632653061225
5163,politics,807,785,0.9727385377942999
7086,sports,910,887,0.9747252747252747
8799,sports,748,729,0.9745989304812834
9801,business,667,664,0.9955022488755623
8429,business,813,797,0.980319803198032
9309,sports,312,303,0.9711538461538461
2462,sports,700,673,0.9614285714285714
7306,sports,381,375,0.984251968503937
2590,business,777,762,0.9806949806949807
3718,politics,1204,1181,0.9808970099667774
803,sports,186,178,0.956989247311828
6170,sports,478,453,0.9476987447698745
2755,sports,457,434,0.949671772428884
4370,sports,894,874,0.9776286353467561
7265,sports,731,699,0.9562243502051984
7212,politics,740,727,0.9824324324324324
2391,sports,126,125,0.9920634920634921
5664,sports,382,363,0.9502617801047121
4452,sports,765,754,0.9856209150326798
7274,sports,803,781,0.9726027397260274
8430,business,826,818,0.9903147699757869
7342,sports,835,779,0.932934131736527
7968,business,556,554,0.9964028776978417
6627,sports,830,775,0.9337349397590361
5284,sports,501,479,0.9560878243512974
9716,politics,371,362,0.9757412398921833
1172,business,934,920,0.9850107066381156
8077,sports,904,895,0.9900442477876106
8564,business,563,549,0.9751332149200711
10558,sports,585,574,0.9811965811965812
10825,sports,803,794,0.9887920298879203
8193,sports,836,819,0.9796650717703349
1678,sports,423,392,0.9267139479905437
6810,sports,804,784,0.9751243781094527
10053,sports,502,492,0.9800796812749004
6443,sports,583,557,0.9554030874785592
822,sports,710,684,0.9633802816901409
7068,sports,114,113,0.9912280701754386
3137,sports,367,354,0.9645776566757494
9105,sports,490,466,0.9510204081632653
6000,business,482,477,0.9896265560165975
10159,sports,683,661,0.9677891654465594
492,sports,1021,994,0.9735553379040157
10243,sports,519,505,0.9730250481695568
9908,sports,723,697,0.9640387275242047
4025,sports,660,632,0.9575757575757575
6347,sports,218,210,0.963302752293578
4976,sports,608,588,0.9671052631578947
2719,sports,923,892,0.9664138678223185
8937,business,366,362,0.9890710382513661
8919,sports,941,924,0.9819341126461212
7539,sports,791,777,0.9823008849557522
4045,sports,485,468,0.9649484536082474
10392,sports,487,462,0.9486652977412731
1910,politics,718,698,0.9721448467966574
10553,sports,704,666,0.9460227272727273
4068,politics,645,627,0.9720930232558139
8870,sports,598,586,0.979933110367893
8171,sports,856,844,0.985981308411215
9983,politics,987,974,0.9868287740628167
412,sports,718,685,0.9540389972144847
7842,sports,665,646,0.9714285714285714
3293,sports,840,819,0.975
5865,sports,910,877,0.9637362637362638
5115,business,666,646,0.96996996996997
6446,sports,1675,1636,0.9767164179104477
7344,sports,136,134,0.9852941176470589
9051,politics,831,806,0.9699157641395909
3012,sports,959,928,0.9676746611053181
2419,sports,110,106,0.9636363636363636
7059,sports,539,524,0.9721706864564007
1442,sports,504,479,0.9503968253968254
9,sports,955,935,0.9790575916230366
3911,politics,202,199,0.9851485148514851
8175,sports,792,770,0.9722222222222222
1155,sports,481,479,0.9958419958419958
10626,sports,121,114,0.9421487603305785
7397,sports,540,539,0.9981481481481481
7654,politics,587,571,0.9727427597955707
10007,sports,758,741,0.9775725593667546
5349,politics,555,530,0.954954954954955
5295,sports,951,921,0.9684542586750788
4286,sports,444,432,0.972972972972973
8341,sports,321,320,0.9968847352024922
7316,politics,1199,1180,0.9841534612176814
7503,sports,90,86,0.9555555555555556
8827,sports,520,498,0.9576923076923077
2480,sports,170,155,0.9117647058823529
4826,sports,778,748,0.961439588688946
4690,sports,766,750,0.97911227154047
9320,sports,704,695,0.9872159090909091
145,sports,815,790,0.9693251533742331
8490,sports,885,864,0.976271186440678
8554,sports,811,792,0.9765721331689272
10477,sports,1095,1070,0.9771689497716894
4356,business,610,590,0.9672131147540983
7418,sports,858,834,0.972027972027972
10944,sports,705,669,0.948936170212766
3582,business,373,373,1.0
4640,sports,631,617,0.9778129952456418
11087,business,333,328,0.984984984984985
1461,sports,141,131,0.9290780141843972
10984,politics,1162,1133,0.9750430292598967
4037,politics,835,796,0.9532934131736527
1868,sports,430,417,0.9697674418604652
7079,politics,675,657,0.9733333333333334
7892,sports,529,512,0.9678638941398866
10184,sports,595,581,0.9764705882352941
851,sports,887,856,0.9650507328072153
11063,business,837,814,0.972520908004779
7693,politics,1091,1060,0.9715857011915674
896,sports,1459,1438,0.9856065798492117
10534,sports,102,102,1.0
10437,sports,143,139,0.972027972027972
10632,politics,747,734,0.9825970548862115
8033,sports,658,641,0.9741641337386018
11334,sports,521,505,0.9692898272552783
6026,business,311,310,0.9967845659163987
3464,sports,1050,1028,0.979047619047619
609,sports,75,72,0.96
3493,politics,387,368,0.9509043927648578
7848,politics,1065,1033,0.9699530516431925
5710,politics,649,614,0.9460708782742681
8342,sports,599,591,0.986644407345576
2534,sports,719,689,0.9582753824756607
10784,sports,650,627,0.9646153846153847
11214,sports,404,363,0.8985148514851485
6655,business,774,733,0.9470284237726099
2888,sports,1349,1309,0.9703484062268347
2554,sports,141,136,0.9645390070921985
5128,sports,819,784,0.9572649572649573
297,business,739,706,0.9553450608930988
6192,politics,701,682,0.9728958630527818
1815,sports,698,662,0.9484240687679083
8624,sports,607,592,0.9752883031301482
4285,politics,651,635,0.9754224270353302
6130,sports,925,909,0.9827027027027027
2406,sports,352,344,0.9772727272727273
1578,sports,171,164,0.9590643274853801
4572,sports,775,765,0.9870967741935484
7617,business,669,660,0.9865470852017937
6513,sports,768,760,0.9895833333333334
9035,sports,1097,1078,0.9826800364630811
5620,sports,927,890,0.9600862998921251
9353,sports,691,673,0.9739507959479016
6089,sports,123,116,0.943089430894309
3631,sports,267,257,0.9625468164794008
1408,sports,707,682,0.9646393210749646
9934,sports,572,546,0.9545454545454546
2068,sports,737,721,0.9782903663500678
8965,sports,740,704,0.9513513513513514
10306,sports,884,854,0.9660633484162896
1612,sports,495,453,0.9151515151515152
1954,sports,823,817,0.9927095990279465
7289,sports,134,124,0.9253731343283582
1873,sports,332,327,0.9849397590361446
122,sports,376,371,0.9867021276595744
10693,sports,493,480,0.973630831643002
8606,politics,481,464,0.9646569646569647
9203,sports,825,815,0.9878787878787879
9674,sports,628,621,0.9888535031847133
8363,sports,547,534,0.9762340036563071
3237,sports,884,849,0.9604072398190046
6253,sports,588,574,0.9761904761904762
4246,sports,594,581,0.9781144781144782
2553,sports,903,859,0.9512735326688815
8775,sports,922,883,0.9577006507592191
7348,sports,505,477,0.9445544554455445
4607,sports,338,327,0.9674556213017751
576,sports,685,636,0.9284671532846716
3887,business,603,595,0.9867330016583747
9526,sports,334,323,0.9670658682634731
7743,sports,668,633,0.9476047904191617
3243,sports,555,539,0.9711711711711711
5482,politics,656,642,0.9786585365853658
10324,politics,723,708,0.979253112033195
5806,sports,787,763,0.9695044472681067
5171,sports,835,811,0.9712574850299401
6645,business,781,755,0.9667093469910372
6371,sports,882,846,0.9591836734693877
9993,sports,910,871,0.9571428571428572
2812,sports,657,646,0.9832572298325722
7160,sports,333,325,0.975975975975976
9651,sports,769,735,0.9557867360208062
5457,sports,427,422,0.9882903981264637
5836,sports,700,658,0.94
6626,sports,704,653,0.9275568181818182
11192,sports,147,145,0.9863945578231292
2152,sports,926,910,0.9827213822894169
1297,sports,795,749,0.9421383647798742
11006,business,631,622,0.9857369255150554
2033,sports,310,291,0.9387096774193548
7910,sports,94,92,0.9787234042553191
10737,sports,479,469,0.9791231732776617
7610,sports,791,779,0.9848293299620733
2050,politics,644,639,0.9922360248447205
10037,business,1141,1114,0.9763365468886941
5926,politics,891,849,0.9528619528619529
5782,sports,387,380,0.9819121447028424
7375,business,959,943,0.9833159541188738
1275,sports,277,273,0.9855595667870036
10867,sports,523,514,0.982791586998088
6181,sports,876,852,0.9726027397260274
3541,sports,761,737,0.9684625492772667
8393,sports,767,744,0.970013037809648
10566,sports,619,615,0.9935379644588045
2569,business,454,445,0.9801762114537445
9522,sports,708,702,0.9915254237288136
3507,sports,954,938,0.9832285115303984
9817,sports,1026,1005,0.97953216374269
8583,sports,500,490,0.98
1933,sports,214,200,0.9345794392523364
1785,sports,169,150,0.8875739644970414
5780,sports,816,791,0.9693627450980392
2213,sports,194,190,0.979381443298969
2810,sports,376,370,0.9840425531914894
5358,politics,313,310,0.9904153354632588
7090,politics,692,665,0.9609826589595376
8136,sports,601,579,0.9633943427620633
5777,business,498,487,0.9779116465863453
9483,sports,539,505,0.9369202226345084
3290,politics,363,360,0.9917355371900827
4900,sports,619,616,0.9951534733441034
5278,sports,420,417,0.9928571428571429
1324,sports,329,317,0.9635258358662614
4007,sports,271,262,0.966789667896679
7186,sports,573,550,0.9598603839441536
8633,sports,988,974,0.9858299595141701
4265,politics,1017,982,0.9655850540806293
956,sports,1281,1256,0.9804839968774395
3959,sports,519,497,0.9576107899807321
875,business,634,628,0.9905362776025236
10248,sports,398,384,0.964824120603015
10826,politics,841,822,0.9774078478002378
11071,sports,385,380,0.987012987012987
11114,business,234,232,0.9914529914529915
10740,sports,682,662,0.9706744868035191
6782,politics,678,672,0.9911504424778761
5033,sports,612,589,0.9624183006535948
10264,sports,369,350,0.948509485094851
4418,politics,676,663,0.9807692307692307
9074,sports,223,222,0.9955156950672646
5093,sports,797,778,0.9761606022584692
9104,politics,620,609,0.9822580645161291
10076,sports,690,673,0.9753623188405797
4700,sports,893,882,0.9876819708846585
4365,sports,360,342,0.95
4473,sports,932,918,0.9849785407725322
1175,sports,665,626,0.9413533834586466
10965,sports,849,803,0.9458186101295641
9031,sports,289,279,0.9653979238754326
4905,politics,665,637,0.9578947368421052
5587,sports,879,861,0.9795221843003413
4974,sports,871,835,0.9586681974741676
7280,politics,665,654,0.9834586466165414
7287,business,339,327,0.9646017699115044
6334,business,398,397,0.9974874371859297
1534,business,938,911,0.9712153518123667
3379,sports,463,446,0.9632829373650108
7174,sports,741,725,0.9784075573549258
9259,sports,322,307,0.953416149068323
4467,sports,800,786,0.9825
867,sports,590,559,0.9474576271186441
7177,sports,797,766,0.9611041405269761
4414,politics,949,938,0.9884088514225501
5667,sports,322,317,0.984472049689441
7764,business,744,696,0.9354838709677419
10447,sports,644,627,0.9736024844720497
1634,business,332,329,0.9909638554216867
11209,sports,164,149,0.9085365853658537
4433,sports,752,735,0.9773936170212766
8761,business,614,590,0.9609120521172638
9917,sports,711,661,0.929676511954993
8405,sports,925,910,0.9837837837837838
3383,sports,470,455,0.9680851063829787
8997,sports,796,774,0.9723618090452262
2172,sports,816,796,0.9754901960784313
7629,politics,467,462,0.9892933618843683
5317,sports,891,847,0.9506172839506173
967,business,771,750,0.9727626459143969
3512,sports,206,199,0.9660194174757282
4709,sports,834,820,0.9832134292565947
7826,sports,531,517,0.9736346516007532
1163,sports,604,579,0.9586092715231788
3508,sports,455,452,0.9934065934065934
2145,business,555,551,0.9927927927927928
8355,sports,535,529,0.9887850467289719
8351,sports,591,582,0.9847715736040609
4744,business,420,399,0.95
3742,sports,650,627,0.9646153846153847
6321,sports,864,848,0.9814814814814815
6478,business,572,558,0.9755244755244755
7634,sports,545,541,0.9926605504587156
3287,politics,936,886,0.9465811965811965
7189,sports,858,826,0.9627039627039627
11190,sports,770,726,0.9428571428571428
1438,sports,817,803,0.9828641370869033
2364,sports,307,296,0.9641693811074918
6947,sports,440,431,0.9795454545454545
5065,sports,535,513,0.9588785046728971
7745,sports,885,875,0.9887005649717514
4803,sports,807,781,0.9677819083023544
6739,sports,884,866,0.9796380090497737
9393,sports,841,819,0.9738406658739596
962,sports,200,191,0.955
7062,sports,665,652,0.9804511278195489
9545,sports,538,538,1.0
10694,sports,942,922,0.9787685774946921
9502,sports,668,650,0.9730538922155688
10176,sports,412,385,0.9344660194174758
5107,sports,767,748,0.9752281616688396
7076,sports,944,892,0.9449152542372882
10528,sports,759,744,0.9802371541501976
3395,sports,299,297,0.9933110367892977
4692,sports,599,588,0.9816360601001669
10910,politics,444,435,0.9797297297297297
11402,sports,701,687,0.9800285306704708
2736,sports,404,398,0.9851485148514851
2505,sports,362,352,0.9723756906077348
1214,sports,771,756,0.980544747081712
4315,politics,827,803,0.9709794437726723
940,business,728,704,0.967032967032967
3909,sports,725,702,0.9682758620689655
8679,sports,153,148,0.9673202614379085
8030,sports,408,391,0.9583333333333334
9654,sports,544,532,0.9779411764705882
7675,sports,714,701,0.9817927170868347
10396,sports,495,478,0.9656565656565657
6659,politics,683,674,0.986822840409956
5862,sports,784,755,0.9630102040816326
5012,sports,726,721,0.9931129476584022
9774,politics,648,636,0.9814814814814815
7083,politics,720,713,0.9902777777777778
8915,sports,584,572,0.9794520547945206
10524,sports,644,624,0.968944099378882
9032,sports,1185,1121,0.9459915611814346
73,business,716,677,0.9455307262569832
2245,sports,123,114,0.926829268292683
1268,sports,291,285,0.979381443298969
2340,sports,930,879,0.9451612903225807
6964,sports,105,100,0.9523809523809523
2819,business,723,703,0.9723374827109267
3957,sports,156,155,0.9935897435897436
7022,sports,589,565,0.9592529711375212
9941,sports,960,934,0.9729166666666667
11172,sports,687,659,0.9592430858806404
2568,business,363,350,0.9641873278236914
11307,sports,475,447,0.9410526315789474
11433,sports,383,373,0.9738903394255874
237,sports,472,445,0.9427966101694916
9936,sports,1006,987,0.9811133200795229
6839,sports,595,574,0.9647058823529412
10709,sports,534,515,0.9644194756554307
3670,sports,113,110,0.9734513274336283
3997,sports,624,605,0.969551282051282
3455,politics,724,707,0.9765193370165746
10751,sports,699,688,0.9842632331902719
2681,sports,309,305,0.9870550161812298
3699,sports,817,779,0.9534883720930233
10008,sports,975,931,0.9548717948717949
1504,sports,148,146,0.9864864864864865
7558,business,720,708,0.9833333333333333
5375,sports,371,368,0.9919137466307277
5812,sports,245,240,0.9795918367346939
10533,sports,416,399,0.9591346153846154
891,sports,675,626,0.9274074074074075
7453,sports,532,517,0.9718045112781954
10925,sports,135,135,1.0
9360,sports,414,404,0.9758454106280193
10181,business,430,426,0.9906976744186047
1355,sports,633,617,0.9747235387045814
10009,sports,966,950,0.9834368530020704
4302,sports,619,608,0.9822294022617124
7243,sports,719,704,0.9791376912378303
9881,sports,483,479,0.9917184265010351
2677,sports,969,946,0.9762641898864809
789,sports,569,554,0.9736379613356766
11217,sports,390,384,0.9846153846153847
1202,sports,783,769,0.9821200510855683
10777,sports,504,490,0.9722222222222222
1230,business,772,728,0.9430051813471503
4837,sports,693,684,0.987012987012987
3625,sports,845,815,0.9644970414201184
485,sports,771,737,0.9559014267185474
11160,sports,346,326,0.9421965317919075
10095,sports,614,610,0.993485342019544
892,sports,355,348,0.9802816901408451
5726,sports,606,581,0.9587458745874587
3310,sports,701,682,0.9728958630527818
8604,sports,775,746,0.9625806451612903
10233,sports,313,305,0.9744408945686901
8835,sports,743,736,0.990578734858681
8825,sports,224,222,0.9910714285714286
6406,sports,439,421,0.958997722095672
560,sports,271,266,0.981549815498155
10815,sports,639,602,0.9420970266040689
6986,politics,442,433,0.9796380090497737
9326,sports,676,654,0.9674556213017751
204,sports,851,831,0.9764982373678026
8833,business,703,696,0.9900426742532006
10259,sports,522,513,0.9827586206896551
3477,politics,399,393,0.9849624060150376
2106,business,455,452,0.9934065934065934
10564,sports,250,238,0.952
3341,sports,1053,1039,0.9867046533713201
10816,politics,694,675,0.9726224783861671
6485,sports,185,182,0.9837837837837838
4103,sports,270,259,0.9592592592592593
4953,business,590,580,0.9830508474576272
8434,sports,694,668,0.962536023054755
1179,sports,956,931,0.9738493723849372
3643,sports,711,699,0.9831223628691983
3357,sports,197,194,0.9847715736040609
6835,sports,702,680,0.9686609686609686
728,sports,912,894,0.9802631578947368
3198,sports,646,615,0.9520123839009288
11323,politics,698,679,0.9727793696275072
2774,sports,669,644,0.9626307922272048
9613,sports,764,747,0.9777486910994765
3494,sports,729,710,0.9739368998628258
5374,sports,500,489,0.978
3378,sports,708,697,0.9844632768361582
7498,sports,675,657,0.9733333333333334
4006,sports,393,385,0.9796437659033079
5896,sports,702,690,0.9829059829059829
5339,business,395,395,1.0
8471,politics,904,859,0.9502212389380531
495,sports,114,111,0.9736842105263158
11299,business,608,605,0.9950657894736842
3034,politics,687,667,0.9708879184861717
9867,business,316,311,0.9841772151898734
1072,sports,1060,1053,0.9933962264150943
6278,sports,465,448,0.9634408602150538
7286,sports,915,897,0.980327868852459
8377,politics,639,633,0.9906103286384976
4608,politics,896,875,0.9765625
477,business,717,670,0.9344490934449093
10897,politics,503,496,0.9860834990059643
5803,sports,1206,1164,0.9651741293532339
11045,business,605,593,0.9801652892561984
7213,business,563,560,0.9946714031971581
10809,politics,978,958,0.9795501022494888
1702,sports,954,917,0.9612159329140462
4860,sports,256,254,0.9921875
971,sports,372,361,0.9704301075268817
4798,sports,753,736,0.9774236387782205
3190,sports,542,519,0.9575645756457565
10647,sports,150,147,0.98
7799,sports,840,819,0.975
6509,sports,972,959,0.9866255144032922
2142,sports,564,558,0.9893617021276596
9338,politics,204,199,0.9754901960784313
10602,politics,641,624,0.9734789391575663
5225,sports,289,278,0.9619377162629758
2397,sports,1009,994,0.9851337958374629
7781,sports,429,418,0.9743589743589743
7222,politics,927,902,0.9730312837108953
10383,sports,818,811,0.991442542787286
2601,business,716,696,0.9720670391061452
7862,sports,630,611,0.9698412698412698
7827,sports,497,492,0.9899396378269618
5168,sports,671,647,0.9642324888226528
1380,business,649,629,0.9691833590138675
10580,sports,98,93,0.9489795918367347
5541,business,608,584,0.9605263157894737
9419,politics,999,974,0.974974974974975
6993,sports,1029,1009,0.9805636540330418
7502,sports,544,514,0.9448529411764706
705,business,959,919,0.9582898852971846
5665,sports,737,713,0.9674355495251018
8942,sports,324,314,0.9691358024691358
2789,sports,631,622,0.9857369255150554
10377,sports,780,759,0.9730769230769231
4403,sports,558,543,0.9731182795698925
4344,sports,570,551,0.9666666666666667
9125,sports,902,887,0.983370288248337
4008,politics,935,922,0.986096256684492
215,sports,99,96,0.9696969696969697
3789,sports,820,780,0.9512195121951219
1714,business,673,659,0.9791976225854383
2061,sports,133,122,0.9172932330827067
1943,business,635,613,0.9653543307086614
5434,sports,263,254,0.9657794676806084
4613,sports,407,397,0.9754299754299754
10862,sports,140,127,0.9071428571428571
11164,sports,368,353,0.9592391304347826
1452,sports,80,70,0.875
3193,sports,701,656,0.9358059914407989
8520,sports,554,522,0.9422382671480144
1343,sports,634,618,0.9747634069400631
10330,sports,892,859,0.9630044843049327
9019,sports,353,342,0.9688385269121813
3407,sports,646,627,0.9705882352941176
312,business,524,520,0.9923664122137404
5253,sports,496,473,0.9536290322580645
2994,politics,424,402,0.9481132075471698
8113,sports,347,337,0.9711815561959655
3074,sports,861,852,0.9895470383275261
7170,sports,441,425,0.963718820861678
1051,sports,125,120,0.96
291,business,555,540,0.972972972972973
2731,politics,797,778,0.9761606022584692
6333,business,693,656,0.9466089466089466
3466,sports,803,778,0.9688667496886675
3481,sports,933,873,0.9356913183279743
1962,politics,516,501,0.9709302325581395
9585,sports,812,795,0.979064039408867
8226,politics,704,682,0.96875
1561,sports,457,449,0.9824945295404814
10971,sports,418,405,0.9688995215311005
5883,sports,963,931,0.9667705088265836
7937,sports,426,396,0.9295774647887324
9767,politics,351,345,0.9829059829059829
3697,sports,884,857,0.9694570135746606
1730,sports,210,205,0.9761904761904762
2675,politics,234,229,0.9786324786324786
11418,sports,671,632,0.9418777943368107
9808,sports,904,871,0.963495575221239
2,sports,100,91,0.91
876,sports,571,565,0.989492119089317
779,sports,239,236,0.9874476987447699
7339,sports,383,368,0.9608355091383812
4817,sports,733,718,0.9795361527967258
1094,sports,476,468,0.9831932773109243
6894,sports,851,816,0.9588719153936546
4184,sports,800,793,0.99125
3651,politics,750,734,0.9786666666666667
5662,politics,536,525,0.9794776119402985
7624,sports,762,749,0.9829396325459318
3607,politics,670,647,0.9656716417910448
947,sports,945,911,0.964021164021164
1771,sports,279,266,0.953405017921147
9556,sports,686,646,0.9416909620991254
6391,sports,495,490,0.98989898989899
8845,sports,740,720,0.972972972972973
1346,sports,1000,974,0.974
4121,sports,959,933,0.97288842544317
4710,sports,868,850,0.9792626728110599
8672,sports,96,88,0.9166666666666666
355,business,671,632,0.9418777943368107
2007,sports,609,602,0.9885057471264368
3172,sports,814,807,0.9914004914004914
4513,sports,869,852,0.9804372842347526
5447,politics,647,635,0.98145285935085
9300,sports,503,493,0.9801192842942346
3920,sports,895,867,0.9687150837988827
2357,sports,1210,1154,0.9537190082644628
4808,sports,790,773,0.9784810126582278
4062,sports,680,661,0.9720588235294118
2894,politics,441,441,1.0
117,sports,136,130,0.9558823529411765
7064,sports,626,614,0.9808306709265175
3054,sports,1121,1102,0.9830508474576272
9655,sports,977,964,0.9866939611054247
9719,sports,660,645,0.9772727272727273
2295,sports,158,149,0.9430379746835443
381,sports,569,543,0.9543057996485061
10749,sports,302,283,0.9370860927152318
10401,politics,711,696,0.9789029535864979
6250,business,402,396,0.9850746268656716
224,business,570,555,0.9736842105263158
1233,politics,934,924,0.9892933618843683
213,sports,393,390,0.9923664122137404
556,politics,884,843,0.9536199095022625
11142,sports,502,480,0.9561752988047809
9619,sports,781,767,0.9820742637644047
10560,sports,140,138,0.9857142857142858
7309,sports,915,880,0.9617486338797814
364,sports,1013,983,0.9703849950641659
4600,sports,660,629,0.953030303030303
4569,sports,5035,4915,0.9761668321747765
8789,politics,909,882,0.9702970297029703
6457,business,559,555,0.9928443649373881
10787,sports,606,587,0.9686468646864687
152,sports,330,311,0.9424242424242424
25,sports,134,127,0.9477611940298507
9733,sports,249,248,0.9959839357429718
1322,business,1008,948,0.9404761904761905
10790,business,680,662,0.9735294117647059
6620,sports,398,368,0.9246231155778895
10453,sports,1032,1004,0.9728682170542635
1065,sports,435,425,0.9770114942528736
5762,politics,587,558,0.9505962521294719
6501,sports,920,887,0.9641304347826087
8015,sports,692,674,0.9739884393063584
8790,sports,641,627,0.9781591263650546
10799,sports,979,966,0.9867211440245148
5933,sports,792,784,0.98989898989899
5514,sports,981,924,0.9418960244648318
4662,sports,511,500,0.9784735812133072
5821,politics,670,635,0.9477611940298507
10225,sports,678,645,0.9513274336283186
6733,business,814,792,0.972972972972973
8675,sports,792,774,0.9772727272727273
6934,sports,805,781,0.9701863354037267
7137,sports,1072,1060,0.9888059701492538
7465,sports,780,766,0.982051282051282
1974,sports,944,929,0.9841101694915254
2845,sports,627,600,0.9569377990430622
3217,sports,688,666,0.9680232558139535
11076,sports,1453,1422,0.9786648313833448
9757,sports,802,782,0.9750623441396509
1861,sports,901,876,0.9722530521642619
1174,sports,205,202,0.9853658536585366
5438,sports,960,937,0.9760416666666667
4936,sports,948,938,0.989451476793249
856,sports,656,645,0.9832317073170732
3416,politics,497,479,0.9637826961770624
6743,sports,770,738,0.9584415584415584
7909,sports,293,278,0.9488054607508533
2257,sports,802,772,0.9625935162094763
3544,sports,1002,952,0.9500998003992016
1726,sports,204,192,0.9411764705882353
1327,sports,931,873,0.9377013963480129
2362,politics,692,673,0.9725433526011561
4374,politics,912,896,0.9824561403508771
10879,business,310,307,0.9903225806451613
6502,politics,738,711,0.9634146341463414
1606,sports,278,271,0.9748201438848921
8535,business,920,876,0.9521739130434783
6148,politics,632,608,0.9620253164556962
6813,politics,683,670,0.9809663250366032
7903,business,629,626,0.9952305246422893
6682,sports,715,701,0.9804195804195804
3151,sports,807,798,0.9888475836431226
4666,sports,689,656,0.9521044992743106
9579,politics,956,893,0.9341004184100419
9769,politics,596,567,0.9513422818791947
2216,business,441,422,0.9569160997732427
6636,sports,597,590,0.9882747068676717
8800,politics,302,297,0.9834437086092715
1145,sports,469,468,0.997867803837953
11265,sports,555,516,0.9297297297297298
2350,sports,244,230,0.9426229508196722
2219,sports,336,327,0.9732142857142857
11412,sports,503,466,0.9264413518886679
3325,business,402,389,0.9676616915422885
2393,sports,254,245,0.9645669291338582
9421,sports,648,635,0.9799382716049383
5858,sports,682,665,0.9750733137829912
523,sports,132,130,0.9848484848484849
10194,sports,571,555,0.9719789842381786
10834,sports,554,534,0.9638989169675091
11374,sports,665,652,0.9804511278195489
3230,sports,591,578,0.9780033840947546
8388,sports,700,681,0.9728571428571429
69,sports,545,542,0.9944954128440368
440,sports,97,79,0.8144329896907216
7171,sports,967,941,0.9731127197518097
7763,business,360,359,0.9972222222222222
9815,sports,819,808,0.9865689865689866
9158,sports,893,882,0.9876819708846585
8125,sports,738,717,0.9715447154471545
8885,sports,990,981,0.990909090909091
4317,politics,706,691,0.9787535410764873
745,sports,805,789,0.9801242236024845
2032,business,688,656,0.9534883720930233
9843,politics,915,885,0.9672131147540983
843,sports,521,517,0.9923224568138196
4325,sports,661,648,0.9803328290468987
7881,business,674,668,0.9910979228486647
7321,sports,708,682,0.963276836158192
11200,sports,821,793,0.9658952496954933
9147,sports,510,495,0.9705882352941176
8031,business,711,700,0.9845288326300985
1237,sports,293,288,0.9829351535836177
5354,sports,915,900,0.9836065573770492
4810,sports,501,469,0.936127744510978
10187,sports,579,572,0.9879101899827288
1073,business,959,930,0.9697601668404588
750,business,550,528,0.96
10927,sports,940,919,0.9776595744680852
2973,business,333,305,0.9159159159159159
10886,politics,719,712,0.9902642559109874
1854,sports,881,852,0.9670828603859251
4063,sports,649,622,0.9583975346687211
9126,sports,493,475,0.9634888438133874
3406,sports,137,129,0.9416058394160584
9888,sports,331,325,0.9818731117824774
10100,sports,428,418,0.9766355140186916
2276,sports,459,451,0.9825708061002179
7426,politics,724,711,0.9820441988950276
4873,politics,736,723,0.9823369565217391
3369,sports,946,925,0.9778012684989429
11051,business,481,475,0.9875259875259875
4981,sports,483,479,0.9917184265010351
5248,politics,670,663,0.9895522388059701
4413,sports,778,768,0.987146529562982
5172,politics,1010,989,0.9792079207920792
1306,sports,606,598,0.9867986798679867
2058,sports,832,787,0.9459134615384616
85,business,580,568,0.9793103448275862
7959,sports,292,289,0.9897260273972602
662,sports,665,660,0.9924812030075187
5479,sports,503,494,0.9821073558648111
4850,business,405,398,0.9827160493827161
10063,business,253,247,0.9762845849802372
9406,business,726,714,0.9834710743801653
11017,business,574,570,0.9930313588850174
1535,sports,233,219,0.9399141630901288
2782,politics,690,673,0.9753623188405797
1770,business,877,842,0.9600912200684151
3924,sports,483,460,0.9523809523809523
207,sports,162,158,0.9753086419753086
2101,sports,119,114,0.957983193277311
9011,sports,802,793,0.9887780548628429
4201,sports,66,63,0.9545454545454546
7141,sports,1225,1187,0.9689795918367347
6952,sports,904,897,0.9922566371681416
9467,sports,763,751,0.9842726081258192
6865,sports,658,647,0.9832826747720365
8251,politics,574,554,0.9651567944250871
7437,business,885,854,0.9649717514124294
8052,sports,1136,1080,0.9507042253521126
807,business,541,540,0.9981515711645101
2228,sports,409,405,0.9902200488997555
11018,business,777,744,0.9575289575289575
7919,sports,803,757,0.9427148194271482
10701,sports,204,200,0.9803921568627451
7801,sports,853,810,0.9495896834701055
8191,politics,713,696,0.9761570827489481
3141,sports,1005,984,0.9791044776119403
6784,sports,791,772,0.9759797724399494
1310,sports,798,797,0.9987468671679198
179,sports,139,133,0.9568345323741008
10072,sports,562,554,0.9857651245551602
5402,sports,747,733,0.9812583668005355
10745,politics,756,742,0.9814814814814815
1626,business,712,694,0.9747191011235955
4774,sports,827,806,0.9746070133010882
6434,sports,710,687,0.967605633802817
7553,sports,708,692,0.9774011299435028
3554,politics,620,612,0.9870967741935484
10077,politics,651,603,0.9262672811059908
7094,sports,611,596,0.9754500818330606
10941,sports,135,132,0.9777777777777777
8367,sports,625,612,0.9792
2055,sports,160,152,0.95
4462,sports,631,617,0.9778129952456418
1490,sports,417,398,0.9544364508393285
1720,sports,117,111,0.9487179487179487
1414,sports,328,318,0.9695121951219512
3415,sports,1370,1341,0.9788321167883212
3562,politics,486,474,0.9753086419753086
357,sports,574,552,0.9616724738675958
6125,sports,688,669,0.9723837209302325
7698,sports,975,948,0.9723076923076923
5775,sports,557,539,0.9676840215439856
6264,business,740,714,0.9648648648648649
3444,politics,726,712,0.9807162534435262
6240,sports,542,530,0.977859778597786
6251,sports,795,760,0.9559748427672956
4752,sports,146,136,0.9315068493150684
1985,business,626,614,0.9808306709265175
4124,sports,583,544,0.9331046312178388
6490,politics,261,255,0.9770114942528736
1013,sports,573,554,0.9668411867364747
1975,sports,417,395,0.947242206235012
11465,sports,626,598,0.9552715654952076
4031,business,468,460,0.9829059829059829
5154,sports,633,608,0.9605055292259084
3087,sports,705,688,0.975886524822695
11500,business,629,624,0.9920508744038156
4815,sports,600,591,0.985
2114,business,863,836,0.9687137891077636
6214,politics,481,455,0.9459459459459459
7231,sports,109,104,0.9541284403669725
4764,sports,132,122,0.9242424242424242
9612,sports,343,338,0.9854227405247813
6615,sports,640,609,0.9515625
3413,politics,892,865,0.9697309417040358
77,sports,480,458,0.9541666666666667
4955,sports,717,694,0.9679218967921897
6809,sports,902,869,0.9634146341463414
8813,sports,661,656,0.9924357034795764
348,business,275,266,0.9672727272727273
921,sports,198,197,0.9949494949494949
5918,sports,815,801,0.9828220858895705
9439,sports,547,541,0.9890310786106032
10622,sports,980,956,0.9755102040816327
2370,business,906,890,0.9823399558498896
4367,politics,425,416,0.9788235294117648
7993,business,590,576,0.976271186440678
4035,sports,488,471,0.9651639344262295
4750,sports,720,706,0.9805555555555555
8017,sports,780,746,0.9564102564102565
7867,sports,404,396,0.9801980198019802
1109,sports,575,561,0.9756521739130435
4980,sports,742,721,0.9716981132075472
8735,sports,688,669,0.9723837209302325
1643,sports,317,302,0.9526813880126183
1470,sports,911,883,0.969264544456641
10182,politics,1132,1105,0.976148409893993
5776,sports,756,721,0.9537037037037037
6657,sports,632,622,0.9841772151898734
9968,sports,503,468,0.9304174950298211
1495,sports,330,320,0.9696969696969697
3860,sports,741,731,0.9865047233468286
10083,sports,639,632,0.9890453834115805
4824,politics,876,860,0.9817351598173516
11416,sports,974,928,0.9527720739219713
8760,politics,675,661,0.9792592592592593
7486,sports,677,666,0.983751846381093
6218,sports,417,413,0.9904076738609112
8989,sports,637,620,0.9733124018838305
1711,business,718,698,0.9721448467966574
7645,politics,660,652,0.9878787878787879
8990,sports,734,725,0.9877384196185286
2662,sports,699,675,0.9656652360515021
5680,business,916,885,0.9661572052401747
5887,sports,715,702,0.9818181818181818
8958,sports,631,614,0.9730586370839936
5989,sports,668,637,0.9535928143712575
9433,sports,967,938,0.9700103412616339
6757,sports,149,141,0.9463087248322147
3453,sports,100,97,0.97
9114,sports,664,631,0.9503012048192772
9906,sports,443,427,0.963882618510158
8081,sports,669,651,0.9730941704035875
6433,sports,491,486,0.9898167006109979
10796,sports,516,511,0.9903100775193798
7156,sports,720,694,0.9638888888888889
7488,sports,612,586,0.9575163398692811
8283,sports,915,905,0.9890710382513661
2161,business,499,485,0.9719438877755511
10308,sports,685,672,0.981021897810219
4475,politics,784,756,0.9642857142857143
10411,sports,303,290,0.9570957095709571
5809,sports,531,499,0.9397363465160076
10280,sports,354,351,0.9915254237288136
4024,sports,555,526,0.9477477477477477
49,sports,218,209,0.9587155963302753
5423,sports,82,82,1.0
951,sports,233,226,0.9699570815450643
3867,sports,808,773,0.9566831683168316
10772,sports,382,352,0.9214659685863874
7195,sports,816,811,0.9938725490196079
9081,sports,304,285,0.9375
8090,business,267,266,0.9962546816479401
8753,sports,986,962,0.9756592292089249
7371,sports,421,417,0.9904988123515439
10839,sports,453,437,0.9646799116997793
3099,sports,98,96,0.9795918367346939
1857,sports,908,880,0.9691629955947136
1567,sports,510,503,0.9862745098039216
7005,sports,316,305,0.9651898734177216
6756,sports,289,283,0.9792387543252595
8123,sports,988,961,0.9726720647773279
7214,sports,630,592,0.9396825396825397
4193,sports,868,849,0.978110599078341
7281,business,602,585,0.9717607973421927
11128,sports,757,728,0.9616908850726552
1422,sports,602,578,0.9601328903654485
4338,sports,1069,1059,0.990645463049579
2424,sports,642,624,0.9719626168224299
3090,sports,743,718,0.9663526244952894
512,sports,152,148,0.9736842105263158
4054,sports,690,670,0.9710144927536232
11191,sports,305,294,0.9639344262295082
2572,business,679,657,0.96759941089838
55,sports,437,429,0.9816933638443935
7666,sports,718,709,0.9874651810584958
10140,sports,887,864,0.9740698985343855
6261,sports,629,607,0.9650238473767886
4780,politics,830,807,0.9722891566265061
10081,politics,697,679,0.9741750358680057
10888,sports,984,959,0.9745934959349594
9072,politics,666,641,0.9624624624624625
8680,sports,958,938,0.9791231732776617
1616,business,609,598,0.9819376026272578
3659,sports,832,816,0.9807692307692307
1018,sports,149,142,0.9530201342281879
9118,sports,773,755,0.9767141009055628
10601,sports,737,730,0.9905020352781547
6804,sports,332,324,0.9759036144578314
709,sports,736,708,0.9619565217391305
8039,politics,718,706,0.9832869080779945
9303,sports,997,963,0.9658976930792377
11195,business,732,709,0.9685792349726776
4272,sports,64,61,0.953125
1526,sports,160,152,0.95
4867,business,1166,1149,0.9854202401372213
1810,sports,670,647,0.9656716417910448
8725,politics,745,723,0.9704697986577181
4222,sports,665,620,0.9323308270676691
3511,politics,718,708,0.9860724233983287
4853,business,1037,1023,0.9864995178399228
9978,sports,606,581,0.9587458745874587
11460,sports,717,706,0.9846582984658299
4827,sports,624,600,0.9615384615384616
4747,politics,710,688,0.9690140845070423
2284,business,728,704,0.967032967032967
9504,sports,366,350,0.9562841530054644
1656,sports,898,881,0.9810690423162584
5813,sports,785,771,0.9821656050955414
7877,business,275,272,0.9890909090909091
5889,politics,749,735,0.9813084112149533
3176,politics,791,743,0.9393173198482933
6701,sports,438,431,0.9840182648401826
7207,business,459,451,0.9825708061002179
8899,sports,719,705,0.980528511821975
8446,business,418,409,0.9784688995215312
9078,sports,760,736,0.968421052631579
8184,sports,525,513,0.9771428571428571
11219,sports,690,677,0.981159420289855
8370,sports,619,607,0.9806138933764136
1723,sports,110,104,0.9454545454545454
7967,politics,650,641,0.9861538461538462
9756,sports,794,773,0.9735516372795969
2957,politics,783,737,0.9412515964240102
11349,business,845,829,0.9810650887573964
8774,sports,757,724,0.9564068692206077
7823,sports,706,682,0.9660056657223796
7080,sports,1044,1018,0.975095785440613
9138,sports,723,709,0.9806362378976486
6820,politics,699,677,0.9685264663805436
7696,sports,323,301,0.9318885448916409
6390,sports,1031,1000,0.9699321047526673
7856,sports,323,291,0.9009287925696594
1482,business,626,615,0.9824281150159745
10011,sports,991,981,0.9899091826437941
6847,politics,749,715,0.9546061415220294
2351,sports,561,550,0.9803921568627451
8781,sports,819,810,0.989010989010989
3478,sports,883,840,0.9513023782559457
11111,business,415,412,0.9927710843373494
5811,sports,566,557,0.9840989399293286
8045,business,491,489,0.9959266802443992
7477,sports,979,957,0.9775280898876404
5144,sports,493,477,0.9675456389452333
9529,sports,776,763,0.9832474226804123
10653,sports,804,787,0.9788557213930348
5271,sports,742,721,0.9716981132075472
7373,sports,725,710,0.9793103448275862
5056,sports,655,642,0.9801526717557252
9201,politics,607,604,0.9950576606260296
570,business,821,801,0.9756394640682094
4657,sports,457,452,0.9890590809628009
7786,sports,459,444,0.9673202614379085
577,sports,175,169,0.9657142857142857
1766,sports,769,709,0.9219765929778934
10942,sports,321,311,0.9688473520249221
8879,politics,339,336,0.9911504424778761
8855,politics,801,785,0.9800249687890137
3013,sports,720,675,0.9375
10367,sports,452,446,0.9867256637168141
9445,sports,709,700,0.9873060648801129
551,sports,954,937,0.9821802935010482
2621,politics,609,598,0.9819376026272578
3249,business,913,874,0.9572836801752465
4309,politics,569,552,0.9701230228471002
4639,sports,735,712,0.9687074829931973
8432,sports,680,661,0.9720588235294118
2883,sports,119,119,1.0
9402,business,426,423,0.9929577464788732
1698,sports,356,313,0.8792134831460674
540,sports,520,505,0.9711538461538461
11450,business,710,703,0.9901408450704225
1255,sports,164,158,0.9634146341463414
4588,sports,366,348,0.9508196721311475
110,business,374,356,0.9518716577540107
9234,sports,708,686,0.9689265536723164
10387,sports,612,604,0.9869281045751634
882,business,966,934,0.9668737060041408
8481,sports,1028,1007,0.9795719844357976
1437,sports,444,433,0.9752252252252253
9667,sports,782,735,0.9398976982097187
11140,business,803,794,0.9887920298879203
9780,sports,612,603,0.9852941176470589
5391,politics,559,533,0.9534883720930233
8700,sports,867,843,0.972318339100346
11055,business,297,291,0.9797979797979798
1577,sports,497,493,0.9919517102615694
7111,politics,736,719,0.9769021739130435
2650,sports,153,145,0.9477124183006536
6385,sports,824,800,0.970873786407767
5147,sports,225,220,0.9777777777777777
139,sports,255,252,0.9882352941176471
3538,sports,917,880,0.9596510359869138
157,sports,971,926,0.9536560247167868
2303,sports,544,524,0.9632352941176471
10339,sports,615,609,0.9902439024390244
3219,politics,743,725,0.9757738896366084
11246,sports,380,357,0.9394736842105263
5205,politics,678,664,0.9793510324483776
2862,sports,916,884,0.9650655021834061
538,sports,227,217,0.9559471365638766
3259,sports,633,603,0.95260663507109
10515,sports,244,240,0.9836065573770492
1049,sports,445,440,0.9887640449438202
11296,sports,632,614,0.9715189873417721
602,sports,814,787,0.9668304668304668
6907,sports,190,187,0.9842105263157894
10568,sports,980,955,0.9744897959183674
4528,sports,805,783,0.9726708074534162
10449,politics,651,630,0.967741935483871
8625,politics,653,635,0.9724349157733537
5508,sports,951,928,0.9758149316508938
9276,sports,291,289,0.993127147766323
2980,sports,669,654,0.9775784753363229
10284,sports,616,577,0.9366883116883117
6831,politics,800,776,0.97
10198,business,423,423,1.0
5283,business,367,367,1.0
6430,sports,762,752,0.9868766404199475
1148,sports,438,433,0.9885844748858448
1409,sports,223,222,0.9955156950672646
4683,politics,716,700,0.9776536312849162
3767,sports,823,773,0.9392466585662211
8752,sports,768,751,0.9778645833333334
3758,sports,675,660,0.9777777777777777
3893,sports,812,791,0.9741379310344828
6722,sports,880,857,0.9738636363636364
8888,sports,564,550,0.975177304964539
9194,sports,71,71,1.0
3569,sports,692,666,0.9624277456647399
244,business,352,344,0.9772727272727273
6843,sports,659,636,0.9650986342943855
4482,sports,435,425,0.9770114942528736
7628,sports,985,954,0.9685279187817258
6165,sports,584,562,0.9623287671232876
9858,sports,117,117,1.0
8922,sports,733,716,0.9768076398362893
9578,sports,774,749,0.9677002583979328
3102,sports,785,759,0.9668789808917198
2317,business,763,751,0.9842726081258192
4096,sports,881,854,0.9693530079455165
8987,sports,728,676,0.9285714285714286
1110,sports,87,82,0.9425287356321839
11129,sports,618,612,0.9902912621359223
318,sports,563,555,0.9857904085257548
10156,sports,838,812,0.9689737470167065
5572,sports,421,404,0.9596199524940617
5237,sports,731,722,0.987688098495212
6280,politics,551,528,0.9582577132486388
7682,sports,402,376,0.9353233830845771
6760,sports,558,550,0.985663082437276
5523,sports,579,555,0.9585492227979274
9956,sports,708,693,0.9788135593220338
2020,sports,280,278,0.9928571428571429
6199,politics,710,703,0.9901408450704225
5182,sports,620,604,0.9741935483870968
1704,sports,378,374,0.9894179894179894
6901,sports,1076,1053,0.9786245353159851
5982,politics,1030,1016,0.9864077669902913
10205,sports,676,642,0.9497041420118343
6609,sports,668,629,0.9416167664670658
1171,sports,187,184,0.983957219251337
1731,sports,141,136,0.9645390070921985
6001,politics,636,618,0.9716981132075472
10804,sports,868,854,0.9838709677419355
10425,sports,372,356,0.956989247311828
7474,business,690,678,0.9826086956521739
10821,politics,896,862,0.9620535714285714
5831,business,514,506,0.9844357976653697
10912,sports,750,738,0.984
11404,sports,925,901,0.9740540540540541
1965,sports,784,740,0.9438775510204082
6424,sports,686,672,0.9795918367346939
1342,sports,660,632,0.9575757575757575
4718,politics,696,676,0.9712643678160919
9260,sports,654,628,0.9602446483180428
7692,business,692,675,0.9754335260115607
8488,sports,464,441,0.9504310344827587
11366,sports,523,504,0.9636711281070746
9205,sports,610,597,0.978688524590164
8233,politics,910,898,0.9868131868131869
10132,sports,463,437,0.9438444924406048
6925,sports,232,228,0.9827586206896551
7841,sports,719,709,0.9860917941585535
10386,sports,818,793,0.969437652811736
9782,politics,672,667,0.9925595238095238
4901,sports,569,550,0.9666080843585237
7140,sports,238,226,0.9495798319327731
10153,politics,563,538,0.955595026642984
7676,sports,844,826,0.9786729857819905
7824,sports,648,622,0.9598765432098766
901,sports,678,650,0.9587020648967551
5242,politics,729,703,0.9643347050754458
8187,politics,703,676,0.9615931721194879
8909,sports,1015,992,0.9773399014778326
10148,sports,708,691,0.9759887005649718
8130,sports,764,733,0.9594240837696335
178,sports,497,464,0.9336016096579477
11518,business,741,731,0.9865047233468286
1870,business,711,694,0.9760900140646976
5431,sports,757,736,0.9722589167767504
11170,sports,759,716,0.9433465085638999
3178,business,677,662,0.9778434268833087
4602,sports,727,712,0.9793672627235214
2084,business,747,730,0.9772423025435074
5322,sports,936,920,0.9829059829059829
6215,sports,661,636,0.962178517397882
1767,sports,186,168,0.9032258064516129
3809,sports,513,485,0.9454191033138402
1600,business,657,620,0.943683409436834
7631,sports,452,450,0.995575221238938
2440,sports,396,389,0.9823232323232324
7633,sports,741,713,0.9622132253711201
5577,sports,954,935,0.980083857442348
5971,sports,614,597,0.9723127035830619
4353,sports,120,118,0.9833333333333333
72,sports,271,259,0.955719557195572
8848,sports,902,883,0.9789356984478935
2981,sports,663,643,0.9698340874811463
2352,sports,93,79,0.8494623655913979
2764,politics,495,487,0.9838383838383838
6064,sports,908,873,0.961453744493392
9287,sports,802,777,0.9688279301745636
10282,sports,399,383,0.9598997493734336
8974,sports,778,764,0.9820051413881749
6591,sports,151,151,1.0
10040,sports,597,578,0.9681742043551089
9659,sports,844,838,0.9928909952606635
9266,sports,810,779,0.9617283950617284
2747,sports,1159,1132,0.9767040552200172
6318,sports,679,661,0.9734904270986745
2070,sports,337,314,0.9317507418397626
5637,sports,94,89,0.9468085106382979
8512,sports,896,865,0.9654017857142857
6618,politics,499,488,0.9779559118236473
3048,sports,106,98,0.9245283018867925
3040,politics,1022,980,0.958904109589041
2969,sports,696,670,0.9626436781609196
4665,sports,691,676,0.9782923299565847
11340,sports,794,753,0.9483627204030227
9589,sports,283,273,0.9646643109540636
2404,sports,770,747,0.9701298701298702
643,sports,120,120,1.0
8279,sports,411,394,0.9586374695863747
3240,sports,734,715,0.9741144414168937
3223,sports,744,734,0.9865591397849462
5024,business,103,102,0.9902912621359223
8273,sports,423,394,0.9314420803782506
2095,sports,764,755,0.9882198952879581
2254,sports,301,285,0.946843853820598
9004,business,451,449,0.9955654101995566
10046,sports,992,941,0.9485887096774194
6589,sports,726,708,0.9752066115702479
4301,sports,915,894,0.9770491803278688
9134,sports,695,684,0.9841726618705036
309,sports,619,610,0.9854604200323102
9574,sports,250,236,0.944
9443,sports,787,774,0.9834815756035579
3370,sports,119,115,0.9663865546218487
8676,sports,1155,1122,0.9714285714285714
266,sports,357,350,0.9803921568627451
2196,sports,689,667,0.9680696661828737
4548,sports,507,488,0.9625246548323472
3572,business,1182,1170,0.9898477157360406
10409,politics,1246,1214,0.9743178170144462
9707,sports,820,803,0.9792682926829268
5139,politics,1212,1156,0.9537953795379538
4595,sports,470,461,0.9808510638297873
5868,sports,693,674,0.9725829725829725
9282,sports,571,548,0.9597197898423818
5984,business,284,284,1.0
5190,politics,797,777,0.9749058971141782
5669,sports,1011,997,0.9861523244312562
10234,business,394,388,0.9847715736040609
10318,sports,781,751,0.9615877080665813
2146,sports,899,869,0.9666295884315906
5040,politics,858,835,0.9731934731934732
6422,business,561,554,0.9875222816399287
6683,sports,713,695,0.9747545582047685
5936,sports,723,681,0.941908713692946
11491,sports,758,735,0.9696569920844327
11439,sports,112,106,0.9464285714285714
2992,sports,466,460,0.9871244635193133
9879,politics,626,615,0.9824281150159745
553,business,878,858,0.9772209567198178
8289,business,724,716,0.988950276243094
5351,sports,593,572,0.9645868465430016
52,sports,107,103,0.9626168224299065
2605,sports,186,172,0.9247311827956989
5709,politics,626,602,0.9616613418530351
7192,sports,479,457,0.954070981210856
3560,politics,926,867,0.9362850971922246
1038,sports,237,231,0.9746835443037974
3014,sports,674,669,0.9925816023738873
9042,sports,727,701,0.9642365887207703
9575,sports,712,699,0.9817415730337079
4259,business,393,392,0.9974554707379135
6789,sports,710,682,0.9605633802816902
7494,politics,595,577,0.9697478991596639
5366,politics,688,673,0.9781976744186046
3320,sports,857,841,0.9813302217036173
6860,sports,512,497,0.970703125
8708,sports,1016,969,0.9537401574803149
4802,sports,829,795,0.9589867310012062
4030,politics,989,973,0.9838220424671386
6320,sports,774,756,0.9767441860465116
9533,sports,821,803,0.9780755176613886
10058,sports,984,948,0.9634146341463414
2666,sports,750,739,0.9853333333333333
11038,business,854,845,0.9894613583138173
3978,politics,424,404,0.9528301886792453
2611,business,731,721,0.9863201094391245
6904,politics,695,678,0.9755395683453237
6359,sports,862,844,0.9791183294663574
4502,sports,410,405,0.9878048780487805
4698,sports,278,270,0.9712230215827338
10589,sports,766,738,0.9634464751958225
8482,sports,782,764,0.9769820971867008
11060,business,704,697,0.9900568181818182
5516,sports,806,791,0.9813895781637717
4975,business,449,441,0.9821826280623608
9646,sports,383,377,0.9843342036553525
4341,politics,550,529,0.9618181818181818
4722,sports,1083,1059,0.9778393351800554
1164,business,701,665,0.948644793152639
9690,business,702,663,0.9444444444444444
8712,sports,704,696,0.9886363636363636
11206,sports,628,605,0.9633757961783439
5660,sports,713,696,0.9761570827489481
10191,sports,346,339,0.9797687861271677
6054,business,599,594,0.991652754590985
10911,politics,784,760,0.9693877551020408
10903,politics,767,728,0.9491525423728814
6079,business,836,810,0.9688995215311005
9760,politics,901,848,0.9411764705882353
7646,politics,665,633,0.9518796992481203
5794,sports,681,666,0.9779735682819384
6061,sports,960,931,0.9697916666666667
8447,politics,667,656,0.9835082458770614
1742,sports,442,421,0.9524886877828054
3495,sports,1000,978,0.978
2272,business,581,552,0.9500860585197934
10730,sports,324,309,0.9537037037037037
11302,sports,407,383,0.941031941031941
11147,business,740,734,0.9918918918918919
7276,sports,471,452,0.9596602972399151
6730,sports,526,509,0.967680608365019
8589,sports,755,733,0.9708609271523179
10286,politics,839,824,0.9821215733015495
6040,sports,891,870,0.9764309764309764
1536,business,627,610,0.9728867623604466
386,business,429,420,0.9790209790209791
1967,politics,1096,1071,0.9771897810218978
8216,sports,719,706,0.9819193324061196
11188,sports,820,805,0.9817073170731707
6329,politics,679,671,0.9882179675994109
8744,sports,676,661,0.977810650887574
9543,sports,112,110,0.9821428571428571
522,sports,844,807,0.9561611374407583
930,sports,84,76,0.9047619047619048
6112,politics,770,747,0.9701298701298702
7889,sports,723,716,0.9903181189488244
1763,sports,251,241,0.9601593625498008
8489,sports,582,573,0.9845360824742269
2926,sports,331,312,0.9425981873111783
3843,politics,584,567,0.9708904109589042
9418,politics,1181,1164,0.9856054191363252
2038,sports,543,536,0.9871086556169429
9339,sports,1007,975,0.968222442899702
8945,sports,590,579,0.9813559322033898
2901,sports,202,190,0.9405940594059405
6438,sports,342,332,0.9707602339181286
9673,sports,696,679,0.9755747126436781
3943,sports,788,755,0.9581218274111675
4669,business,436,434,0.9954128440366973
8525,sports,284,276,0.971830985915493
5842,business,807,785,0.9727385377942999
2493,sports,374,366,0.9786096256684492
307,business,397,393,0.9899244332493703
8782,sports,1028,1016,0.9883268482490273
3537,politics,672,652,0.9702380952380952
7930,sports,500,476,0.952
6776,sports,771,760,0.9857328145265889
9152,sports,828,811,0.9794685990338164
633,sports,232,230,0.9913793103448276
8271,sports,721,700,0.970873786407767
1689,business,658,645,0.9802431610942249
9018,sports,691,654,0.9464544138929089
11315,business,541,528,0.9759704251386322
306,sports,567,558,0.9841269841269841
9710,sports,701,654,0.9329529243937232
755,sports,228,225,0.9868421052631579
7378,sports,655,647,0.9877862595419847
417,business,698,683,0.9785100286532952
4172,sports,400,383,0.9575
6908,sports,722,711,0.9847645429362881
9420,sports,536,521,0.9720149253731343
7798,politics,708,691,0.9759887005649718
1354,sports,653,634,0.9709035222052067
11012,sports,250,231,0.924
9434,sports,428,426,0.9953271028037384
36,sports,429,418,0.9743589743589743
5162,business,89,89,1.0
4479,sports,977,958,0.9805527123848515
6392,sports,361,358,0.9916897506925207
1818,business,548,545,0.9945255474452555
259,sports,299,288,0.9632107023411371
3807,business,933,906,0.9710610932475884
4138,sports,1086,1057,0.9732965009208103
7999,politics,740,711,0.9608108108108108
11320,sports,933,895,0.9592711682743837
9440,politics,469,465,0.9914712153518124
6203,sports,535,526,0.983177570093458
10699,sports,924,905,0.9794372294372294
9490,sports,926,899,0.9708423326133909
10104,sports,937,903,0.9637139807897546
1091,sports,278,272,0.9784172661870504
10786,sports,799,781,0.9774718397997497
2826,sports,387,367,0.9483204134366925
6846,sports,670,636,0.9492537313432836
10380,politics,770,759,0.9857142857142858
1587,business,281,274,0.9750889679715302
3154,sports,522,504,0.9655172413793104
6288,politics,697,681,0.9770444763271162
10907,sports,640,620,0.96875
3873,sports,379,372,0.9815303430079155
6349,sports,782,768,0.9820971867007673
9481,sports,866,844,0.9745958429561201
10586,sports,788,745,0.9454314720812182
2222,sports,817,805,0.98531211750306
186,business,681,672,0.986784140969163
2432,sports,806,785,0.9739454094292804
7031,sports,824,811,0.9842233009708737
9863,business,753,695,0.9229747675962815
5560,sports,931,920,0.9881847475832438
9864,sports,749,727,0.9706275033377837
1648,business,562,557,0.9911032028469751
3941,sports,887,858,0.9673055242390078
8247,sports,447,432,0.9664429530201343
7155,politics,655,643,0.981679389312977
10508,sports,633,602,0.9510268562401264
5210,sports,777,750,0.9652509652509652
2574,sports,956,926,0.9686192468619247
10598,sports,848,832,0.9811320754716981
3519,sports,735,725,0.9863945578231292
8709,sports,900,886,0.9844444444444445
337,sports,769,732,0.951885565669701
4792,sports,762,745,0.9776902887139107
9639,sports,666,646,0.96996996996997
4897,sports,123,122,0.991869918699187
11464,sports,1297,1267,0.976869699306091
8856,sports,364,358,0.9835164835164835
7785,politics,525,508,0.9676190476190476
1842,sports,583,566,0.9708404802744426
4226,business,879,868,0.987485779294653
4003,sports,113,103,0.911504424778761
7439,politics,643,635,0.9875583203732504
5564,sports,684,664,0.9707602339181286
1320,sports,692,658,0.9508670520231214
2771,business,404,392,0.9702970297029703
6848,business,386,382,0.9896373056994818
11383,sports,393,380,0.9669211195928753
1908,sports,523,513,0.9808795411089866
11155,sports,331,325,0.9818731117824774
713,business,505,492,0.9742574257425742
784,business,510,504,0.9882352941176471
11414,sports,646,616,0.9535603715170279
8256,sports,551,537,0.9745916515426497
9250,sports,116,112,0.9655172413793104
4089,politics,240,232,0.9666666666666667
4459,sports,654,641,0.9801223241590215
4630,sports,138,135,0.9782608695652174
2528,sports,489,461,0.9427402862985685
2597,business,653,643,0.9846860643185299
10289,sports,605,589,0.9735537190082645
8829,sports,1102,1078,0.9782214156079855
4699,sports,237,225,0.9493670886075949
2841,sports,765,757,0.9895424836601308
1170,sports,611,607,0.9934533551554828
3618,sports,900,875,0.9722222222222222
8162,sports,564,561,0.9946808510638298
8303,sports,768,742,0.9661458333333334
5343,sports,777,724,0.9317889317889317
6917,politics,494,482,0.9757085020242915
2914,sports,122,118,0.9672131147540983
8203,sports,834,822,0.9856115107913669
10216,sports,723,687,0.950207468879668
8778,business,491,488,0.9938900203665988
5579,sports,476,451,0.9474789915966386
2698,sports,599,587,0.9799666110183639
3696,sports,547,527,0.9634369287020109
10388,sports,821,800,0.97442143727162
1141,sports,258,244,0.9457364341085271
5630,sports,916,877,0.9574235807860262
6306,sports,601,583,0.9700499168053245
10201,sports,681,651,0.9559471365638766
4085,sports,664,648,0.9759036144578314
5929,sports,731,705,0.9644322845417237
5756,sports,737,708,0.9606512890094979
5646,sports,490,471,0.9612244897959183
1582,business,674,655,0.9718100890207715
6799,sports,603,582,0.9651741293532339
2795,politics,622,607,0.9758842443729904
3103,sports,876,857,0.978310502283105
6096,sports,750,733,0.9773333333333334
1026,sports,808,790,0.9777227722772277
8454,sports,948,901,0.95042194092827
5277,business,89,89,1.0
5734,sports,839,823,0.9809296781883194
3716,politics,532,517,0.9718045112781954
7478,business,914,898,0.9824945295404814
5355,sports,628,613,0.9761146496815286
10152,sports,844,818,0.9691943127962085
2501,sports,854,836,0.9789227166276346
11152,sports,737,721,0.9782903663500678
8460,sports,780,767,0.9833333333333333
9270,politics,727,703,0.9669876203576341
9264,sports,862,843,0.9779582366589327
7594,sports,495,478,0.9656565656565657
3382,business,675,666,0.9866666666666667
4561,sports,342,336,0.9824561403508771
4242,politics,612,599,0.9787581699346405
1955,sports,237,226,0.9535864978902954
3506,sports,504,482,0.9563492063492064
120,sports,423,415,0.9810874704491725
2695,sports,325,318,0.9784615384615385
7549,sports,796,759,0.9535175879396985
9787,sports,751,721,0.9600532623169108
11132,sports,933,891,0.954983922829582
2773,sports,861,842,0.9779326364692218
7283,sports,419,415,0.9904534606205251
10937,sports,401,392,0.9775561097256857
11151,sports,588,557,0.9472789115646258
7127,sports,815,789,0.9680981595092024
8098,sports,870,842,0.967816091954023
5212,sports,152,145,0.9539473684210527
3702,sports,671,662,0.9865871833084948
5807,sports,937,925,0.9871931696905016
2594,sports,913,887,0.9715224534501643
1265,business,1072,1059,0.9878731343283582
7454,sports,720,711,0.9875
7302,sports,616,609,0.9886363636363636
6777,sports,778,739,0.9498714652956298
1544,sports,391,382,0.9769820971867008
1581,sports,995,965,0.9698492462311558
5642,politics,735,716,0.9741496598639455
1295,sports,112,104,0.9285714285714286
8977,sports,760,724,0.9526315789473684
7379,sports,823,797,0.968408262454435
8290,politics,696,679,0.9755747126436781
6245,sports,835,808,0.9676646706586827
10430,sports,816,800,0.9803921568627451
1415,business,686,654,0.9533527696793003
3757,sports,265,264,0.9962264150943396
2546,business,605,586,0.968595041322314
144,sports,421,409,0.9714964370546318
2217,sports,294,292,0.9931972789115646
5659,sports,518,511,0.9864864864864865
2333,sports,434,424,0.9769585253456221
9607,sports,453,443,0.977924944812362
1538,sports,430,427,0.9930232558139535
4311,politics,772,765,0.9909326424870466
3197,sports,573,565,0.9860383944153578
2382,sports,664,619,0.9322289156626506
8444,politics,822,813,0.9890510948905109
5228,sports,439,429,0.9772209567198178
1941,business,786,774,0.9847328244274809
1679,sports,420,412,0.9809523809523809
10736,sports,479,473,0.9874739039665971
4023,sports,95,93,0.9789473684210527
2309,sports,263,252,0.9581749049429658
8767,sports,741,719,0.970310391363023
4611,sports,647,628,0.9706336939721792
1765,business,658,632,0.9604863221884499
5211,sports,841,811,0.9643281807372176
8036,sports,528,507,0.9602272727272727
1851,sports,641,637,0.9937597503900156
2231,sports,194,188,0.9690721649484536
5649,sports,139,135,0.9712230215827338
1384,sports,484,471,0.9731404958677686
3983,politics,680,642,0.9441176470588235
1360,sports,668,637,0.9535928143712575
191,sports,426,420,0.9859154929577465
2122,sports,637,612,0.9607535321821036
926,sports,563,547,0.9715808170515098
9329,sports,372,362,0.9731182795698925
5464,sports,360,347,0.9638888888888889
4944,sports,620,600,0.967741935483871
10738,sports,831,795,0.9566787003610109
9112,sports,700,694,0.9914285714285714
7311,politics,447,418,0.9351230425055929
10776,business,803,789,0.9825653798256538
10985,sports,468,453,0.967948717948718
2332,sports,310,306,0.9870967741935484
7679,sports,686,683,0.9956268221574344
8932,sports,279,272,0.974910394265233
28,sports,861,835,0.9698025551684089
4380,sports,691,651,0.9421128798842258
7701,sports,263,259,0.9847908745247148
3917,sports,707,699,0.9886845827439887
695,sports,596,560,0.9395973154362416
1523,sports,57,57,1.0
2820,sports,108,104,0.9629629629629629
1543,sports,498,472,0.9477911646586346
9196,sports,373,366,0.9812332439678284
9469,sports,769,734,0.9544863459037711
11488,sports,647,616,0.9520865533230294
10961,business,524,505,0.9637404580152672
5440,sports,295,288,0.976271186440678
5398,sports,767,738,0.9621903520208605
1739,sports,242,230,0.9504132231404959
988,sports,114,107,0.9385964912280702
4223,politics,539,535,0.9925788497217068
830,sports,746,716,0.9597855227882037
9687,politics,833,806,0.9675870348139256
9822,sports,865,851,0.9838150289017341
10204,politics,865,855,0.9884393063583815
10993,business,168,165,0.9821428571428571
11279,sports,1045,1014,0.970334928229665
1441,sports,595,565,0.9495798319327731
252,business,576,566,0.9826388888888888
6395,business,425,394,0.9270588235294117
5820,sports,848,837,0.9870283018867925
3318,sports,573,545,0.9511343804537522
9988,sports,746,736,0.9865951742627346
4342,sports,553,547,0.9891500904159132
2178,business,918,902,0.9825708061002179
9127,sports,132,127,0.9621212121212122
9485,sports,545,527,0.9669724770642202
6929,sports,476,457,0.9600840336134454
2179,sports,212,204,0.9622641509433962
8065,sports,270,267,0.9888888888888889
1896,sports,932,900,0.9656652360515021
165,sports,673,636,0.9450222882615156
11485,sports,303,300,0.9900990099009901
4450,sports,669,647,0.9671150971599403
7536,sports,4151,4038,0.972777643941219
1086,sports,184,181,0.9836956521739131
10356,sports,803,785,0.9775840597758406
7890,business,382,380,0.9947643979057592
4880,politics,955,934,0.9780104712041885
7471,sports,829,821,0.9903498190591074
9244,sports,260,253,0.9730769230769231
1591,sports,899,868,0.9655172413793104
343,sports,810,784,0.9679012345679012
7525,politics,522,508,0.9731800766283525
4499,sports,463,448,0.9676025917926566
219,sports,637,623,0.978021978021978
994,business,730,726,0.9945205479452055
1206,sports,922,896,0.9718004338394793
6670,sports,946,921,0.9735729386892178
7551,sports,845,831,0.9834319526627219
4294,sports,625,612,0.9792
47,sports,96,91,0.9479166666666666
7360,business,333,332,0.996996996996997
4282,sports,904,870,0.9623893805309734
2322,sports,245,236,0.963265306122449
3747,sports,329,314,0.9544072948328267
4881,sports,759,743,0.9789196310935442
1788,business,838,815,0.9725536992840096
288,sports,652,618,0.9478527607361963
1273,sports,501,482,0.9620758483033932
7740,politics,583,558,0.9571183533447685
10034,sports,645,622,0.9643410852713178
8296,sports,287,274,0.9547038327526133
1583,sports,397,379,0.9546599496221663
6669,sports,857,849,0.9906651108518086
7278,sports,387,370,0.9560723514211886
7984,politics,988,958,0.9696356275303644
3234,politics,776,744,0.9587628865979382
380,sports,1117,1075,0.9623992837958818
2577,sports,954,907,0.950733752620545
2946,business,139,137,0.9856115107913669
7921,sports,715,702,0.9818181818181818
413,sports,879,853,0.9704209328782708
1007,sports,786,761,0.9681933842239185
3419,sports,367,363,0.989100817438692
10535,sports,621,601,0.9677938808373591
10698,sports,640,632,0.9875
4095,sports,611,591,0.967266775777414
6453,sports,688,662,0.9622093023255814
1217,sports,976,963,0.9866803278688525
1498,business,593,586,0.9881956155143339
670,sports,590,579,0.9813559322033898
4949,sports,295,282,0.9559322033898305
256,sports,206,203,0.9854368932038835
8346,business,276,273,0.9891304347826086
722,sports,246,239,0.9715447154471545
8383,sports,431,412,0.9559164733178654
8596,sports,717,681,0.9497907949790795
5286,business,747,730,0.9772423025435074
10969,business,560,551,0.9839285714285714
7760,sports,534,506,0.947565543071161
7820,sports,959,936,0.9760166840458812
1858,sports,762,737,0.9671916010498688
8149,sports,445,431,0.9685393258426966
9038,business,648,615,0.9490740740740741
8469,sports,533,528,0.9906191369606003
2225,sports,79,73,0.9240506329113924
11428,sports,718,691,0.9623955431754875
9672,sports,656,639,0.9740853658536586
3313,politics,756,738,0.9761904761904762
8844,sports,383,358,0.9347258485639687
1915,sports,305,297,0.9737704918032787
744,sports,657,628,0.9558599695585996
106,sports,1043,1027,0.9846596356663471
2818,sports,628,615,0.9792993630573248
6948,sports,774,766,0.9896640826873385
11046,sports,112,106,0.9464285714285714
3285,sports,391,376,0.9616368286445013
5188,sports,553,548,0.9909584086799277
9748,sports,686,675,0.9839650145772595
5954,business,635,626,0.9858267716535433
10482,sports,756,746,0.9867724867724867
5169,sports,344,338,0.9825581395348837
2264,sports,435,429,0.9862068965517241
9181,business,862,839,0.9733178654292344
3095,sports,640,610,0.953125
9073,sports,887,839,0.9458850056369785
2705,sports,725,708,0.976551724137931
9960,sports,803,782,0.9738480697384807
6514,politics,598,574,0.959866220735786
4550,sports,396,393,0.9924242424242424
924,sports,498,485,0.9738955823293173
753,sports,815,785,0.9631901840490797
6190,sports,734,715,0.9741144414168937
11422,sports,749,714,0.9532710280373832
8318,sports,121,119,0.9834710743801653
5706,sports,813,811,0.997539975399754
4424,business,305,304,0.9967213114754099
9151,business,928,898,0.9676724137931034
11070,business,652,643,0.9861963190184049
4896,business,827,776,0.9383313180169287
5199,politics,699,683,0.977110157367668
8536,business,765,746,0.9751633986928104
5348,politics,686,675,0.9839650145772595
7883,sports,810,779,0.9617283950617284
4410,sports,607,583,0.9604612850082372
9820,sports,149,144,0.9664429530201343
7016,sports,387,380,0.9819121447028424
10445,sports,261,249,0.9540229885057471
5612,sports,839,804,0.9582836710369488
202,sports,706,690,0.9773371104815864
6057,business,904,885,0.9789823008849557
8094,sports,688,672,0.9767441860465116
4672,politics,705,692,0.9815602836879432
10858,sports,505,497,0.9841584158415841
6044,business,392,390,0.9948979591836735
8843,sports,137,133,0.9708029197080292
6493,politics,730,695,0.952054794520548
7074,politics,624,612,0.9807692307692307
5826,sports,796,758,0.9522613065326633
5503,sports,620,609,0.9822580645161291
8156,sports,495,485,0.9797979797979798
2837,sports,856,836,0.9766355140186916
9680,politics,622,600,0.9646302250803859
4527,sports,872,855,0.9805045871559633
4979,sports,538,524,0.9739776951672863
8168,sports,781,746,0.9551856594110115
3399,sports,931,895,0.9613319011815252
1761,business,364,348,0.9560439560439561
7542,sports,753,739,0.9814077025232404
7578,politics,996,968,0.9718875502008032
140,sports,484,467,0.9648760330578512
3877,sports,889,856,0.9628796400449944
8710,sports,934,915,0.9796573875802997
6987,sports,385,366,0.9506493506493506
8707,sports,893,831,0.9305711086226204
6362,business,382,372,0.9738219895287958
2627,sports,684,677,0.9897660818713451
8509,sports,875,862,0.9851428571428571
5774,sports,679,646,0.9513991163475699
7430,sports,661,645,0.9757942511346445
4830,sports,810,788,0.9728395061728395
1718,sports,298,295,0.9899328859060402
3950,sports,364,357,0.9807692307692307
3462,sports,755,740,0.9801324503311258
210,sports,210,185,0.8809523809523809
8819,politics,710,701,0.9873239436619718
2645,sports,103,99,0.9611650485436893
10575,sports,513,491,0.9571150097465887
3450,sports,161,155,0.9627329192546584
2828,politics,912,868,0.9517543859649122
11095,business,639,606,0.9483568075117371
5404,sports,823,800,0.9720534629404617
10841,sports,601,580,0.9650582362728786
4406,sports,585,578,0.9880341880341881
7161,sports,561,558,0.9946524064171123
3185,politics,645,629,0.9751937984496124
3070,business,880,860,0.9772727272727273
396,sports,125,117,0.936
5306,sports,454,444,0.9779735682819384
4641,sports,803,786,0.9788293897882939
7614,politics,826,818,0.9903147699757869
7541,sports,836,828,0.9904306220095693
1637,sports,865,848,0.9803468208092485
8720,sports,613,597,0.9738988580750407
7873,sports,667,645,0.967016491754123
1877,business,651,635,0.9754224270353302
9366,business,358,357,0.9972067039106145
11288,sports,341,327,0.9589442815249267
8601,politics,739,708,0.9580514208389715
11282,sports,562,540,0.9608540925266904
3655,politics,813,792,0.974169741697417
1294,sports,124,121,0.9758064516129032
5217,business,817,793,0.9706242350061199
6469,sports,128,126,0.984375
7139,sports,800,767,0.95875
1979,business,885,863,0.9751412429378531
1047,sports,863,836,0.9687137891077636
6409,sports,498,488,0.9799196787148594
5308,sports,530,512,0.9660377358490566
9713,sports,670,639,0.9537313432835821
195,sports,539,525,0.974025974025974
9676,politics,277,272,0.9819494584837545
5591,sports,733,713,0.9727148703956344
6518,sports,837,794,0.948626045400239
2570,sports,513,482,0.9395711500974658
10813,business,532,519,0.9755639097744361
9009,sports,626,614,0.9808306709265175
9865,sports,282,277,0.9822695035460993
10567,sports,282,276,0.9787234042553191
3121,politics,468,452,0.9658119658119658
6091,sports,635,605,0.952755905511811
3605,sports,621,611,0.9838969404186796
6335,sports,632,628,0.9936708860759493
5797,sports,594,577,0.9713804713804713
7176,sports,753,738,0.9800796812749004
4846,sports,977,949,0.9713408393039918
6420,sports,388,368,0.9484536082474226
9849,business,1126,1117,0.9920071047957372
7448,sports,769,733,0.953185955786736
815,sports,801,793,0.9900124843945068
4704,sports,905,887,0.980110497237569
4437,politics,696,667,0.9583333333333334
4828,sports,860,844,0.9813953488372092
7888,sports,977,936,0.9580348004094166
8560,sports,791,770,0.9734513274336283
11456,business,692,678,0.9797687861271677
764,sports,484,462,0.9545454545454546
4409,sports,603,580,0.9618573797678275
500,sports,999,968,0.968968968968969
6139,sports,851,835,0.981198589894242
4589,sports,816,797,0.9767156862745098
3778,sports,833,797,0.9567827130852341
4122,sports,865,852,0.9849710982658959
4495,sports,107,104,0.9719626168224299
685,sports,294,289,0.9829931972789115
6577,sports,1398,1384,0.9899856938483548
10546,sports,687,661,0.9621542940320232
5916,politics,386,370,0.9585492227979274
2876,sports,374,368,0.983957219251337
2544,sports,453,437,0.9646799116997793
3119,sports,628,616,0.9808917197452229
6381,sports,431,428,0.9930394431554525
1987,sports,723,714,0.9875518672199171
5072,sports,906,885,0.9768211920529801
10192,sports,816,797,0.9767156862745098
10404,sports,703,684,0.972972972972973
5877,sports,257,241,0.9377431906614786
3055,sports,694,672,0.968299711815562
5224,sports,877,863,0.984036488027366
7991,sports,695,685,0.9856115107913669
9853,sports,378,367,0.9708994708994709
7314,politics,763,750,0.9829619921363041
212,sports,526,520,0.9885931558935361
3164,sports,535,519,0.9700934579439252
11317,sports,553,520,0.9403254972875226
430,sports,733,705,0.9618008185538881
7964,sports,686,668,0.9737609329446064
10529,sports,100,94,0.94
8875,sports,738,716,0.9701897018970189
2708,sports,713,691,0.9691444600280504
9792,sports,1018,991,0.9734774066797642
1095,sports,256,250,0.9765625
6758,sports,271,260,0.959409594095941
8688,business,227,226,0.9955947136563876
5854,politics,669,652,0.9745889387144993
4902,sports,697,681,0.9770444763271162
6138,sports,779,760,0.975609756097561
2495,sports,193,191,0.9896373056994818
3273,sports,591,578,0.9780033840947546
2855,business,700,693,0.99
8662,sports,451,443,0.9822616407982262
11004,sports,208,203,0.9759615384615384
5222,politics,996,970,0.9738955823293173
1533,sports,587,564,0.9608177172061328
9189,politics,289,283,0.9792387543252595
1864,sports,694,663,0.9553314121037464
3862,sports,220,214,0.9727272727272728
534,sports,572,551,0.9632867132867133
636,sports,742,729,0.9824797843665768
8333,sports,650,642,0.9876923076923076
6849,business,651,622,0.9554531490015361
3969,sports,32,31,0.96875
1440,sports,414,408,0.9855072463768116
8419,sports,695,682,0.981294964028777
2319,sports,105,104,0.9904761904761905
9872,business,1012,996,0.9841897233201581
1448,sports,128,114,0.890625
758,sports,1001,980,0.9790209790209791
7200,sports,343,330,0.9620991253644315
2017,politics,690,674,0.9768115942028985
4271,sports,583,580,0.9948542024013722
7697,sports,417,385,0.9232613908872902
3326,sports,696,665,0.9554597701149425
3329,business,1192,1158,0.9714765100671141
7232,sports,542,527,0.9723247232472325
10660,sports,837,830,0.991636798088411
1075,sports,734,718,0.9782016348773842
9289,sports,810,783,0.9666666666666667
8069,sports,826,810,0.9806295399515739
3277,sports,1077,1070,0.9935004642525533
8280,politics,688,671,0.9752906976744186
3994,sports,263,255,0.9695817490494296
3004,sports,370,367,0.9918918918918919
11286,sports,691,656,0.9493487698986975
4958,sports,786,746,0.9491094147582697
5892,sports,819,808,0.9865689865689866
6394,business,805,779,0.9677018633540373
4697,sports,135,132,0.9777777777777777
8836,sports,480,476,0.9916666666666667
11308,business,708,689,0.9731638418079096
7927,business,417,410,0.9832134292565947
9925,sports,827,781,0.9443772672309553
11382,business,558,543,0.9731182795698925
1136,business,590,579,0.9813559322033898
8002,sports,841,829,0.985731272294887
8651,business,775,754,0.9729032258064516
9233,sports,811,788,0.9716399506781751
7971,sports,1050,1011,0.9628571428571429
4832,sports,443,429,0.9683972911963883
1812,sports,894,867,0.9697986577181208
2998,sports,63,60,0.9523809523809523
3855,sports,129,125,0.9689922480620154
6473,sports,374,365,0.9759358288770054
9089,politics,1078,1058,0.9814471243042672
2323,sports,159,146,0.9182389937106918
5679,sports,577,548,0.949740034662045
2854,sports,1258,1213,0.9642289348171701
3225,politics,1153,1129,0.9791847354726799
11499,sports,444,432,0.972972972972973
2411,sports,303,295,0.9735973597359736
3578,sports,903,894,0.9900332225913622
330,sports,814,810,0.995085995085995
7249,sports,837,826,0.986857825567503
9835,sports,589,568,0.9643463497453311
10805,sports,527,511,0.969639468690702
8674,sports,417,408,0.9784172661870504
4679,sports,836,809,0.9677033492822966
5785,sports,470,454,0.9659574468085106
8669,sports,823,750,0.9113001215066828
6980,sports,121,111,0.9173553719008265
1064,sports,140,129,0.9214285714285714
6126,sports,786,769,0.9783715012722646
9910,sports,906,896,0.9889624724061811
5832,business,387,385,0.9948320413436692
9842,politics,828,820,0.9903381642512077
814,sports,1000,955,0.955
5547,sports,375,359,0.9573333333333334
1157,sports,147,145,0.9863945578231292
2644,sports,477,464,0.9727463312368972
4870,business,277,270,0.9747292418772563
7491,sports,787,767,0.974587039390089
10864,politics,594,578,0.9730639730639731
1918,sports,766,746,0.9738903394255874
6997,sports,593,583,0.9831365935919055
402,sports,682,656,0.9618768328445748
1453,business,935,908,0.9711229946524064
8395,sports,865,854,0.9872832369942196
8931,sports,781,756,0.967989756722151
4914,sports,846,816,0.9645390070921985
3169,sports,226,220,0.9734513274336283
4606,sports,1070,1017,0.9504672897196261
8334,sports,802,785,0.9788029925187033
4654,politics,774,749,0.9677002583979328
4436,sports,707,700,0.9900990099009901
4402,business,914,899,0.9835886214442013
8869,politics,832,810,0.9735576923076923
10578,sports,910,884,0.9714285714285714
2189,business,244,239,0.9795081967213115
1418,business,606,569,0.9389438943894389
9855,sports,900,892,0.9911111111111112
4720,sports,577,569,0.9861351819757366
9281,sports,467,463,0.9914346895074947
9178,sports,879,858,0.9761092150170648
180,business,667,658,0.9865067466266867
1537,business,976,951,0.9743852459016393
8994,sports,432,422,0.9768518518518519
4269,sports,954,938,0.9832285115303984
2339,sports,344,336,0.9767441860465116
10442,sports,901,880,0.97669256381798
5906,business,706,678,0.9603399433427762
3396,sports,566,542,0.9575971731448764
9626,sports,1036,1000,0.9652509652509652
2250,business,647,628,0.9706336939721792
4474,politics,930,907,0.975268817204301
9813,sports,676,636,0.9408284023668639
2958,politics,673,648,0.962852897473997
7840,sports,133,130,0.9774436090225563
9001,politics,532,526,0.9887218045112782
1466,business,503,496,0.9860834990059643
1566,business,626,605,0.9664536741214057
6360,business,343,332,0.967930029154519
11118,business,588,564,0.9591836734693877
1511,sports,419,388,0.9260143198090692
7683,politics,322,321,0.9968944099378882
3859,sports,433,414,0.9561200923787528
3025,sports,516,494,0.9573643410852714
1556,sports,655,621,0.9480916030534351
2561,sports,221,205,0.9276018099547512
642,sports,655,653,0.9969465648854962
2304,sports,391,383,0.979539641943734
6763,sports,597,579,0.9698492462311558
8952,sports,609,596,0.9786535303776683
8467,sports,832,814,0.9783653846153846
3296,sports,564,546,0.9680851063829787
9902,sports,412,405,0.9830097087378641
2372,sports,643,619,0.9626749611197511
1057,sports,756,731,0.966931216931217
2023,business,1127,1027,0.9112688553682342
11031,business,640,630,0.984375
952,sports,612,601,0.9820261437908496
10163,sports,304,292,0.9605263157894737
5130,sports,694,689,0.9927953890489913
6653,sports,593,580,0.9780775716694773
1059,sports,430,416,0.9674418604651163
5550,sports,232,229,0.9870689655172413
9285,politics,488,471,0.9651639344262295
3734,sports,745,733,0.9838926174496644
2421,sports,124,119,0.9596774193548387
7762,sports,761,743,0.9763469119579501
1660,sports,732,712,0.9726775956284153
3960,sports,716,691,0.9650837988826816
6716,sports,406,387,0.9532019704433498
2184,sports,885,834,0.9423728813559322
6535,sports,812,800,0.9852216748768473
6720,sports,797,780,0.9786700125470514
2735,sports,131,123,0.9389312977099237
385,sports,586,561,0.9573378839590444
10202,politics,584,566,0.9691780821917808
3556,sports,728,709,0.9739010989010989
6872,sports,725,718,0.9903448275862069
3459,politics,876,853,0.973744292237443
904,sports,929,910,0.9795479009687836
6955,business,591,576,0.9746192893401016
7784,sports,464,453,0.9762931034482759
9530,sports,766,751,0.9804177545691906
9643,sports,728,706,0.9697802197802198
6539,sports,833,810,0.9723889555822329
6388,sports,672,649,0.9657738095238095
6489,sports,891,877,0.9842873176206509
11001,sports,728,715,0.9821428571428571
10752,sports,770,721,0.9363636363636364
10454,sports,961,937,0.9750260145681582
7413,sports,593,584,0.984822934232715
6544,sports,897,865,0.9643255295429208
8,sports,929,910,0.9795479009687836
11139,sports,390,375,0.9615384615384616
6284,sports,617,599,0.9708265802269044
640,sports,911,870,0.9549945115257958
1676,sports,176,167,0.9488636363636364
10931,sports,754,752,0.9973474801061007
7652,sports,708,696,0.9830508474576272
6953,sports,480,475,0.9895833333333334
1404,sports,343,337,0.9825072886297376
6295,sports,141,128,0.9078014184397163
10065,sports,353,338,0.9575070821529745
6971,sports,627,618,0.9856459330143541
6467,sports,457,456,0.9978118161925602
7349,sports,752,731,0.9720744680851063
6063,sports,739,706,0.9553450608930988
10563,business,808,798,0.9876237623762376
806,sports,759,739,0.9736495388669302
6365,sports,658,635,0.9650455927051672
3427,sports,512,505,0.986328125
6608,sports,900,873,0.97
241,sports,537,521,0.9702048417132216
6441,sports,238,231,0.9705882352941176
7489,sports,120,117,0.975
1814,sports,947,874,0.9229144667370645
9297,sports,376,374,0.9946808510638298
4598,sports,598,594,0.9933110367892977
169,sports,89,89,1.0
9057,sports,700,669,0.9557142857142857
10817,sports,767,741,0.9661016949152542
9558,sports,500,493,0.986
4137,sports,326,317,0.9723926380368099
8599,sports,1252,1221,0.9752396166134185
8900,politics,313,306,0.9776357827476039
9896,sports,474,454,0.9578059071729957
8202,sports,777,755,0.9716859716859717
9140,sports,758,743,0.9802110817941952
795,sports,514,487,0.9474708171206225
10269,business,823,798,0.9696233292831106
5458,sports,688,623,0.9055232558139535
10469,sports,761,731,0.9605781865965834
2291,politics,293,288,0.9829351535836177
10179,sports,186,179,0.9623655913978495
1395,sports,964,934,0.9688796680497925
11481,sports,541,516,0.9537892791127541
9898,sports,661,632,0.9561270801815431
5047,politics,731,714,0.9767441860465116
5870,sports,864,847,0.9803240740740741
2539,sports,482,453,0.9398340248962656
2138,sports,930,881,0.9473118279569892
7146,business,463,457,0.9870410367170627
1971,sports,680,657,0.9661764705882353
5227,politics,997,977,0.9799398194583752
4322,sports,494,473,0.9574898785425101
1390,sports,338,327,0.9674556213017751
5891,sports,137,133,0.9708029197080292
203,sports,412,405,0.9830097087378641
5938,sports,705,684,0.9702127659574468
10165,business,158,153,0.9683544303797469
3782,politics,854,814,0.9531615925058547
2925,sports,714,699,0.9789915966386554
7308,sports,464,442,0.9525862068965517
4319,politics,762,731,0.9593175853018373
9981,sports,505,499,0.9881188118811881
1245,sports,672,665,0.9895833333333334
3579,politics,891,862,0.9674523007856342
7958,sports,850,818,0.9623529411764706
877,sports,262,250,0.9541984732824428
519,sports,760,721,0.9486842105263158
9063,politics,604,601,0.9950331125827815
10463,sports,642,621,0.9672897196261683
3235,sports,412,402,0.9757281553398058
3077,sports,621,609,0.9806763285024155
11117,business,655,635,0.9694656488549618
11016,business,605,586,0.968595041322314
5141,sports,429,411,0.958041958041958
11258,sports,793,771,0.9722572509457755
7088,sports,686,663,0.9664723032069971
9091,politics,316,306,0.9683544303797469
6086,politics,700,695,0.9928571428571429
7716,sports,547,510,0.9323583180987203
835,sports,99,94,0.9494949494949495
2737,politics,778,759,0.9755784061696658
8053,sports,639,625,0.9780907668231612
11068,business,556,535,0.9622302158273381
3428,sports,114,110,0.9649122807017544
1023,sports,614,612,0.996742671009772
8585,sports,175,170,0.9714285714285714
5095,sports,376,363,0.9654255319148937
2649,sports,267,262,0.9812734082397003
6173,politics,714,701,0.9817927170868347
11196,business,1064,1028,0.9661654135338346
11381,sports,114,99,0.868421052631579
9765,sports,536,523,0.9757462686567164
7772,sports,700,683,0.9757142857142858
8335,business,905,870,0.9613259668508287
3947,sports,657,618,0.9406392694063926
11058,business,987,964,0.9766970618034447
11311,sports,844,821,0.9727488151658767
9135,sports,708,697,0.9844632768361582
1839,sports,671,640,0.9538002980625931
10705,sports,932,900,0.9656652360515021
4820,business,382,378,0.9895287958115183
10953,sports,809,782,0.9666254635352287
10136,politics,767,732,0.954367666232073
2169,sports,119,97,0.8151260504201681
10129,sports,254,252,0.9921259842519685
8678,sports,406,388,0.9556650246305419
6946,politics,339,328,0.967551622418879
1733,sports,298,295,0.9899328859060402
4052,sports,523,512,0.9789674952198852
4014,sports,566,558,0.9858657243816255
5185,sports,580,572,0.9862068965517241
8007,sports,717,708,0.9874476987447699
683,sports,787,754,0.9580686149936467
8078,politics,636,619,0.9732704402515723
3804,sports,590,564,0.9559322033898305
499,sports,597,568,0.9514237855946399
286,sports,867,839,0.9677047289504037
1410,sports,612,589,0.9624183006535948
4833,business,290,289,0.996551724137931
9183,politics,929,903,0.9720129171151776
6113,business,970,930,0.9587628865979382
7736,sports,788,777,0.9860406091370558
3884,sports,930,903,0.9709677419354839
3975,business,510,508,0.996078431372549
4036,politics,673,667,0.9910846953937593
1706,sports,102,96,0.9411764705882353
11103,business,383,378,0.9869451697127938
5233,sports,395,378,0.9569620253164557
1381,sports,670,648,0.9671641791044776
6323,sports,740,729,0.9851351351351352
7018,sports,664,645,0.9713855421686747
8724,sports,116,114,0.9827586206896551
7907,politics,876,845,0.9646118721461188
4553,sports,966,954,0.9875776397515528
6882,sports,352,339,0.9630681818181818
245,business,724,701,0.9682320441988951
171,sports,193,181,0.9378238341968912
3998,sports,815,793,0.9730061349693252
8979,politics,1094,1083,0.9899451553930531
7816,sports,107,102,0.9532710280373832
1722,sports,114,101,0.8859649122807017
6920,politics,678,664,0.9793510324483776
2379,sports,252,234,0.9285714285714286
399,politics,974,961,0.9866529774127311
2153,sports,315,305,0.9682539682539683
10362,sports,766,745,0.9725848563968669
9133,sports,515,491,0.9533980582524272
6587,sports,945,917,0.9703703703703703
9087,business,1326,1233,0.9298642533936652
1644,business,641,618,0.9641185647425897
6643,sports,652,629,0.9647239263803681
4481,sports,903,881,0.9756367663344407
1244,sports,340,333,0.9794117647058823
133,sports,697,677,0.9713055954088953
7484,sports,333,323,0.96996996996997
10169,politics,693,678,0.9783549783549783
6729,politics,704,682,0.96875
4326,sports,579,557,0.9620034542314335
10639,sports,122,119,0.9754098360655737
4210,sports,796,767,0.9635678391959799
11138,business,669,646,0.9656203288490284
6085,sports,631,604,0.9572107765451664
8027,sports,785,773,0.9847133757961783
871,sports,667,646,0.9685157421289355
2543,sports,425,419,0.9858823529411764
2891,sports,150,134,0.8933333333333333
112,sports,304,296,0.9736842105263158
2448,sports,353,314,0.8895184135977338
8183,sports,697,682,0.9784791965566715
11024,sports,57,49,0.8596491228070176
10173,sports,469,445,0.9488272921108742
8923,sports,754,741,0.9827586206896551
5795,business,879,872,0.9920364050056882
10171,sports,790,769,0.9734177215189873
8880,politics,873,850,0.9736540664375716
6195,business,836,828,0.9904306220095693
5745,sports,740,713,0.9635135135135136
8889,sports,646,635,0.9829721362229102
9334,sports,773,758,0.9805950840879689
9681,politics,312,306,0.9807692307692307
6018,politics,852,840,0.9859154929577465
10405,business,163,160,0.9815950920245399
8012,sports,384,373,0.9713541666666666
1531,business,735,707,0.9619047619047619
10613,sports,658,648,0.9848024316109423
3306,sports,518,514,0.9922779922779923
9518,sports,858,845,0.9848484848484849
3958,sports,678,658,0.9705014749262537
3881,sports,1066,1014,0.9512195121951219
1129,sports,134,129,0.9626865671641791
1938,sports,744,731,0.9825268817204301
5588,sports,396,387,0.9772727272727273
7355,business,868,856,0.9861751152073732
10400,sports,511,505,0.9882583170254403
10893,sports,528,518,0.9810606060606061
9565,sports,655,648,0.9893129770992366
7072,sports,753,730,0.9694555112881806
4002,sports,430,416,0.9674418604651163
1032,politics,609,604,0.9917898193760263
923,business,282,257,0.9113475177304965
2803,sports,257,246,0.9571984435797666
7347,sports,133,129,0.9699248120300752
1891,politics,867,828,0.9550173010380623
7089,politics,653,634,0.9709035222052067
7891,sports,618,605,0.9789644012944984
5805,sports,931,911,0.9785177228786252
9741,sports,473,455,0.9619450317124736
6442,sports,967,943,0.9751809720785936
8259,sports,733,711,0.9699863574351978
3056,sports,248,243,0.9798387096774194
1913,sports,494,478,0.9676113360323887
9460,sports,871,830,0.9529276693455798
4757,sports,709,698,0.9844851904090268
7184,politics,963,943,0.9792315680166147
8586,sports,727,697,0.9587345254470426
2830,sports,341,337,0.9882697947214076
4077,sports,812,794,0.9778325123152709
9261,business,578,552,0.9550173010380623
1209,sports,643,629,0.9782270606531882
2859,sports,921,892,0.9685124864277959
5779,sports,111,105,0.9459459459459459
2240,sports,131,126,0.9618320610687023
6773,politics,741,725,0.9784075573549258
2929,sports,558,540,0.967741935483871
11346,sports,682,672,0.9853372434017595
9856,sports,845,833,0.9857988165680474
2039,business,645,626,0.9705426356589147
4153,business,392,386,0.9846938775510204
6155,sports,550,530,0.9636363636363636
8849,sports,361,354,0.9806094182825484
7188,sports,520,491,0.9442307692307692
2600,business,603,594,0.9850746268656716
9921,sports,635,610,0.9606299212598425
6233,politics,713,694,0.9733520336605891
7002,sports,147,137,0.9319727891156463
8549,business,712,690,0.9691011235955056
10018,business,736,713,0.96875
4674,sports,303,299,0.9867986798679867
9337,sports,562,547,0.9733096085409253
9390,sports,705,682,0.9673758865248226
1876,sports,508,491,0.9665354330708661
1822,business,533,532,0.99812382739212
11034,business,988,947,0.958502024291498
11303,sports,733,711,0.9699863574351978
4942,sports,487,470,0.9650924024640657
7833,sports,699,676,0.9670958512160229
1493,business,655,600,0.916030534351145
8534,politics,428,424,0.9906542056074766
10097,sports,910,893,0.9813186813186813
10605,sports,707,692,0.9787835926449788
9730,business,418,413,0.9880382775119617
7552,sports,920,912,0.991304347826087
1299,sports,963,918,0.9532710280373832
6171,politics,934,896,0.9593147751605996
8635,sports,385,356,0.9246753246753247
2689,sports,753,741,0.9840637450199203
7459,sports,748,739,0.9879679144385026
3610,business,724,710,0.9806629834254144
1014,business,636,620,0.9748427672955975
5638,sports,290,278,0.9586206896551724
11362,sports,626,615,0.9824281150159745
11126,sports,638,628,0.9843260188087775
1964,sports,633,611,0.9652448657187994
2510,sports,151,145,0.9602649006622517
10507,politics,726,712,0.9807162534435262
489,business,891,865,0.9708193041526375
5628,sports,793,780,0.9836065573770492
8878,business,1015,1003,0.9881773399014778
9895,sports,277,266,0.9602888086642599
10317,sports,699,680,0.9728183118741058
4917,sports,578,556,0.9619377162629758
3205,sports,1066,1058,0.9924953095684803
6819,sports,808,798,0.9876237623762376
367,business,264,260,0.9848484848484849
6566,sports,104,99,0.9519230769230769
9240,sports,649,617,0.9506933744221879
7187,sports,417,408,0.9784172661870504
408,business,757,735,0.9709379128137384
7724,business,772,745,0.9650259067357513
1033,sports,589,576,0.9779286926994907
10898,sports,792,762,0.9621212121212122
7795,sports,705,691,0.9801418439716312
1158,sports,206,202,0.9805825242718447
6547,sports,886,850,0.9593679458239278
7775,sports,854,842,0.9859484777517564
3236,sports,338,329,0.9733727810650887
327,business,702,680,0.9686609686609686
3632,politics,316,313,0.990506329113924
5615,business,572,558,0.9755244755244755
2458,sports,140,137,0.9785714285714285
3754,politics,696,663,0.9525862068965517
2697,politics,623,610,0.9791332263242376
3854,sports,1024,998,0.974609375
9609,sports,544,534,0.9816176470588235
7304,sports,975,937,0.961025641025641
3122,sports,911,892,0.9791437980241493
9142,sports,806,780,0.967741935483871
2526,business,403,399,0.9900744416873449
8983,sports,536,532,0.9925373134328358
6623,sports,731,708,0.9685362517099864
2207,business,536,532,0.9925373134328358
4174,sports,644,613,0.9518633540372671
5884,sports,1371,1329,0.9693654266958425
299,sports,288,275,0.9548611111111112
7084,sports,763,729,0.9554390563564875
5231,sports,313,305,0.9744408945686901
3527,sports,856,840,0.9813084112149533
7201,politics,710,691,0.9732394366197183
3264,politics,956,933,0.9759414225941423
10677,politics,740,714,0.9648648648648649
6182,sports,910,893,0.9813186813186813
7726,sports,274,267,0.9744525547445255
1074,sports,641,636,0.9921996879875195
515,sports,888,854,0.9617117117117117
8360,politics,346,332,0.9595375722543352
8802,business,264,263,0.9962121212121212
7230,sports,992,965,0.9727822580645161
1707,sports,166,155,0.9337349397590361
1069,sports,405,395,0.9753086419753086
9546,sports,66,62,0.9393939393939394
9431,sports,884,870,0.9841628959276018
1594,sports,121,112,0.9256198347107438
9783,business,503,501,0.9960238568588469
6790,politics,852,822,0.9647887323943662
4015,sports,638,629,0.9858934169278997
7765,sports,714,704,0.9859943977591037
10531,sports,702,684,0.9743589743589743
1020,sports,497,484,0.9738430583501007
2392,sports,390,374,0.958974358974359
471,sports,202,199,0.9851485148514851
6914,sports,611,592,0.9689034369885434
2468,sports,409,402,0.9828850855745721
5167,sports,963,942,0.9781931464174455
6272,sports,881,867,0.9841089670828603
11370,business,425,413,0.971764705882353
11410,sports,344,326,0.9476744186046512
1963,sports,301,281,0.9335548172757475
7085,sports,832,820,0.9855769230769231
8541,sports,694,675,0.9726224783861671
1649,sports,558,533,0.9551971326164874
3041,sports,759,734,0.9670619235836627
7368,sports,976,952,0.9754098360655737
11224,sports,403,400,0.9925558312655087
9050,sports,482,481,0.9979253112033195
9709,sports,785,778,0.9910828025477707
10341,sports,750,738,0.984
7376,politics,459,454,0.9891067538126361
10418,sports,676,666,0.985207100591716
7414,sports,506,501,0.9901185770750988
11131,business,529,525,0.9924385633270322
11181,sports,393,379,0.9643765903307888
3033,sports,535,524,0.9794392523364486
6023,sports,754,733,0.9721485411140584
9220,business,773,768,0.9935316946959897
206,sports,267,264,0.9887640449438202
6853,sports,139,133,0.9568345323741008
6828,sports,254,245,0.9645669291338582
2651,sports,475,455,0.9578947368421052
10621,sports,839,811,0.966626936829559
8698,sports,418,415,0.992822966507177
4908,politics,521,509,0.9769673704414588
2606,business,878,853,0.9715261958997722
2799,sports,611,586,0.9590834697217676
7112,sports,828,814,0.9830917874396136
1093,sports,318,312,0.9811320754716981
393,business,684,670,0.97953216374269
3143,sports,443,426,0.9616252821670429
7969,business,850,833,0.98
7575,sports,770,758,0.9844155844155844
4199,sports,632,615,0.9731012658227848
2729,sports,820,760,0.926829268292683
5927,politics,1151,1118,0.9713292788879235
6575,sports,765,737,0.9633986928104575
8733,sports,704,693,0.984375
9423,sports,709,699,0.9858956276445698
8413,sports,928,917,0.9881465517241379
5450,politics,867,832,0.9596309111880046
2423,sports,433,414,0.9561200923787528
9515,sports,334,327,0.9790419161676647
3377,sports,451,431,0.9556541019955654
10443,politics,923,915,0.991332611050921
4836,sports,745,732,0.9825503355704698
257,sports,94,91,0.9680851063829787
7996,sports,907,892,0.9834619625137817
8747,sports,803,780,0.9713574097135741
533,sports,147,132,0.8979591836734694
10685,politics,588,580,0.9863945578231292
4766,sports,653,630,0.9647779479326187
6832,politics,523,514,0.982791586998088
155,sports,522,516,0.9885057471264368
8314,sports,522,515,0.9865900383141762
2500,sports,929,909,0.9784714747039828
7178,sports,1208,1171,0.9693708609271523
2325,sports,133,130,0.9774436090225563
5841,sports,978,957,0.9785276073619632
3166,sports,688,668,0.9709302325581395
3968,sports,412,408,0.9902912621359223
641,business,657,623,0.9482496194824962
2337,sports,295,280,0.9491525423728814
9698,business,597,588,0.9849246231155779
8111,sports,709,693,0.9774330042313117
690,sports,1328,1299,0.9781626506024096
10896,sports,179,178,0.994413407821229
5943,sports,548,525,0.958029197080292
7102,sports,244,225,0.9221311475409836
3571,sports,852,838,0.9835680751173709
11255,sports,130,126,0.9692307692307692
2005,sports,846,822,0.9716312056737588
4164,sports,759,734,0.9670619235836627
2348,sports,326,322,0.9877300613496932
4728,sports,681,672,0.986784140969163
4284,sports,564,548,0.9716312056737588
6745,sports,601,596,0.9916805324459235
11084,sports,888,878,0.9887387387387387
10989,sports,1253,1246,0.994413407821229
7871,sports,757,748,0.988110964332893
2294,sports,754,726,0.9628647214854111
1881,sports,561,559,0.9964349376114082
990,sports,444,422,0.9504504504504504
8939,sports,533,515,0.9662288930581614
10847,sports,972,962,0.9897119341563786
6015,sports,593,587,0.9898819561551433
3639,sports,736,708,0.9619565217391305
7446,sports,674,647,0.9599406528189911
4065,sports,835,823,0.98562874251497
7550,sports,315,300,0.9523809523809523
10416,sports,883,841,0.9524348810872028
5913,politics,779,763,0.9794608472400513
7516,sports,773,748,0.9676584734799483
394,sports,330,328,0.9939393939393939
10609,politics,884,872,0.9864253393665159
8798,sports,673,657,0.9762258543833581
2623,sports,138,133,0.9637681159420289
449,business,871,845,0.9701492537313433
4907,sports,795,783,0.9849056603773585
2898,sports,767,737,0.9608865710560626
9352,sports,419,404,0.964200477326969
10863,sports,935,916,0.9796791443850268
9241,sports,605,591,0.9768595041322314
2887,sports,551,541,0.9818511796733213
6234,business,567,564,0.9947089947089947
8239,politics,783,762,0.9731800766283525
6352,sports,953,932,0.9779643231899265
5079,sports,973,959,0.9856115107913669
7206,sports,432,420,0.9722222222222222
6337,sports,709,693,0.9774330042313117
8426,sports,887,866,0.9763246899661782
6427,sports,653,638,0.9770290964777948
8664,sports,765,753,0.984313725490196
3215,politics,497,487,0.9798792756539235
1829,sports,429,410,0.9557109557109557
9721,politics,741,733,0.9892037786774629
984,sports,635,631,0.9937007874015747
3349,sports,636,625,0.9827044025157232
11461,sports,536,516,0.9626865671641791
11293,business,322,320,0.9937888198757764
1794,sports,555,525,0.9459459459459459
2016,sports,260,245,0.9423076923076923
5443,sports,472,452,0.9576271186440678
10078,business,673,659,0.9791976225854383
9029,sports,373,355,0.9517426273458445
4973,politics,256,247,0.96484375
9318,sports,761,741,0.973718791064389
7593,business,398,385,0.9673366834170855
5321,sports,829,790,0.9529553679131484
3751,sports,374,347,0.9278074866310161
3002,sports,705,696,0.9872340425531915
5353,sports,655,639,0.9755725190839695
6599,sports,537,519,0.9664804469273743
3895,politics,549,537,0.9781420765027322
1613,sports,269,256,0.9516728624535316
292,sports,974,928,0.9527720739219713
3016,sports,837,823,0.983273596176822
3361,sports,1003,992,0.9890329012961117
595,sports,473,464,0.9809725158562368
9703,business,353,341,0.9660056657223796
10791,sports,784,742,0.9464285714285714
11056,business,461,452,0.9804772234273319
4251,sports,619,603,0.9741518578352181
10141,business,714,708,0.9915966386554622
5027,business,650,635,0.9769230769230769
5997,sports,912,883,0.9682017543859649
5527,politics,728,709,0.9739010989010989
788,sports,492,491,0.9979674796747967
5494,sports,656,631,0.961890243902439
6389,sports,715,684,0.9566433566433566
11109,sports,932,916,0.9828326180257511
6552,sports,646,630,0.9752321981424149
2687,sports,735,709,0.964625850340136
9889,sports,878,869,0.989749430523918
3066,sports,824,789,0.9575242718446602
3746,business,628,616,0.9808917197452229
10833,sports,656,638,0.9725609756097561
5945,business,683,660,0.9663250366032211
8291,sports,733,719,0.9809004092769441
4770,sports,388,360,0.9278350515463918
2167,business,675,656,0.9718518518518519
2019,sports,187,178,0.9518716577540107
3354,sports,203,202,0.9950738916256158
2326,sports,79,77,0.9746835443037974
11419,sports,440,430,0.9772727272727273
3790,politics,1053,1023,0.9715099715099715
3713,sports,910,888,0.9758241758241758
1308,sports,430,424,0.986046511627907
3570,sports,706,679,0.9617563739376771
1687,sports,205,189,0.9219512195121952
10020,sports,889,865,0.9730033745781778
8927,politics,798,791,0.9912280701754386
2808,sports,721,706,0.9791955617198336
7855,sports,471,458,0.9723991507430998
3597,sports,438,419,0.95662100456621
11490,sports,278,267,0.960431654676259
7546,sports,764,754,0.9869109947643979
4434,sports,538,524,0.9739776951672863
6949,politics,934,893,0.9561027837259101
10283,sports,1271,1252,0.985051140833989
3709,politics,666,648,0.972972972972973
6779,sports,554,542,0.9783393501805054
6405,sports,630,610,0.9682539682539683
9084,business,278,276,0.9928057553956835
4320,sports,985,962,0.9766497461928934
484,sports,423,405,0.9574468085106383
11449,sports,123,116,0.943089430894309
9870,sports,1012,988,0.9762845849802372
2128,sports,199,192,0.964824120603015
5580,politics,1022,1011,0.9892367906066536
445,sports,1009,988,0.979187314172448
39,sports,289,280,0.9688581314878892
9313,sports,939,908,0.966986155484558
6172,sports,641,622,0.9703588143525741
6844,sports,1085,1071,0.9870967741935484
6311,sports,706,693,0.9815864022662889
11099,sports,133,132,0.9924812030075187
4156,sports,937,929,0.991462113127001
2147,sports,284,272,0.9577464788732394
4496,sports,589,567,0.9626485568760611
7352,sports,818,800,0.9779951100244498
7097,sports,898,879,0.9788418708240535
2232,sports,615,597,0.9707317073170731
7029,business,571,563,0.9859894921190894
3192,politics,300,291,0.97
2587,business,583,571,0.9794168096054888
1443,sports,525,522,0.9942857142857143
931,sports,729,719,0.9862825788751715
9494,sports,266,263,0.9887218045112782
4396,sports,722,697,0.9653739612188366
334,business,692,685,0.9898843930635838
1305,sports,480,474,0.9875
1017,sports,420,413,0.9833333333333333
10723,sports,732,693,0.9467213114754098
1314,sports,624,601,0.9631410256410257
2100,sports,197,193,0.9796954314720813
5758,sports,685,667,0.9737226277372263
7362,sports,858,827,0.9638694638694638
1695,sports,532,508,0.9548872180451128
11061,business,808,791,0.9789603960396039
5995,sports,50,48,0.96
5087,business,671,647,0.9642324888226528
9265,sports,691,679,0.9826338639652678
11371,sports,446,424,0.9506726457399103
8871,sports,837,812,0.970131421744325
1260,sports,698,669,0.9584527220630372
1799,sports,512,485,0.947265625
4204,politics,665,645,0.9699248120300752
5310,sports,143,136,0.951048951048951
3144,sports,526,520,0.9885931558935361
8963,sports,604,596,0.9867549668874173
2034,sports,934,878,0.9400428265524625
542,sports,1352,1334,0.9866863905325444
7538,sports,328,322,0.9817073170731707
860,sports,1196,1148,0.959866220735786
583,sports,516,511,0.9903100775193798
1391,sports,358,353,0.9860335195530726
999,sports,155,154,0.9935483870967742
6796,politics,762,740,0.9711286089238845
11023,sports,428,420,0.9813084112149533
4971,sports,979,959,0.9795709908069459
3157,sports,558,539,0.9659498207885304
8986,sports,860,842,0.9790697674418605
11312,sports,141,134,0.950354609929078
9798,politics,777,768,0.9884169884169884
10830,sports,564,543,0.9627659574468085
6156,sports,411,398,0.9683698296836983
1290,sports,327,316,0.9663608562691132
7440,sports,263,261,0.9923954372623575
3353,sports,781,773,0.9897567221510883
1476,sports,755,737,0.976158940397351
8132,politics,587,570,0.9710391822827938
7648,sports,407,400,0.9828009828009828
9660,sports,769,755,0.9817945383615084
3949,sports,458,440,0.9606986899563319
8329,politics,464,452,0.9741379310344828
1801,sports,904,889,0.9834070796460177
4983,sports,605,601,0.9933884297520661
8713,sports,738,708,0.959349593495935
5801,business,492,482,0.9796747967479674
9663,sports,568,550,0.9683098591549296
9053,sports,798,766,0.9598997493734336
3431,sports,833,819,0.9831932773109243
3729,politics,743,711,0.9569313593539704
6287,politics,629,613,0.9745627980922098
9221,sports,855,833,0.9742690058479532
502,sports,556,540,0.9712230215827338
9235,sports,545,542,0.9944954128440368
2445,sports,126,114,0.9047619047619048
3681,sports,559,551,0.9856887298747764
558,sports,183,167,0.912568306010929
10875,sports,762,736,0.9658792650918635
568,sports,988,961,0.9726720647773279
5359,sports,637,634,0.9952904238618524
4530,sports,882,859,0.9739229024943311
11451,business,646,624,0.9659442724458205
2944,politics,611,582,0.9525368248772504
4935,sports,941,914,0.971307120085016
1454,business,881,868,0.985244040862656
8638,sports,638,622,0.9749216300940439
1542,sports,812,768,0.9458128078817734
9509,sports,783,750,0.9578544061302682
10995,sports,251,249,0.9920318725099602
8484,sports,633,615,0.9715639810426541
9875,politics,763,746,0.9777195281782438
2099,sports,934,910,0.974304068522484
10070,sports,776,760,0.979381443298969
11229,sports,465,448,0.9634408602150538
2513,sports,259,243,0.9382239382239382
5462,sports,709,691,0.9746121297602257
7596,business,677,637,0.9409158050221565
7506,sports,486,473,0.9732510288065843
10118,politics,579,564,0.9740932642487047
3918,sports,800,781,0.97625
9537,business,370,369,0.9972972972972973
910,sports,315,314,0.9968253968253968
91,sports,147,141,0.9591836734693877
1912,business,1065,1040,0.9765258215962441
3186,sports,336,330,0.9821428571428571
8519,sports,797,783,0.9824341279799247
10209,business,250,246,0.984
2759,sports,876,851,0.9714611872146118
7616,business,680,672,0.9882352941176471
7828,sports,798,775,0.9711779448621554
8137,sports,955,944,0.9884816753926702
6477,politics,722,689,0.9542936288088643
3954,sports,1168,1150,0.9845890410958904
3996,sports,516,496,0.9612403100775194
4140,politics,911,890,0.9769484083424808
2955,politics,794,758,0.9546599496221663
10845,sports,1110,1075,0.9684684684684685
2345,sports,902,878,0.9733924611973392
1921,business,738,727,0.9850948509485095
9747,sports,625,596,0.9536
7023,sports,675,654,0.9688888888888889
10230,sports,342,331,0.9678362573099415
8275,sports,612,579,0.946078431372549
1527,business,853,809,0.9484173505275498
10603,sports,582,578,0.993127147766323
682,sports,539,512,0.9499072356215214
4001,sports,124,120,0.967741935483871
11085,business,1004,941,0.9372509960159362
7882,politics,936,921,0.9839743589743589
8973,sports,690,670,0.9710144927536232
3743,sports,345,322,0.9333333333333333
9686,politics,1005,980,0.9751243781094527
10294,politics,680,662,0.9735294117647059
1312,sports,965,932,0.9658031088082901
9669,sports,716,685,0.9567039106145251
8142,sports,1112,1084,0.9748201438848921
7599,sports,1070,1038,0.9700934579439252
2531,business,678,662,0.976401179941003
5201,sports,957,931,0.9728317659352143
3212,sports,769,756,0.9830949284785435
9909,sports,778,742,0.9537275064267352
2595,business,602,585,0.9717607973421927
1016,sports,471,456,0.9681528662420382
1474,sports,191,178,0.9319371727748691
7149,sports,1037,1013,0.9768563162970106
283,sports,352,343,0.9744318181818182
1278,sports,630,620,0.9841269841269841
3233,sports,386,372,0.9637305699481865
757,sports,698,660,0.9455587392550143
1937,sports,846,822,0.9716312056737588
3071,sports,719,705,0.980528511821975
10069,sports,665,647,0.9729323308270676
7354,politics,570,534,0.9368421052631579
11401,business,951,908,0.9547844374342797
652,sports,1172,1131,0.9650170648464164
493,sports,472,460,0.9745762711864406
4203,sports,830,809,0.9746987951807229
7299,politics,288,273,0.9479166666666666
10976,sports,118,115,0.9745762711864406
7872,sports,853,833,0.9765533411488863
5323,sports,360,348,0.9666666666666667
7766,sports,644,619,0.9611801242236024
680,sports,579,576,0.9948186528497409
1715,sports,314,301,0.9585987261146497
10344,business,613,605,0.9869494290375204
4605,sports,600,582,0.97
10918,sports,296,287,0.9695945945945946
5441,sports,476,454,0.9537815126050421
909,sports,312,308,0.9871794871794872
4405,sports,375,364,0.9706666666666667
9454,sports,51,44,0.8627450980392157
586,sports,461,447,0.9696312364425163
8195,sports,452,428,0.9469026548672567
1487,business,238,235,0.9873949579831933
9638,politics,523,507,0.9694072657743786
5131,politics,1052,1036,0.9847908745247148
9826,sports,389,376,0.9665809768637532
1159,sports,681,673,0.9882525697503671
6954,sports,264,241,0.9128787878787878
9037,sports,713,697,0.9775596072931276
9507,business,435,432,0.993103448275862
531,sports,356,345,0.9691011235955056
3344,sports,354,336,0.9491525423728814
11239,sports,530,521,0.9830188679245283
4984,sports,634,621,0.9794952681388013
831,sports,193,185,0.9585492227979274
8804,sports,882,870,0.9863945578231292
10335,sports,422,406,0.9620853080568721
9192,sports,726,721,0.9931129476584022
8597,sports,568,546,0.9612676056338029
5657,sports,602,593,0.9850498338870431
3624,sports,755,728,0.9642384105960264
2427,sports,434,420,0.967741935483871
597,sports,151,148,0.9801324503311258
3720,politics,107,105,0.9813084112149533
7481,sports,773,746,0.9650711513583441
10281,sports,310,297,0.9580645161290322
6532,politics,642,627,0.9766355140186916
4195,politics,589,586,0.9949066213921901
6160,sports,123,115,0.9349593495934959
5735,sports,1041,1008,0.968299711815562
2514,sports,670,651,0.9716417910447761
10782,politics,644,622,0.9658385093167702
11185,sports,706,668,0.9461756373937678
1789,sports,766,749,0.9778067885117493
3426,sports,554,536,0.9675090252707581
7411,sports,388,383,0.9871134020618557
2711,sports,610,594,0.9737704918032787
6524,sports,631,620,0.9825673534072901
2244,sports,80,76,0.95
8264,sports,377,374,0.9920424403183024
1875,sports,352,338,0.9602272727272727
8465,politics,316,302,0.9556962025316456
4963,sports,491,451,0.9185336048879837
7197,politics,642,622,0.9688473520249221
4920,sports,484,480,0.9917355371900827
6465,business,775,748,0.9651612903225807
2237,sports,312,296,0.9487179487179487
10642,sports,116,115,0.9913793103448276
8055,sports,303,294,0.9702970297029703
5573,sports,482,477,0.9896265560165975
3412,sports,848,833,0.9823113207547169
9323,sports,216,208,0.9629629629629629
10503,sports,696,673,0.9669540229885057
6968,sports,570,565,0.9912280701754386
2545,business,636,627,0.9858490566037735
6862,sports,866,838,0.9676674364896074
4101,sports,701,688,0.9814550641940085
5048,sports,999,965,0.965965965965966
9656,sports,224,219,0.9776785714285714
2212,sports,272,266,0.9779411764705882
9039,sports,461,452,0.9804772234273319
6887,politics,593,580,0.9780775716694773
10829,sports,379,372,0.9815303430079155
6879,sports,158,151,0.9556962025316456
8555,sports,553,533,0.9638336347197106
8338,business,485,481,0.9917525773195877
7003,sports,141,138,0.9787234042553191
2009,sports,934,888,0.9507494646680942
7670,sports,693,672,0.9696969696969697
4737,politics,715,688,0.9622377622377623
5098,business,732,671,0.9166666666666666
3461,business,988,945,0.9564777327935222
1460,sports,287,283,0.9860627177700348
1781,sports,189,184,0.9735449735449735
4055,sports,699,667,0.9542203147353362
7992,sports,596,583,0.9781879194630873
1525,business,601,581,0.9667221297836939
6516,sports,723,716,0.9903181189488244
1101,sports,112,105,0.9375
8764,sports,460,449,0.9760869565217392
3728,politics,662,641,0.9682779456193353
2909,sports,772,768,0.9948186528497409
4296,business,737,726,0.9850746268656716
4852,politics,838,824,0.9832935560859188
8876,politics,1142,1112,0.9737302977232924
9239,politics,1043,1032,0.9894534995206136
2670,politics,801,765,0.9550561797752809
3633,business,348,344,0.9885057471264368
3174,sports,744,738,0.9919354838709677
6723,politics,706,698,0.9886685552407932
8592,sports,971,954,0.9824922760041195
6759,business,296,277,0.9358108108108109
1401,sports,345,336,0.9739130434782609
6527,sports,550,543,0.9872727272727273
4472,sports,266,265,0.9962406015037594
1423,sports,381,367,0.963254593175853
1022,sports,1001,944,0.9430569430569431
7669,sports,656,636,0.9695121951219512
5792,sports,713,697,0.9775596072931276
4471,politics,782,745,0.9526854219948849
9024,sports,407,400,0.9828009828009828
2475,sports,696,652,0.9367816091954023
2776,sports,524,513,0.9790076335877863
571,sports,1091,1040,0.9532538955087076
8763,sports,934,923,0.9882226980728052
7790,sports,264,255,0.9659090909090909
10771,sports,629,609,0.9682034976152624
5104,politics,644,621,0.9642857142857143
4293,sports,172,152,0.8837209302325582
1630,business,760,734,0.9657894736842105
5204,sports,670,647,0.9656716417910448
9277,sports,1011,997,0.9861523244312562
5385,sports,344,334,0.9709302325581395
8306,business,484,460,0.9504132231404959
9517,business,682,659,0.966275659824047
9510,business,1151,1124,0.9765421372719374
766,sports,306,300,0.9803921568627451
4497,sports,912,871,0.9550438596491229
2663,sports,770,754,0.9792207792207792
5213,business,722,701,0.9709141274238227
763,sports,190,188,0.9894736842105263
10814,sports,765,740,0.9673202614379085
6521,sports,919,891,0.969532100108814
5557,sports,385,382,0.9922077922077922
11005,sports,1023,1010,0.9872922776148583
11050,business,630,609,0.9666666666666667
9071,sports,904,892,0.9867256637168141
11197,politics,950,928,0.9768421052631578
8528,sports,403,391,0.9702233250620348
8637,sports,495,492,0.9939393939393939
5432,politics,199,198,0.9949748743718593
1958,sports,160,158,0.9875
3067,politics,566,542,0.9575971731448764
5583,politics,855,819,0.9578947368421052
2336,sports,1012,989,0.9772727272727273
7622,sports,772,749,0.9702072538860104
3179,business,459,445,0.9694989106753813
10573,sports,684,663,0.9692982456140351
5118,politics,613,611,0.9967373572593801
7319,sports,464,447,0.9633620689655172
9026,sports,673,657,0.9762258543833581
2395,sports,964,891,0.9242738589211619
794,sports,251,248,0.9880478087649402
8026,sports,761,724,0.9513797634691196
10795,sports,499,492,0.9859719438877755
10625,sports,897,874,0.9743589743589743
552,sports,338,316,0.9349112426035503
10840,sports,500,474,0.948
11506,sports,118,118,1.0
5990,sports,1022,991,0.9696673189823874
6368,politics,694,660,0.9510086455331412
11478,sports,519,495,0.953757225433526
10364,sports,386,375,0.9715025906735751
