row_id,label,tokens,known,coverage
8706,sports,676,676,1.0
946,sports,595,594,0.9983193277310924
10690,sports,256,256,1.0
4658,politics,431,431,1.0
10542,sports,702,698,0.9943019943019943
7687,sports,665,665,1.0
548,sports,292,292,1.0
2168,sports,939,934,0.9946751863684771
547,sports,600,600,1.0
9060,politics,883,883,1.0
9108,sports,811,811,1.0
3872,sports,520,519,0.9980769230769231
6268,sports,838,838,1.0
4257,sports,613,611,0.9967373572593801
7242,sports,830,830,1.0
6122,politics,643,643,1.0
6633,sports,787,787,1.0
8213,sports,792,791,0.9987373737373737
804,sports,799,799,1.0
5164,business,773,767,0.9922380336351876
530,business,712,709,0.9957865168539326
5867,politics,946,945,0.9989429175475687
8089,politics,1363,1363,1.0
11480,sports,736,736,1.0
2744,sports,625,625,1.0
372,sports,704,701,0.9957386363636364
1472,business,764,764,1.0
6012,politics,701,700,0.9985734664764622
816,sports,744,742,0.9973118279569892
8228,sports,774,769,0.9935400516795866
1909,sports,608,607,0.9983552631578947
7896,sports,545,543,0.9963302752293578
7434,business,310,309,0.9967741935483871
10457,business,1002,1002,1.0
5401,sports,714,712,0.9971988795518207
6614,sports,884,884,1.0
5132,politics,693,693,1.0
10013,sports,502,500,0.9960159362549801
7343,sports,415,415,1.0
4086,sports,700,699,0.9985714285714286
5022,sports,754,753,0.9986737400530504
8262,sports,1000,1000,1.0
7770,sports,780,778,0.9974358974358974
5693,sports,446,443,0.9932735426008968
1328,sports,82,82,1.0
3705,sports,941,941,1.0
8317,sports,592,592,1.0
7151,business,235,235,1.0
3727,business,498,498,1.0
3940,business,852,850,0.9976525821596244
6836,sports,778,778,1.0
2936,sports,723,718,0.9930843706777317
1370,business,318,318,1.0
8485,sports,736,736,1.0
796,sports,126,126,1.0
5963,sports,461,458,0.9934924078091106
1940,sports,681,681,1.0
2321,sports,275,275,1.0
8569,politics,735,732,0.9959183673469387
11248,sports,492,486,0.9878048780487805
4731,sports,1197,1194,0.9974937343358395
1905,sports,493,491,0.9959432048681541
1326,sports,292,290,0.9931506849315068
11436,sports,648,647,0.9984567901234568
1787,sports,129,125,0.9689922480620154
8473,sports,756,756,1.0
1012,sports,219,218,0.9954337899543378
5730,sports,838,838,1.0
2813,sports,161,160,0.9937888198757764
7714,sports,175,175,1.0
9169,sports,1147,1146,0.999128160418483
2279,sports,170,170,1.0
3403,sports,489,488,0.9979550102249489
4977,sports,399,399,1.0
1596,business,651,651,1.0
4730,sports,294,294,1.0
10368,sports,499,499,1.0
10522,sports,812,811,0.9987684729064039
536,sports,468,465,0.9935897435897436
10704,sports,760,758,0.9973684210526316
5207,sports,564,563,0.99822695035461
3986,sports,737,737,1.0
5350,business,701,700,0.9985734664764622
7179,sports,707,703,0.9943422913719944
3006,sports,796,796,1.0
5307,sports,346,346,1.0
9066,sports,350,343,0.98
3282,politics,775,775,1.0
3654,sports,684,684,1.0
10565,politics,790,789,0.9987341772151899
11237,sports,427,426,0.9976580796252927
10891,sports,692,691,0.9985549132947977
8372,sports,134,134,1.0
3255,sports,593,592,0.9983136593591906
9163,sports,907,907,1.0
10873,sports,661,661,1.0
7259,sports,629,627,0.9968203497615262
9549,sports,387,387,1.0
5987,sports,946,946,1.0
5186,sports,506,503,0.9940711462450593
401,sports,566,565,0.9982332155477032
8568,politics,514,514,1.0
5771,sports,143,142,0.993006993006993
10615,sports,957,956,0.9989550679205852
735,sports,811,810,0.998766954377312
632,sports,472,471,0.9978813559322034
4485,politics,319,318,0.9968652037617555
2758,sports,486,486,1.0
11171,sports,429,428,0.9976689976689976
374,business,549,548,0.9981785063752276
8178,sports,655,655,1.0
5988,politics,651,651,1.0
8211,sports,695,695,1.0
2036,sports,261,260,0.9961685823754789
2187,business,532,532,1.0
10226,sports,692,688,0.9942196531791907
2529,business,671,668,0.9955290611028316
4348,business,379,379,1.0
359,sports,868,868,1.0
10309,sports,857,856,0.9988331388564761
2241,sports,443,443,1.0
645,sports,657,657,1.0
9824,sports,787,785,0.9974587039390089
2271,sports,900,895,0.9944444444444445
10043,sports,819,819,1.0
2000,sports,762,762,1.0
1945,politics,694,694,1.0
768,sports,980,976,0.9959183673469387
1641,sports,757,756,0.9986789960369881
5569,sports,905,900,0.994475138121547
6216,sports,768,765,0.99609375
1972,sports,431,430,0.9976798143851509
2617,sports,1008,1006,0.998015873015873
4429,politics,709,708,0.998589562764457
2046,sports,553,553,1.0
4373,politics,746,745,0.9986595174262735
4355,sports,727,724,0.9958734525447043
2108,business,894,893,0.9988814317673378
5880,politics,203,203,1.0
3890,sports,929,928,0.9989235737351991
3711,sports,307,307,1.0
7630,politics,437,436,0.9977116704805492
7157,sports,969,966,0.9969040247678018
3053,politics,643,643,1.0
4083,sports,301,301,1.0
5285,sports,841,836,0.9940546967895363
2817,business,735,733,0.9972789115646259
2092,sports,942,939,0.9968152866242038
5674,sports,841,839,0.9976218787158145
5881,sports,607,607,1.0
3813,sports,936,936,1.0
3165,sports,617,617,1.0
3270,politics,718,717,0.9986072423398329
845,sports,1393,1392,0.9992821249102656
742,sports,841,841,1.0
2765,sports,545,545,1.0
6747,sports,930,928,0.9978494623655914
10112,sports,870,869,0.9988505747126437
5135,sports,520,517,0.9942307692307693
10222,sports,494,494,1.0
10569,sports,796,794,0.9974874371859297
10726,business,445,442,0.9932584269662922
10299,sports,880,880,1.0
10636,sports,846,846,1.0
3355,business,341,341,1.0
3386,sports,759,757,0.997364953886693
6770,sports,929,929,1.0
8300,sports,696,696,1.0
3849,politics,676,675,0.9985207100591716
10138,sports,839,839,1.0
6149,business,515,515,1.0
2631,sports,125,125,1.0
7007,sports,802,801,0.9987531172069826
953,sports,745,745,1.0
10197,business,892,891,0.9988789237668162
6692,sports,827,827,1.0
2154,sports,59,59,1.0
395,sports,416,415,0.9975961538461539
5032,sports,312,312,1.0
2741,sports,472,470,0.9957627118644068
11222,sports,344,339,0.9854651162790697
1680,sports,551,549,0.9963702359346642
9408,sports,724,721,0.9958563535911602
1735,sports,338,336,0.9940828402366864
296,business,560,559,0.9982142857142857
11144,sports,716,713,0.9958100558659218
9224,business,729,729,1.0
5029,sports,476,475,0.9978991596638656
5623,sports,917,917,1.0
3852,sports,118,115,0.9745762711864406
6635,sports,450,448,0.9955555555555555
1433,sports,950,950,1.0
895,sports,1100,1098,0.9981818181818182
10323,sports,387,386,0.9974160206718347
7011,sports,408,408,1.0
4910,sports,166,166,1.0
9262,sports,748,747,0.9986631016042781
9778,sports,555,554,0.9981981981981982
6736,politics,304,304,1.0
2194,sports,411,411,1.0
11186,sports,653,648,0.9923430321592649
604,sports,305,305,1.0
4078,sports,457,456,0.9978118161925602
8479,sports,392,389,0.9923469387755102
2517,sports,151,151,1.0
3465,sports,739,739,1.0
7581,business,281,280,0.99644128113879
3753,business,833,831,0.9975990396158463
1292,sports,486,486,1.0
3995,sports,544,544,1.0
7656,sports,853,853,1.0
4098,sports,697,685,0.9827833572453372
2931,business,329,328,0.9969604863221885
6300,sports,796,794,0.9974874371859297
5549,sports,378,375,0.9920634920634921
1411,sports,728,728,1.0
2376,sports,287,287,1.0
5436,politics,270,270,1.0
6119,sports,794,790,0.9949622166246851
1904,sports,879,877,0.9977246871444824
6031,politics,473,473,1.0
1261,business,749,747,0.9973297730307076
8301,sports,612,610,0.9967320261437909
2412,sports,670,670,1.0
660,sports,944,942,0.9978813559322034
10530,sports,619,619,1.0
7957,sports,710,710,1.0
1216,sports,58,58,1.0
10807,politics,847,840,0.9917355371900827
11367,sports,355,355,1.0
4578,sports,1069,1069,1.0
7335,sports,903,903,1.0
5733,sports,914,914,1.0
7719,business,1223,1216,0.9942763695829926
7893,politics,642,638,0.9937694704049844
1106,sports,397,397,1.0
5724,sports,268,268,1.0
7678,sports,742,742,1.0
9620,sports,790,787,0.9962025316455696
264,sports,836,836,1.0
1756,sports,437,437,1.0
8495,sports,1053,1052,0.9990503323836657
183,sports,261,261,1.0
2661,sports,149,149,1.0
8018,politics,789,789,1.0
5161,sports,757,757,1.0
8739,politics,777,777,1.0
2390,sports,168,167,0.9940476190476191
4557,sports,768,762,0.9921875
4533,sports,661,661,1.0
8552,sports,762,760,0.9973753280839895
10810,business,869,869,1.0
8540,politics,598,597,0.9983277591973244
6361,sports,851,851,1.0
2899,politics,196,196,1.0
9618,sports,711,710,0.9985935302390999
4596,politics,691,691,1.0
3335,sports,845,844,0.9988165680473373
11175,business,790,760,0.9620253164556962
9928,sports,510,510,1.0
3621,sports,417,415,0.9952038369304557
4714,politics,939,939,1.0
601,sports,857,856,0.9988331388564761
8127,sports,528,527,0.9981060606060606
4558,sports,730,721,0.9876712328767123
9006,sports,614,613,0.998371335504886
2947,sports,801,800,0.9987515605493134
9542,sports,417,416,0.9976019184652278
3596,sports,124,124,1.0
10288,sports,632,632,1.0
3929,sports,913,911,0.9978094194961665
9670,sports,904,896,0.9911504424778761
2508,sports,435,432,0.993103448275862
973,sports,446,442,0.9910313901345291
7814,politics,594,594,1.0
2882,politics,1033,1028,0.995159728944821
8693,politics,674,672,0.9970326409495549
564,sports,955,954,0.9989528795811519
8093,sports,640,640,1.0
321,sports,862,861,0.9988399071925754
8850,sports,898,898,1.0
8400,sports,606,606,1.0
11093,business,294,291,0.9897959183673469
4516,sports,638,636,0.9968652037617555
3201,business,787,786,0.9987293519695044
8591,politics,639,639,1.0
1831,sports,773,769,0.9948253557567918
7566,sports,833,833,1.0
8897,sports,722,721,0.9986149584487535
2588,business,612,608,0.9934640522875817
6034,sports,799,799,1.0
883,sports,700,700,1.0
9144,sports,759,759,1.0
638,sports,257,257,1.0
11207,sports,918,915,0.9967320261437909
1939,sports,790,789,0.9987341772151899
4066,politics,152,152,1.0
9998,politics,669,666,0.9955156950672646
9027,sports,420,420,1.0
7218,sports,765,764,0.9986928104575163
3467,sports,831,829,0.9975932611311673
5650,sports,885,881,0.9954802259887006
10045,sports,335,335,1.0
4805,sports,803,801,0.9975093399750934
4522,sports,461,461,1.0
10555,sports,840,840,1.0
2866,sports,922,922,1.0
11459,sports,436,434,0.9954128440366973
11379,sports,50,50,1.0
6397,sports,470,470,1.0
8896,politics,934,931,0.9967880085653105
9005,sports,468,468,1.0
8742,sports,139,139,1.0
2183,sports,268,268,1.0
5517,sports,611,605,0.9901800327332242
425,business,659,659,1.0
11179,sports,662,662,1.0
1165,sports,636,635,0.9984276729559748
3032,sports,750,726,0.968
5561,politics,730,728,0.9972602739726028
8205,politics,270,270,1.0
8801,business,767,767,1.0
406,sports,674,674,1.0
1817,business,800,800,1.0
9513,sports,489,486,0.9938650306748467
2664,sports,798,796,0.9974937343358395
7078,sports,733,732,0.9986357435197817
2484,sports,1477,1471,0.995937711577522
5268,sports,787,786,0.9987293519695044
7045,sports,998,997,0.998997995991984
5316,sports,745,745,1.0
10337,sports,925,924,0.9989189189189189
1779,sports,382,382,1.0
9069,sports,687,687,1.0
8040,sports,739,739,1.0
2567,business,674,674,1.0
7876,sports,434,432,0.9953917050691244
1750,sports,244,244,1.0
2469,sports,234,234,1.0
1048,sports,117,116,0.9914529914529915
9929,sports,717,717,1.0
10102,sports,571,571,1.0
277,sports,588,588,1.0
4351,politics,697,697,1.0
893,sports,727,726,0.9986244841815681
7535,politics,697,696,0.9985652797704447
7204,sports,864,863,0.9988425925925926
6030,sports,547,547,1.0
5532,business,633,633,1.0
1089,sports,80,80,1.0
11143,business,618,616,0.9967637540453075
11110,business,210,210,1.0
5037,sports,715,713,0.9972027972027973
2402,sports,545,545,1.0
3613,politics,402,393,0.9776119402985075
8302,sports,466,465,0.9978540772532188
6811,business,755,755,1.0
5636,sports,568,566,0.9964788732394366
5453,sports,914,911,0.9967177242888403
587,sports,266,264,0.9924812030075187
7514,sports,806,804,0.9975186104218362
7868,sports,732,729,0.9959016393442623
7004,sports,141,141,1.0
9678,sports,526,523,0.9942965779467681
470,business,873,868,0.9942726231386025
686,business,860,860,1.0
4633,politics,1015,1012,0.9970443349753695
7822,sports,749,748,0.9986648865153538
10360,politics,692,692,1.0
190,sports,299,299,1.0
3938,sports,461,460,0.9978308026030369
3833,sports,773,771,0.9974126778783958
11120,business,622,621,0.9983922829581994
1499,sports,233,233,1.0
2247,sports,423,422,0.9976359338061466
3616,sports,431,429,0.9953596287703016
5382,sports,769,768,0.9986996098829649
3448,sports,1070,1067,0.997196261682243
535,sports,784,784,1.0
3956,politics,921,919,0.997828447339848
11261,sports,378,378,1.0
4028,politics,795,795,1.0
7307,politics,436,434,0.9954128440366973
668,sports,823,823,1.0
6562,sports,160,160,1.0
10195,sports,709,709,1.0
1340,sports,743,741,0.9973082099596231
11392,sports,1064,1060,0.9962406015037594
1334,sports,941,941,1.0
6097,sports,673,666,0.9895988112927192
11305,sports,133,133,1.0
6823,sports,373,371,0.9946380697050938
3991,sports,1006,1005,0.9990059642147118
8926,politics,515,512,0.9941747572815534
11332,sports,509,508,0.9980353634577603
3134,business,376,375,0.9973404255319149
8310,sports,592,592,1.0
11511,sports,125,125,1.0
10728,sports,765,763,0.9973856209150327
1522,sports,116,116,1.0
3241,sports,519,518,0.9980732177263969
8442,sports,30,30,1.0
7773,sports,723,723,1.0
3879,sports,827,826,0.9987908101571947
3475,business,654,654,1.0
4505,sports,683,682,0.9985358711566618
8330,business,857,857,1.0
1193,sports,763,762,0.9986893840104849
3985,sports,957,957,1.0
11009,business,902,901,0.9988913525498891
4573,sports,581,581,1.0
10410,politics,905,905,1.0
5937,sports,453,453,1.0
5473,sports,769,769,1.0
8312,politics,900,899,0.9988888888888889
7863,sports,692,689,0.9956647398843931
2591,sports,645,645,1.0
10246,sports,497,497,1.0
10757,sports,520,519,0.9980769230769231
5305,business,751,750,0.9986684420772304
6496,business,569,569,1.0
6342,sports,528,528,1.0
8475,politics,648,648,1.0
9088,sports,484,479,0.9896694214876033
3673,sports,975,974,0.9989743589743589
8352,sports,522,522,1.0
7377,business,751,747,0.9946737683089214
4132,sports,708,707,0.998587570621469
7886,sports,898,896,0.9977728285077951
6005,politics,899,899,1.0
3903,sports,491,491,1.0
1849,sports,1219,1219,1.0
11003,politics,742,742,1.0
4765,sports,638,637,0.9984326018808778
2418,sports,943,943,1.0
6622,politics,386,386,1.0
1708,sports,159,155,0.9748427672955975
10878,sports,145,145,1.0
10106,sports,190,190,1.0
4057,sports,726,724,0.9972451790633609
3253,politics,916,916,1.0
1031,sports,390,390,1.0
2657,politics,940,940,1.0
6009,sports,478,472,0.9874476987447699
5948,sports,751,750,0.9986684420772304
4775,sports,313,313,1.0
703,sports,529,529,1.0
8728,sports,258,258,1.0
8013,sports,731,723,0.9890560875512996
2290,sports,514,514,1.0
7221,sports,752,746,0.9920212765957447
3214,business,677,676,0.9985228951255539
2098,sports,232,232,1.0
1694,sports,231,224,0.9696969696969697
9164,sports,633,632,0.9984202211690363
5744,sports,644,644,1.0
5958,sports,795,794,0.9987421383647799
2793,politics,669,669,1.0
8320,sports,1154,1154,1.0
2635,sports,643,643,1.0
1960,sports,530,530,1.0
9245,sports,628,628,1.0
5015,business,516,516,1.0
10422,sports,858,858,1.0
2431,sports,135,134,0.9925925925925926
8912,sports,801,799,0.9975031210986267
3902,business,299,299,1.0
928,business,646,645,0.9984520123839009
10926,sports,636,635,0.9984276729559748
7655,sports,964,962,0.9979253112033195
675,politics,698,698,1.0
7860,sports,802,802,1.0
11052,business,729,729,1.0
5335,sports,763,763,1.0
8755,politics,315,315,1.0
7657,business,1073,1072,0.9990680335507922
10257,sports,140,140,1.0
6336,politics,948,948,1.0
4967,politics,682,682,1.0
10640,sports,685,685,1.0
2986,business,425,425,1.0
5296,sports,915,914,0.9989071038251366
773,sports,527,526,0.9981024667931688
7353,sports,165,165,1.0
5886,sports,433,433,1.0
10960,sports,513,513,1.0
687,business,978,975,0.9969325153374233
7400,sports,277,277,1.0
10490,sports,763,762,0.9986893840104849
8730,sports,873,871,0.997709049255441
4230,sports,841,840,0.9988109393579072
7911,politics,788,788,1.0
7238,sports,817,813,0.9951040391676866
9492,sports,494,492,0.9959514170040485
4696,business,502,502,1.0
6970,sports,707,706,0.9985855728429985
11321,sports,948,947,0.9989451476793249
10298,sports,654,652,0.9969418960244648
1180,sports,664,663,0.9984939759036144
1325,sports,491,491,1.0
3964,sports,896,886,0.9888392857142857
4216,politics,757,756,0.9986789960369881
5371,sports,121,120,0.9917355371900827
2044,sports,677,675,0.9970457902511078
4188,sports,667,667,1.0
4290,sports,693,693,1.0
1102,sports,114,110,0.9649122807017544
6346,sports,523,520,0.994263862332696
1671,sports,358,357,0.9972067039106145
8737,sports,742,741,0.9986522911051213
2129,sports,172,170,0.9883720930232558
8928,sports,687,687,1.0
2682,sports,831,831,1.0
10114,politics,695,695,1.0
10296,sports,826,825,0.9987893462469734
8905,politics,760,759,0.9986842105263158
10487,sports,399,398,0.9974937343358395
4742,sports,984,981,0.9969512195121951
6439,sports,651,644,0.989247311827957
3504,sports,758,753,0.9934036939313984
5581,sports,171,171,1.0
109,sports,103,102,0.9902912621359223
10538,sports,365,365,1.0
3827,politics,757,755,0.9973579920739762
939,sports,120,120,1.0
6960,sports,127,127,1.0
7357,politics,504,504,1.0
1405,sports,493,493,1.0
10550,sports,530,529,0.9981132075471698
6579,sports,723,723,1.0
3196,sports,466,465,0.9978540772532188
2230,sports,691,691,1.0
294,sports,184,184,1.0
1489,sports,436,436,1.0
2328,sports,678,678,1.0
4136,sports,681,681,1.0
7939,sports,594,593,0.9983164983164983
589,sports,919,918,0.998911860718172
4011,politics,612,612,1.0
6995,business,1066,1064,0.99812382739212
1421,sports,477,477,1.0
7749,sports,280,280,1.0
7963,sports,603,598,0.9917081260364843
10637,sports,897,895,0.9977703455964325
8356,politics,932,932,1.0
3316,sports,637,637,1.0
8636,business,947,947,1.0
11066,business,653,651,0.996937212863706
234,sports,104,104,1.0
6983,business,673,671,0.9970282317979198
346,business,424,423,0.9976415094339622
1345,sports,391,391,1.0
2117,sports,111,111,1.0
2047,sports,830,818,0.9855421686746988
8016,politics,677,677,1.0
9991,politics,537,537,1.0
7443,politics,796,791,0.9937185929648241
1745,sports,556,551,0.9910071942446043
5083,sports,521,518,0.9942418426103646
4260,sports,841,831,0.9881093935790726
5882,sports,238,238,1.0
6305,sports,576,574,0.9965277777777778
1659,sports,216,213,0.9861111111111112
3469,sports,725,725,1.0
80,sports,129,129,1.0
8559,sports,682,682,1.0
1780,sports,368,366,0.9945652173913043
4135,sports,885,885,1.0
976,business,672,669,0.9955357142857143
6603,business,731,731,1.0
8572,sports,823,821,0.9975698663426489
5787,sports,561,561,1.0
537,sports,982,982,1.0
1323,sports,132,128,0.9696969696969697
6703,politics,442,440,0.995475113122172
5500,sports,663,663,1.0
5978,sports,836,835,0.9988038277511961
9738,politics,660,660,1.0
2277,sports,211,211,1.0
4875,business,405,405,1.0
4382,sports,665,661,0.9939849624060151
6667,sports,411,408,0.9927007299270073
7562,sports,725,720,0.993103448275862
7821,sports,683,679,0.9941434846266471
10722,sports,516,514,0.9961240310077519
9095,sports,432,432,1.0
7356,sports,795,794,0.9987421383647799
9617,sports,625,625,1.0
253,sports,149,148,0.9932885906040269
7813,politics,770,769,0.9987012987012988
2832,sports,604,600,0.9933774834437086
9436,sports,910,910,1.0
4723,sports,568,565,0.9947183098591549
4763,sports,786,784,0.9974554707379135
4862,politics,795,794,0.9987421383647799
1916,sports,670,667,0.9955223880597015
8772,sports,554,550,0.9927797833935018
1154,sports,870,870,1.0
6985,sports,326,326,1.0
7943,politics,497,496,0.9979879275653923
6449,sports,561,554,0.9875222816399287
9101,sports,340,340,1.0
8365,sports,694,694,1.0
9372,politics,582,580,0.9965635738831615
2684,business,553,553,1.0
6781,sports,619,619,1.0
3035,sports,741,737,0.9946018893387314
3254,politics,554,554,1.0
9043,sports,527,527,1.0
8550,sports,701,701,1.0
7148,sports,901,898,0.9966703662597114
8087,politics,700,700,1.0
5189,business,869,865,0.9953970080552359
3591,sports,406,404,0.9950738916256158
228,sports,244,241,0.9877049180327869
9213,sports,637,636,0.9984301412872841
11276,business,168,168,1.0
11090,sports,236,235,0.9957627118644068
8929,sports,790,790,1.0
878,sports,698,698,1.0
8476,sports,907,907,1.0
10754,sports,812,809,0.9963054187192119
1112,sports,945,945,1.0
5602,sports,803,802,0.9987546699875467
2636,sports,887,887,1.0
7395,sports,857,855,0.9976662777129521
3792,business,806,804,0.9975186104218362
7015,sports,777,777,1.0
9942,sports,628,628,1.0
4618,sports,195,195,1.0
820,sports,767,767,1.0
4162,politics,603,603,1.0
467,sports,734,734,1.0
3788,politics,663,662,0.9984917043740573
2871,sports,711,710,0.9985935302390999
11112,business,719,718,0.9986091794158554
907,sports,542,527,0.9723247232472325
3814,politics,704,704,1.0
824,sports,219,218,0.9954337899543378
8284,sports,690,687,0.9956521739130435
2596,business,673,671,0.9970282317979198
2115,sports,800,800,1.0
6881,business,539,538,0.9981447124304267
6924,sports,803,803,1.0
4918,sports,423,422,0.9976359338061466
9938,politics,781,772,0.9884763124199744
2338,business,813,813,1.0
6719,sports,687,686,0.9985443959243085
5653,sports,485,485,1.0
6236,sports,919,917,0.9978237214363439
4034,business,442,442,1.0
11116,sports,858,855,0.9965034965034965
11400,sports,884,884,1.0
7175,politics,392,392,1.0
7199,sports,898,897,0.9988864142538976
65,sports,597,595,0.9966499162479062
2714,sports,786,785,0.9987277353689568
4603,sports,499,499,1.0
1238,sports,939,939,1.0
3423,sports,324,324,1.0
5176,business,488,488,1.0
7835,sports,502,502,1.0
8225,business,1048,1048,1.0
654,business,762,762,1.0
1878,business,624,622,0.9967948717948718
11,business,402,402,1.0
2074,politics,932,932,1.0
2710,sports,218,218,1.0
9848,business,363,363,1.0
5090,sports,567,564,0.9947089947089947
4368,sports,909,909,1.0
1978,business,277,276,0.9963898916967509
62,business,677,677,1.0
6357,sports,612,611,0.9983660130718954
9173,politics,641,637,0.9937597503900156
7451,politics,729,729,1.0
8397,sports,916,912,0.9956331877729258
11472,sports,157,157,1.0
11251,sports,296,292,0.9864864864864865
6761,sports,410,409,0.9975609756097561
4307,sports,734,734,1.0
2499,business,481,481,1.0
8654,politics,343,343,1.0
7001,politics,462,462,1.0
9758,sports,847,846,0.9988193624557261
4412,sports,707,699,0.9886845827439887
4845,sports,760,754,0.9921052631578947
1790,sports,351,351,1.0
7588,sports,1082,1081,0.9990757855822551
4435,sports,490,488,0.9959183673469387
737,sports,857,857,1.0
10811,sports,961,959,0.9979188345473465
9772,politics,757,753,0.9947159841479525
8716,sports,106,106,1.0
7947,sports,980,979,0.9989795918367347
3345,sports,1241,1226,0.9879129734085415
2281,business,675,669,0.9911111111111112
9388,sports,897,893,0.9955406911928651
2123,politics,617,617,1.0
11501,sports,231,231,1.0
11043,sports,158,157,0.9936708860759493
345,sports,746,743,0.9959785522788204
8245,sports,723,723,1.0
625,sports,710,710,1.0
8304,sports,467,465,0.9957173447537473
10238,sports,235,234,0.9957446808510638
591,business,689,689,1.0
7609,sports,516,515,0.998062015503876
10934,sports,863,862,0.9988412514484357
10068,sports,595,595,1.0
5202,sports,98,98,1.0
8571,sports,820,814,0.9926829268292683
3026,sports,641,639,0.9968798751950078
2374,sports,417,417,1.0
6083,politics,484,484,1.0
1512,sports,193,192,0.9948186528497409
2843,sports,657,655,0.9969558599695586
5454,sports,961,961,1.0
400,sports,49,49,1.0
9269,sports,967,967,1.0
2603,sports,293,289,0.9863481228668942
220,sports,99,95,0.9595959595959596
4375,sports,702,701,0.9985754985754985
7747,sports,430,425,0.9883720930232558
5061,sports,941,938,0.9968119022316685
4331,sports,220,215,0.9772727272727273
2809,sports,429,429,1.0
5599,politics,393,391,0.9949109414758269
8924,sports,236,236,1.0
7169,politics,818,814,0.9951100244498777
4656,sports,697,697,1.0
969,sports,149,149,1.0
2524,sports,409,409,1.0
9996,sports,333,333,1.0
937,sports,379,378,0.9973614775725593
6297,sports,437,434,0.9931350114416476
9172,sports,938,938,1.0
11127,sports,825,824,0.9987878787878788
6008,business,377,377,1.0
391,sports,433,433,1.0
1256,sports,1111,1110,0.9990999099909991
6078,sports,658,658,1.0
10003,sports,823,822,0.9987849331713244
5297,business,730,728,0.9972602739726028
1386,sports,739,738,0.9986468200270636
8726,sports,776,776,1.0
2692,sports,938,938,1.0
218,sports,541,541,1.0
6027,sports,694,694,1.0
8822,business,102,101,0.9901960784313726
2821,sports,555,551,0.9927927927927928
5754,sports,895,895,1.0
2720,sports,915,912,0.9967213114754099
11252,sports,454,454,1.0
1030,sports,597,595,0.9966499162479062
6525,sports,963,961,0.9979231568016614
1661,sports,620,620,1.0
6565,sports,471,470,0.9978768577494692
4591,politics,519,518,0.9980732177263969
4540,sports,911,911,1.0
3671,sports,985,985,1.0
4040,sports,692,691,0.9985549132947977
8404,sports,725,725,1.0
9762,politics,402,402,1.0
158,sports,234,232,0.9914529914529915
9296,business,641,641,1.0
6495,sports,963,962,0.9989615784008308
1361,sports,381,381,1.0
8378,sports,900,900,1.0
6187,politics,1017,1016,0.9990167158308751
6686,politics,1181,1181,1.0
8971,sports,635,632,0.9952755905511811
3866,sports,941,941,1.0
362,business,954,953,0.9989517819706499
4354,sports,831,829,0.9975932611311673
4585,sports,729,727,0.9972565157750343
6175,politics,609,609,1.0
9407,sports,725,724,0.9986206896551724
7162,sports,475,470,0.9894736842105263
8000,sports,715,713,0.9972027972027973
10853,business,925,925,1.0
2932,politics,748,748,1.0
3955,sports,764,763,0.9986910994764397
10131,business,712,712,1.0
1311,sports,616,616,1.0
1135,sports,495,495,1.0
1207,sports,1177,1176,0.9991503823279524
10827,sports,349,348,0.997134670487106
10478,sports,754,751,0.9960212201591512
10180,sports,494,492,0.9959514170040485
4857,sports,1117,1116,0.999104744852283
9661,sports,405,404,0.9975308641975309
8407,politics,473,473,1.0
3819,sports,487,484,0.9938398357289527
7198,sports,411,410,0.9975669099756691
5510,sports,601,601,1.0
7680,politics,651,648,0.9953917050691244
10333,sports,962,960,0.997920997920998
5810,sports,128,122,0.953125
3771,politics,662,662,1.0
4937,sports,279,273,0.978494623655914
8736,sports,792,792,1.0
3502,sports,501,501,1.0
10695,sports,899,899,1.0
90,sports,539,539,1.0
6247,politics,373,373,1.0
4945,sports,205,205,1.0
10224,sports,966,964,0.9979296066252588
869,sports,441,441,1.0
5849,sports,606,605,0.9983498349834984
4419,sports,720,720,1.0
6555,sports,140,140,1.0
3474,sports,616,616,1.0
6399,sports,775,772,0.9961290322580645
8072,sports,845,845,1.0
197,sports,237,236,0.9957805907172996
5736,sports,725,725,1.0
8740,sports,766,766,1.0
2430,sports,847,844,0.9964580873671782
8042,sports,53,52,0.9811320754716981
4601,sports,684,684,1.0
8895,business,893,892,0.9988801791713325
5895,sports,258,258,1.0
8115,sports,750,748,0.9973333333333333
6793,politics,898,898,1.0
7936,sports,219,218,0.9954337899543378
5491,sports,725,725,1.0
439,sports,1020,1019,0.9990196078431373
9170,sports,729,727,0.9972565157750343
392,business,954,952,0.9979035639412998
6918,sports,828,828,1.0
8892,sports,675,675,1.0
3966,sports,707,707,1.0
10894,politics,402,402,1.0
6800,politics,923,918,0.9945828819068255
1331,sports,360,359,0.9972222222222222
5196,sports,638,637,0.9984326018808778
6842,sports,431,431,1.0
5685,business,1241,1241,1.0
8750,sports,606,606,1.0
4071,sports,703,702,0.9985775248933144
11134,sports,407,406,0.9975429975429976
6159,sports,114,114,1.0
10127,sports,834,830,0.9952038369304557
9195,sports,737,733,0.994572591587517
198,sports,383,381,0.9947780678851175
5435,sports,815,815,1.0
375,sports,280,280,1.0
193,sports,1006,1004,0.9980119284294234
4892,sports,779,779,1.0
8854,sports,931,931,1.0
1406,sports,946,945,0.9989429175475687
730,sports,513,512,0.9980506822612085
1079,business,323,323,1.0
3945,sports,535,530,0.9906542056074766
3608,sports,682,681,0.998533724340176
5540,sports,932,932,1.0
5869,politics,786,786,1.0
983,sports,666,666,1.0
2289,sports,324,324,1.0
10812,politics,946,944,0.9978858350951374
6032,sports,539,539,1.0
8682,sports,960,960,1.0
5490,sports,313,313,1.0
9459,sports,641,639,0.9968798751950078
10904,politics,748,748,1.0
5784,sports,672,669,0.9955357142857143
8369,sports,507,506,0.9980276134122288
9567,sports,790,790,1.0
2313,sports,636,634,0.9968553459119497
153,sports,122,122,1.0
4818,business,728,728,1.0
972,sports,415,415,1.0
129,sports,768,766,0.9973958333333334
9904,sports,821,818,0.9963459196102314
2532,business,717,717,1.0
6486,sports,517,517,1.0
6387,politics,823,823,1.0
7711,sports,918,918,1.0
70,sports,469,465,0.9914712153518124
9840,sports,714,714,1.0
3429,sports,948,946,0.9978902953586498
2149,sports,361,358,0.9916897506925207
6191,sports,241,241,1.0
6396,sports,687,687,1.0
9990,sports,809,809,1.0
11215,sports,111,111,1.0
2903,business,835,807,0.9664670658682635
2542,business,526,519,0.9866920152091255
9708,sports,236,236,1.0
5611,sports,810,809,0.9987654320987654
6956,business,780,778,0.9974358974358974
10041,sports,327,327,1.0
1339,sports,315,314,0.9968253968253968
8396,sports,881,880,0.9988649262202043
8985,sports,714,704,0.9859943977591037
1524,business,598,596,0.9966555183946488
8831,sports,375,371,0.9893333333333333
7300,sports,369,369,1.0
8483,politics,818,818,1.0
5855,sports,602,602,1.0
4160,sports,714,714,1.0
6014,sports,765,760,0.9934640522875817
6694,sports,124,124,1.0
4676,sports,226,223,0.9867256637168141
6858,sports,716,715,0.9986033519553073
4091,sports,806,806,1.0
5864,sports,783,783,1.0
10109,sports,626,626,1.0
7962,sports,731,726,0.9931600547195623
9629,politics,697,696,0.9985652797704447
3522,sports,618,618,1.0
3220,sports,225,225,1.0
11503,sports,672,668,0.9940476190476191
7480,sports,737,732,0.9932157394843962
2368,sports,524,524,1.0
6480,sports,553,553,1.0
4327,sports,476,474,0.9957983193277311
9111,business,786,786,1.0
2861,sports,714,714,1.0
10943,sports,261,261,1.0
2706,sports,122,122,1.0
6073,politics,1121,1121,1.0
5082,sports,607,598,0.985172981878089
8722,sports,728,720,0.989010989010989
3374,sports,524,524,1.0
1425,sports,765,761,0.9947712418300654
4748,sports,378,378,1.0
8112,sports,664,662,0.9969879518072289
1413,sports,792,791,0.9987373737373737
1270,sports,683,683,1.0
11130,sports,396,395,0.9974747474747475
7107,sports,436,433,0.9931192660550459
10342,sports,587,587,1.0
5218,sports,674,673,0.9985163204747775
5708,sports,781,780,0.998719590268886
11141,sports,597,594,0.9949748743718593
10223,politics,1028,1027,0.9990272373540856
4652,business,942,936,0.9936305732484076
3003,sports,470,468,0.9957446808510638
9403,sports,779,779,1.0
11493,sports,133,133,1.0
8011,sports,799,798,0.9987484355444305
6466,politics,556,556,1.0
8558,sports,631,629,0.9968304278922345
4721,sports,707,707,1.0
2886,sports,820,818,0.9975609756097561
1300,sports,850,849,0.9988235294117647
2049,sports,942,942,1.0
9023,sports,455,454,0.9978021978021978
2029,sports,972,970,0.9979423868312757
2314,sports,135,134,0.9925925925925926
3724,sports,439,437,0.9954441913439636
6017,sports,732,732,1.0
11157,sports,595,594,0.9983193277310924
7427,sports,493,492,0.9979716024340771
8886,sports,689,687,0.9970972423802612
9438,sports,724,720,0.994475138121547
2373,sports,423,423,1.0
6937,business,926,922,0.9956803455723542
5315,sports,646,646,1.0
2790,sports,629,629,1.0
914,sports,520,520,1.0
4804,sports,700,700,1.0
2270,sports,340,340,1.0
9086,politics,688,688,1.0
9831,sports,701,701,1.0
6058,sports,125,125,1.0
11227,sports,665,664,0.9984962406015038
1293,sports,717,717,1.0
282,business,667,655,0.9820089955022488
6632,sports,861,860,0.9988385598141696
6487,sports,703,703,1.0
6475,politics,811,811,1.0
9428,politics,391,391,1.0
4206,sports,727,727,1.0
10349,sports,347,345,0.9942363112391931
1239,sports,607,606,0.9983525535420099
1907,business,647,646,0.9984544049459042
9258,sports,490,485,0.9897959183673469
10295,sports,795,785,0.9874213836477987
5616,sports,760,757,0.9960526315789474
7621,sports,714,709,0.9929971988795518
8260,sports,744,741,0.9959677419354839
7808,sports,524,524,1.0
8144,sports,114,114,1.0
11489,business,424,424,1.0
3715,politics,739,739,1.0
8064,sports,460,449,0.9760869565217392
4241,sports,703,702,0.9985775248933144
5499,business,940,937,0.9968085106382979
7817,business,555,553,0.9963963963963964
11343,sports,545,539,0.9889908256880734
970,sports,713,706,0.9901823281907434
1874,sports,675,675,1.0
4586,politics,1002,1001,0.999001996007984
5641,sports,116,116,1.0
5622,politics,517,517,1.0
4213,sports,985,979,0.9939086294416244
5655,sports,485,485,1.0
1309,sports,237,237,1.0
11448,business,639,631,0.9874804381846636
6961,sports,522,519,0.9942528735632183
8953,sports,582,582,1.0
5419,sports,817,813,0.9951040391676866
9640,sports,797,796,0.998745294855709
2949,sports,616,612,0.9935064935064936
9877,sports,728,727,0.9986263736263736
5941,politics,662,662,1.0
7554,politics,652,650,0.9969325153374233
10666,sports,1112,1112,1.0
2283,sports,114,113,0.9912280701754386
217,business,566,563,0.9946996466431095
9348,politics,421,421,1.0
4706,sports,101,101,1.0
11262,sports,622,622,1.0
4167,sports,893,893,1.0
2895,business,1009,1009,1.0
5220,business,509,502,0.9862475442043221
1515,business,623,620,0.9951845906902087
5120,sports,300,300,1.0
7589,sports,629,621,0.9872813990461049
1898,sports,234,234,1.0
1332,sports,519,519,1.0
3774,sports,1024,1022,0.998046875
10432,sports,712,711,0.9985955056179775
5367,politics,870,869,0.9988505747126437
681,sports,179,178,0.994413407821229
5834,sports,816,816,1.0
2040,sports,858,857,0.9988344988344988
4275,sports,248,248,1.0
960,sports,229,229,1.0
2043,sports,238,236,0.9915966386554622
8721,sports,91,91,1.0
7123,politics,780,779,0.9987179487179487
584,business,560,560,1.0
3280,sports,909,908,0.9988998899889989
9505,sports,879,874,0.9943117178612059
2176,sports,124,122,0.9838709677419355
5363,business,746,745,0.9986595174262735
2609,sports,264,262,0.9924242424242424
9094,sports,120,120,1.0
8513,sports,357,356,0.9971988795518207
3723,sports,761,761,1.0
2738,sports,706,702,0.9943342776203966
11273,sports,919,919,1.0
6128,sports,964,963,0.9989626556016598
2589,sports,171,165,0.9649122807017544
2848,sports,694,694,1.0
2214,business,684,684,1.0
4075,sports,435,435,1.0
612,sports,496,495,0.9979838709677419
777,sports,418,418,1.0
7105,sports,481,478,0.9937629937629938
9067,sports,903,902,0.9988925802879292
8741,sports,692,692,1.0
7409,politics,236,236,1.0
6943,sports,529,529,1.0
7081,sports,951,950,0.9989484752891693
11351,sports,435,435,1.0
3856,sports,317,316,0.9968454258675079
7063,sports,946,942,0.9957716701902748
8309,sports,815,814,0.9987730061349693
566,sports,92,92,1.0
2796,sports,122,121,0.9918032786885246
4685,politics,839,839,1.0
10561,sports,749,749,1.0
7038,sports,738,735,0.9959349593495935
3628,sports,162,162,1.0
421,business,488,484,0.9918032786885246
1392,sports,851,851,1.0
11497,sports,196,196,1.0
4074,sports,802,793,0.9887780548628429
11270,sports,1044,1042,0.9980842911877394
8587,sports,383,380,0.9921671018276762
301,politics,683,683,1.0
6714,sports,1141,1140,0.9991235758106923
5761,sports,926,925,0.9989200863930886
9943,sports,728,727,0.9986263736263736
2652,sports,443,440,0.9932279909706546
9212,business,106,105,0.9905660377358491
1249,sports,173,173,1.0
6123,sports,644,644,1.0
5853,politics,784,781,0.9961734693877551
1269,sports,773,771,0.9974126778783958
8323,sports,467,467,1.0
11278,sports,957,950,0.9926854754440961
9885,sports,1294,1293,0.999227202472952
447,sports,442,435,0.9841628959276018
136,business,957,957,1.0
933,sports,600,594,0.99
3783,business,559,559,1.0
2425,sports,514,513,0.9980544747081712
805,sports,861,857,0.9953542392566783
8506,sports,883,882,0.9988674971687429
3795,politics,594,594,1.0
10972,sports,641,640,0.9984399375975039
9380,sports,830,830,1.0
3063,sports,598,598,1.0
8966,sports,785,785,1.0
1006,sports,277,276,0.9963898916967509
5044,politics,762,762,1.0
8995,sports,767,765,0.9973924380704041
100,sports,178,177,0.9943820224719101
8925,sports,377,375,0.9946949602122016
2067,sports,161,161,1.0
861,sports,782,782,1.0
1279,sports,185,183,0.9891891891891892
138,sports,124,122,0.9838709677419355
10247,sports,301,299,0.9933554817275747
11364,sports,550,547,0.9945454545454545
3323,sports,469,469,1.0
9345,sports,712,712,1.0
1655,sports,288,287,0.9965277777777778
10643,sports,788,786,0.9974619289340102
6806,sports,123,122,0.991869918699187
9160,sports,692,691,0.9985549132947977
8457,sports,787,786,0.9987293519695044
3980,sports,826,823,0.9963680387409201
600,sports,650,649,0.9984615384615385
4126,sports,870,870,1.0
3870,sports,579,579,1.0
4316,sports,971,971,1.0
3058,sports,624,621,0.9951923076923077
2638,sports,664,664,1.0
6834,sports,1016,1015,0.9990157480314961
9093,sports,131,130,0.9923664122137404
6398,sports,854,854,1.0
3317,politics,682,682,1.0
5629,politics,704,704,1.0
11040,business,688,684,0.9941860465116279
5695,sports,298,298,1.0
10113,business,718,715,0.9958217270194986
5743,sports,869,868,0.998849252013809
8640,business,922,916,0.9934924078091106
8035,politics,657,650,0.989345509893455
932,sports,651,644,0.989247311827957
4625,sports,657,657,1.0
4152,sports,433,429,0.9907621247113164
7464,sports,710,709,0.9985915492957746
3106,sports,845,845,1.0
549,sports,733,732,0.9986357435197817
5042,sports,757,755,0.9973579920739762
7847,sports,732,728,0.994535519125683
10552,sports,686,685,0.9985422740524781
8060,sports,715,714,0.9986013986013986
2343,sports,115,114,0.991304347826087
6671,sports,291,291,1.0
9116,sports,325,325,1.0
3550,sports,557,549,0.9856373429084381
10086,business,1022,1020,0.9980430528375733
6903,politics,721,720,0.9986130374479889
5970,sports,657,656,0.9984779299847792
1313,sports,287,287,1.0
3108,business,373,372,0.9973190348525469
9647,sports,589,588,0.99830220713073
11271,sports,120,120,1.0
10399,sports,174,174,1.0
9696,business,521,521,1.0
10868,business,423,423,1.0
2685,sports,923,922,0.9989165763813651
1430,sports,473,473,1.0
11398,sports,220,220,1.0
8941,sports,393,391,0.9949109414758269
2858,politics,587,586,0.9982964224872232
4476,sports,645,641,0.993798449612403
8904,sports,132,132,1.0
7595,business,871,867,0.9954075774971297
944,sports,677,676,0.9985228951255539
8001,sports,419,419,1.0
4754,politics,695,695,1.0
11249,sports,386,385,0.9974093264248705
11165,sports,443,441,0.9954853273137697
8661,sports,1057,1055,0.9981078524124882
4107,sports,326,326,1.0
5704,sports,89,89,1.0
7482,politics,349,349,1.0
3592,sports,153,153,1.0
2555,sports,385,384,0.9974025974025974
3951,sports,752,752,1.0
3548,sports,311,309,0.9935691318327974
10551,sports,970,970,1.0
9002,sports,801,800,0.9987515605493134
5214,business,824,820,0.9951456310679612
3075,sports,1418,1417,0.9992947813822285
776,sports,297,297,1.0
5691,sports,463,460,0.9935205183585313
3844,politics,745,745,1.0
6351,business,642,642,1.0
7606,sports,343,343,1.0
10820,sports,641,640,0.9984399375975039
9354,sports,486,483,0.9938271604938271
10251,business,708,701,0.9901129943502824
9275,business,320,320,1.0
3882,sports,708,706,0.9971751412429378
5595,sports,695,693,0.9971223021582734
3708,sports,692,691,0.9985549132947977
5265,sports,703,703,1.0
8381,politics,653,653,1.0
3336,sports,314,313,0.9968152866242038
11002,sports,397,396,0.9974811083123426
677,sports,888,888,1.0
8677,sports,891,887,0.9955106621773289
5175,sports,759,759,1.0
9143,business,666,665,0.9984984984984985
10211,business,363,363,1.0
6211,politics,563,562,0.9982238010657194
7672,sports,390,389,0.9974358974358974
6174,sports,130,130,1.0
3874,sports,469,469,1.0
1060,sports,683,680,0.9956076134699854
11204,sports,688,688,1.0
7133,sports,943,942,0.9989395546129375
4568,sports,434,425,0.9792626728110599
1019,sports,744,743,0.9986559139784946
6069,sports,129,129,1.0
5825,sports,898,898,1.0
10402,sports,677,677,1.0
2872,sports,693,691,0.9971139971139971
7689,sports,491,490,0.9979633401221996
5575,politics,942,942,1.0
10325,sports,485,485,1.0
8975,business,763,761,0.9973787680209698
10219,sports,91,91,1.0
3768,business,704,704,1.0
300,sports,549,549,1.0
1236,sports,348,348,1.0
8933,politics,776,768,0.9896907216494846
5249,politics,218,218,1.0
1996,sports,971,970,0.9989701338825953
331,sports,816,813,0.9963235294117647
3848,business,731,731,1.0
9367,politics,671,671,1.0
5280,sports,627,624,0.9952153110047847
6164,sports,763,763,1.0
11199,sports,674,664,0.9851632047477745
8448,sports,312,312,1.0
8047,sports,666,663,0.9954954954954955
10256,sports,545,545,1.0
9601,sports,626,626,1.0
9020,politics,783,778,0.9936143039591315
2549,sports,285,283,0.9929824561403509
147,sports,120,120,1.0
6668,sports,101,98,0.9702970297029703
3485,sports,427,425,0.9953161592505855
10594,business,584,583,0.9982876712328768
3818,sports,871,871,1.0
2444,sports,806,806,1.0
5486,sports,579,578,0.998272884283247
5100,sports,977,977,1.0
2557,business,887,884,0.9966178128523112
7767,sports,780,778,0.9974358974358974
6483,politics,657,656,0.9984779299847792
2066,sports,970,970,1.0
9869,politics,769,769,1.0
7895,sports,813,810,0.996309963099631
5528,sports,809,808,0.9987639060568603
1816,sports,476,474,0.9957983193277311
8062,business,806,803,0.9962779156327544
8265,politics,658,658,1.0
9179,sports,426,426,1.0
6932,sports,856,855,0.9988317757009346
6088,sports,663,663,1.0
10979,politics,816,816,1.0
1927,sports,207,202,0.9758454106280193
4395,sports,164,164,1.0
10240,sports,901,901,1.0
9734,sports,326,326,1.0
3745,sports,148,145,0.9797297297297297
2548,sports,991,989,0.9979818365287588
2563,business,812,810,0.9975369458128078
7229,sports,660,660,1.0
3863,sports,780,779,0.9987179487179487
5338,sports,661,661,1.0
1830,sports,231,230,0.9956709956709957
958,sports,94,93,0.9893617021276596
4670,sports,671,671,1.0
1623,sports,654,654,1.0
10080,sports,819,818,0.9987789987789988
6299,sports,746,739,0.9906166219839142
7275,sports,911,911,1.0
1090,sports,226,226,1.0
2052,sports,512,511,0.998046875
1571,sports,171,171,1.0
1869,business,608,606,0.9967105263157895
2512,sports,200,200,1.0
8083,business,390,390,1.0
6753,sports,792,792,1.0
4961,sports,780,773,0.9910256410256411
2111,sports,693,693,1.0
6246,sports,156,155,0.9935897435897436
10255,sports,305,305,1.0
9790,business,619,619,1.0
8160,sports,648,648,1.0
8350,sports,515,515,1.0
2922,sports,555,555,1.0
5143,sports,598,596,0.9966555183946488
2079,sports,771,767,0.9948119325551232
6661,sports,921,921,1.0
10275,sports,912,912,1.0
1166,business,960,960,1.0
1197,business,838,837,0.9988066825775657
9090,sports,754,752,0.9973474801061007
4026,sports,943,943,1.0
2521,sports,117,117,1.0
4705,sports,1003,1003,1.0
874,sports,582,581,0.9982817869415808
2071,business,514,514,1.0
6425,sports,444,444,1.0
10351,sports,598,597,0.9983277591973244
7849,sports,882,882,1.0
1646,sports,989,988,0.9989888776541962
1607,sports,886,886,1.0
1223,sports,964,964,1.0
4444,sports,121,121,1.0
3574,sports,198,198,1.0
10523,sports,662,662,1.0
2703,sports,536,532,0.9925373134328358
5197,sports,761,759,0.9973718791064389
4579,sports,704,703,0.9985795454545454
2285,sports,835,833,0.9976047904191617
7485,sports,760,760,1.0
7758,sports,832,830,0.9975961538461539
832,sports,1059,1058,0.9990557129367328
2400,sports,887,887,1.0
10521,sports,991,987,0.9959636730575177
53,sports,929,928,0.9989235737351991
6104,politics,626,626,1.0
1375,sports,718,718,1.0
5903,sports,894,894,1.0
2632,sports,606,606,1.0
5634,sports,700,699,0.9985714285714286
5651,sports,519,517,0.9961464354527938
6415,politics,753,750,0.9960159362549801
659,sports,436,436,1.0
5020,sports,639,639,1.0
4671,politics,374,373,0.9973262032085561
10467,sports,831,828,0.9963898916967509
3044,sports,484,484,1.0
11240,sports,1033,1031,0.9980638915779284
10277,sports,961,960,0.9989594172736732
239,sports,541,539,0.9963031423290203
2691,sports,720,719,0.9986111111111111
9412,politics,874,873,0.9988558352402745
8530,sports,747,746,0.998661311914324
373,sports,1012,1009,0.9970355731225297
7660,sports,958,956,0.9979123173277662
1491,sports,536,534,0.996268656716418
7720,sports,785,783,0.9974522292993631
4336,sports,379,377,0.9947229551451188
2699,sports,365,364,0.9972602739726028
9715,sports,98,96,0.9795918367346939
6327,sports,1127,1126,0.9991126885536823
4562,sports,445,445,1.0
5084,politics,692,692,1.0
7559,politics,739,739,1.0
9453,sports,813,813,1.0
11328,sports,920,915,0.9945652173913043
3470,sports,192,192,1.0
1728,sports,154,153,0.9935064935064936
10778,business,273,273,1.0
3486,sports,830,825,0.9939759036144579
11053,business,748,747,0.9986631016042781
8425,sports,627,620,0.988835725677831
10768,sports,807,807,1.0
5256,business,236,236,1.0
4855,sports,207,207,1.0
4157,sports,677,676,0.9985228951255539
1052,business,143,143,1.0
6590,politics,879,879,1.0
8902,business,922,917,0.9945770065075922
6594,sports,750,749,0.9986666666666667
7874,sports,1001,992,0.991008991008991
3842,sports,805,804,0.9987577639751553
9632,sports,768,766,0.9973958333333334
8491,business,541,537,0.9926062846580407
10922,sports,453,451,0.9955849889624724
9622,sports,476,475,0.9978991596638656
8805,politics,573,573,1.0
3801,business,138,138,1.0
9319,sports,633,631,0.9968404423380727
2975,sports,852,848,0.9953051643192489
3515,politics,615,615,1.0
10236,sports,811,810,0.998766954377312
7752,business,721,715,0.9916782246879334
4097,sports,569,569,1.0
731,sports,625,625,1.0
5412,sports,941,941,1.0
10684,sports,848,843,0.9941037735849056
2361,business,997,987,0.9899699097291875
3271,sports,462,462,1.0
6257,sports,782,780,0.9974424552429667
2193,sports,142,137,0.9647887323943662
8406,politics,961,961,1.0
1001,sports,1036,1031,0.9951737451737451
720,sports,1281,1278,0.9976580796252927
6895,sports,785,784,0.9987261146496815
8935,politics,283,283,1.0
8029,business,567,554,0.9770723104056437
4020,business,278,278,1.0
8999,sports,736,725,0.9850543478260869
5290,sports,807,805,0.9975216852540273
5291,politics,618,618,1.0
4212,sports,829,828,0.9987937273823885
1541,sports,116,114,0.9827586206896551
8758,sports,838,837,0.9988066825775657
6265,business,257,257,1.0
1160,sports,840,840,1.0
1639,sports,300,300,1.0
3927,business,485,485,1.0
9493,sports,919,919,1.0
6845,sports,575,575,1.0
11233,sports,832,832,1.0
4110,politics,420,420,1.0
4092,sports,616,609,0.9886363636363636
6273,sports,345,345,1.0
10242,sports,870,870,1.0
5546,sports,895,894,0.9988826815642458
9064,sports,690,688,0.9971014492753624
11429,sports,540,540,1.0
6504,sports,695,695,1.0
4480,sports,356,356,1.0
11467,sports,241,241,1.0
3222,politics,669,667,0.9970104633781763
3434,sports,494,493,0.9979757085020243
8241,sports,756,755,0.9986772486772487
9351,politics,1062,1062,1.0
7540,sports,929,929,1.0
1024,business,354,354,1.0
2727,sports,368,365,0.9918478260869565
6698,sports,518,515,0.9942084942084942
1242,sports,923,921,0.9978331527627302
7101,sports,892,892,1.0
7854,sports,766,762,0.9947780678851175
1992,sports,144,142,0.9861111111111112
10966,politics,730,730,1.0
3648,politics,424,424,1.0
10290,sports,769,769,1.0
8116,sports,509,505,0.9921414538310412
3534,sports,848,848,1.0
8277,sports,462,460,0.9956709956709957
793,sports,406,406,1.0
5269,sports,832,831,0.9987980769230769
1740,sports,253,248,0.9802371541501976
729,sports,605,604,0.9983471074380166
10384,sports,1550,1538,0.9922580645161291
4615,sports,466,464,0.9957081545064378
9349,sports,724,721,0.9958563535911602
9373,sports,405,404,0.9975308641975309
2745,sports,1059,1059,1.0
9298,sports,381,379,0.994750656167979
8009,sports,527,527,1.0
8231,sports,630,629,0.9984126984126984
4244,sports,223,223,1.0
2342,sports,409,404,0.9877750611246944
4021,sports,431,430,0.9976798143851509
10183,sports,284,282,0.9929577464788732
166,sports,308,308,1.0
7685,business,708,707,0.998587570621469
9693,sports,574,569,0.9912891986062717
1351,sports,621,621,1.0
3590,sports,872,872,1.0
5235,sports,721,721,1.0
5119,sports,391,391,1.0
474,business,713,713,1.0
8523,sports,566,565,0.9982332155477032
1550,sports,180,177,0.9833333333333333
443,sports,728,727,0.9986263736263736
998,sports,1181,1181,1.0
11329,sports,276,276,1.0
4049,sports,918,915,0.9967320261437909
8207,sports,878,877,0.9988610478359908
6036,sports,126,126,1.0
10707,sports,741,741,1.0
2173,sports,697,696,0.9985652797704447
8403,politics,928,928,1.0
3875,business,330,330,1.0
11301,sports,416,410,0.9855769230769231
5507,sports,468,453,0.967948717948718
6652,business,569,569,1.0
3513,business,271,271,1.0
9328,sports,645,640,0.9922480620155039
229,sports,418,417,0.9976076555023924
4190,politics,286,282,0.986013986013986
6209,sports,750,749,0.9986666666666667
3518,sports,408,399,0.9779411764705882
7305,sports,687,687,1.0
1984,sports,151,151,1.0
3737,sports,727,724,0.9958734525447043
8032,sports,450,450,1.0
10724,sports,728,724,0.9945054945054945
7461,sports,757,755,0.9973579920739762
126,sports,378,378,1.0
10669,sports,814,810,0.995085995085995
4443,sports,809,809,1.0
1133,sports,703,703,1.0
5531,business,598,598,1.0
6868,sports,686,686,1.0
4593,sports,812,812,1.0
189,sports,605,603,0.996694214876033
1994,business,717,695,0.9693165969316597
1890,politics,637,637,1.0
9913,politics,496,495,0.9979838709677419
8851,politics,847,847,1.0
2280,sports,743,740,0.9959623149394348
7267,sports,305,305,1.0
5749,sports,728,728,1.0
9278,politics,1072,1072,1.0
2454,sports,287,287,1.0
5105,business,685,681,0.9941605839416059
7899,sports,869,867,0.997698504027618
3088,sports,729,729,1.0
10,sports,523,522,0.9980879541108987
7754,sports,837,837,1.0
4398,sports,195,195,1.0
3529,sports,768,768,1.0
8449,politics,890,890,1.0
10587,sports,833,832,0.9987995198079231
5050,politics,898,896,0.9977728285077951
4614,sports,265,265,1.0
1477,business,539,538,0.9981447124304267
1517,business,954,954,1.0
5111,sports,871,868,0.9965556831228473
87,sports,286,285,0.9965034965034965
4197,sports,742,739,0.9959568733153639
3776,sports,797,797,1.0
6274,sports,907,905,0.9977949283351709
6393,sports,839,838,0.99880810488677
7768,sports,188,187,0.9946808510638298
4104,sports,552,550,0.9963768115942029
4872,business,642,641,0.9984423676012462
1473,sports,191,190,0.9947643979057592
1266,sports,840,840,1.0
10319,politics,385,384,0.9974025974025974
3031,sports,439,439,1.0
5539,sports,694,694,1.0
9155,sports,987,983,0.9959473150962512
1514,sports,475,475,1.0
10706,politics,689,684,0.9927431059506531
4483,sports,892,892,1.0
2856,sports,958,958,1.0
5023,sports,865,861,0.9953757225433526
4303,sports,772,772,1.0
9500,sports,706,704,0.9971671388101983
5301,sports,613,613,1.0
3359,sports,791,789,0.9974715549936789
3573,politics,871,871,1.0
10479,sports,653,649,0.9938744257274119
4072,sports,795,794,0.9987421383647799
3286,sports,742,742,1.0
8579,sports,764,763,0.9986910994764397
9883,sports,372,372,1.0
7422,politics,674,672,0.9970326409495549
9283,sports,800,799,0.99875
8480,sports,985,984,0.9989847715736041
20,sports,549,547,0.9963570127504554
7050,sports,675,675,1.0
10229,sports,538,536,0.9962825278810409
11395,sports,551,543,0.985480943738657
9097,sports,410,410,1.0
7066,sports,972,971,0.9989711934156379
4689,politics,668,668,1.0
8641,sports,302,302,1.0
10144,sports,910,909,0.9989010989010989
2752,politics,883,883,1.0
5610,sports,926,926,1.0
2984,sports,741,741,1.0
3889,sports,437,434,0.9931350114416476
11047,business,306,306,1.0
2966,business,918,917,0.9989106753812637
3503,sports,876,875,0.9988584474885844
361,sports,1201,1198,0.9975020815986678
8166,business,791,787,0.9949431099873578
6248,politics,511,508,0.9941291585127201
6726,sports,585,561,0.958974358974359
5311,sports,313,313,1.0
10271,politics,693,693,1.0
4255,business,433,433,1.0
9010,sports,798,798,1.0
8478,sports,785,782,0.9961783439490446
11300,sports,362,361,0.9972375690607734
5601,sports,625,623,0.9968
10604,sports,927,923,0.9956850053937433
9310,politics,531,531,1.0
10311,sports,446,445,0.9977578475336323
8085,sports,607,607,1.0
10623,sports,624,622,0.9967948717948718
6919,business,251,250,0.9960159362549801
10244,sports,266,266,1.0
8272,sports,782,781,0.9987212276214834
8416,sports,498,494,0.9919678714859438
3128,sports,886,886,1.0
4428,sports,930,930,1.0
918,business,832,830,0.9975961538461539
10527,sports,884,884,1.0
1628,sports,435,434,0.9977011494252873
1746,sports,616,607,0.9853896103896104
3688,sports,876,875,0.9988584474885844
250,sports,588,586,0.9965986394557823
5975,sports,587,586,0.9982964224872232
5686,sports,308,306,0.9935064935064936
1865,sports,546,540,0.989010989010989
7154,sports,289,288,0.9965397923875432
666,sports,997,993,0.995987963891675
7024,sports,410,410,1.0
11287,sports,711,711,1.0
6205,business,663,661,0.9969834087481146
10963,sports,701,701,1.0
2933,business,1009,993,0.9841427155599604
5123,sports,675,674,0.9985185185185185
7067,sports,856,855,0.9988317757009346
7223,business,227,227,1.0
4146,sports,943,943,1.0
2612,business,901,901,1.0
3363,sports,796,796,1.0
6576,sports,795,795,1.0
450,sports,652,652,1.0
4895,sports,309,309,1.0
1903,business,793,793,1.0
4173,sports,387,385,0.9948320413436692
7779,business,909,900,0.9900990099009901
63,sports,681,677,0.9941262848751835
5206,sports,638,638,1.0
10258,sports,90,87,0.9666666666666667
6366,politics,1047,1046,0.9990448901623686
10549,sports,798,798,1.0
7118,sports,549,549,1.0
3698,sports,198,198,1.0
5766,sports,212,212,1.0
529,sports,703,703,1.0
6010,sports,817,816,0.9987760097919217
2113,sports,649,649,1.0
4189,sports,127,126,0.9921259842519685
8414,sports,779,774,0.993581514762516
4838,politics,852,852,1.0
284,business,884,884,1.0
2885,sports,528,525,0.9943181818181818
4144,sports,1057,1056,0.9990539262062441
2394,business,472,464,0.9830508474576272
10403,sports,731,731,1.0
6893,sports,972,972,1.0
6003,sports,781,775,0.9923175416133163
11166,sports,364,357,0.9807692307692307
5331,sports,628,626,0.9968152866242038
3203,sports,661,660,0.9984871406959153
8838,politics,1065,1063,0.9981220657276996
8877,sports,936,935,0.9989316239316239
11363,sports,632,630,0.9968354430379747
6419,sports,683,680,0.9956076134699854
9429,sports,381,381,1.0
434,business,843,841,0.9976275207591934
9844,sports,881,881,1.0
3443,business,511,508,0.9941291585127201
10375,sports,606,606,1.0
6029,sports,320,320,1.0
8499,sports,726,726,1.0
7626,sports,680,679,0.9985294117647059
487,sports,197,195,0.9898477157360406
2405,sports,333,333,1.0
4960,sports,879,879,1.0
4866,politics,662,660,0.9969788519637462
627,sports,858,858,1.0
6229,sports,344,342,0.9941860465116279
1520,sports,208,208,1.0
6825,sports,583,583,1.0
5053,sports,773,772,0.9987063389391979
11267,sports,380,380,1.0
1028,business,1249,1248,0.9991993594875901
5466,sports,541,541,1.0
11008,business,700,699,0.9985714285714286
7383,business,821,801,0.9756394640682094
2251,sports,378,378,1.0
3793,sports,661,661,1.0
3811,sports,948,948,1.0
1286,sports,145,143,0.9862068965517241
11260,business,724,722,0.9972375690607734
5381,sports,942,942,1.0
5949,sports,628,628,1.0
3184,sports,1054,1054,1.0
3914,business,420,416,0.9904761904761905
6055,sports,810,809,0.9987654320987654
718,business,692,692,1.0
1833,sports,498,498,1.0
10338,politics,615,604,0.9821138211382113
9171,business,587,587,1.0
2748,politics,632,632,1.0
11089,business,670,670,1.0
32,business,499,499,1.0
8288,sports,263,263,1.0
7329,sports,335,333,0.9940298507462687
2002,sports,604,599,0.9917218543046358
3953,sports,817,817,1.0
4134,sports,426,424,0.9953051643192489
3105,sports,721,721,1.0
3162,sports,908,908,1.0
1192,sports,647,647,1.0
3533,sports,709,704,0.9929478138222849
7832,business,356,356,1.0
7568,sports,745,740,0.9932885906040269
10241,politics,711,710,0.9985935302390999
9254,sports,678,675,0.995575221238938
1307,sports,636,635,0.9984276729559748
5302,sports,78,78,1.0
2065,sports,247,247,1.0
2320,sports,453,453,1.0
7998,sports,792,787,0.9936868686868687
11475,business,713,711,0.9971949509116409
8695,politics,504,504,1.0
8268,sports,873,867,0.993127147766323
5930,business,797,794,0.9962358845671268
7228,sports,414,413,0.9975845410628019
173,sports,264,264,1.0
3130,sports,596,596,1.0
5080,sports,785,782,0.9961783439490446
3803,sports,563,561,0.9964476021314387
423,business,539,539,1.0
9049,politics,984,982,0.9979674796747967
5116,sports,448,444,0.9910714285714286
3037,sports,307,302,0.9837133550488599
9370,sports,505,503,0.996039603960396
9249,sports,617,613,0.993517017828201
3934,politics,262,262,1.0
1134,business,654,650,0.9938837920489296
4577,sports,871,868,0.9965556831228473
852,sports,772,770,0.9974093264248705
8516,sports,784,782,0.9974489795918368
974,sports,426,425,0.9976525821596244
4387,politics,719,718,0.9986091794158554
674,sports,583,583,1.0
4358,sports,807,807,1.0
8066,sports,265,263,0.9924528301886792
1755,sports,398,398,1.0
8151,politics,704,703,0.9985795454545454
1957,politics,758,758,1.0
6940,sports,840,840,1.0
10655,sports,600,598,0.9966666666666667
2355,sports,372,369,0.9919354838709677
8443,sports,716,716,1.0
9246,sports,379,379,1.0
9735,sports,811,811,1.0
6545,politics,575,575,1.0
8322,sports,552,552,1.0
4487,sports,486,486,1.0
304,business,670,668,0.9970149253731343
9984,sports,891,891,1.0
10687,sports,1021,1019,0.9980411361410382
9417,business,612,612,1.0
10395,sports,438,434,0.9908675799086758
9396,sports,249,249,1.0
3435,sports,983,980,0.9969481180061037
10250,sports,457,446,0.975929978118162
10656,politics,770,768,0.9974025974025974
4420,sports,720,720,1.0
5187,business,642,641,0.9984423676012462
9695,sports,682,680,0.9970674486803519
9718,sports,926,924,0.9978401727861771
2616,business,909,909,1.0
809,sports,717,717,1.0
11000,sports,772,772,1.0
5570,sports,426,424,0.9953051643192489
2965,sports,195,195,1.0
605,sports,272,272,1.0
4333,sports,715,715,1.0
10033,sports,680,680,1.0
8321,sports,734,728,0.9918256130790191
4416,sports,741,738,0.9959514170040485
2847,politics,613,611,0.9967373572593801
2127,sports,284,283,0.9964788732394366
7030,sports,150,150,1.0
10489,sports,587,586,0.9982964224872232
7731,sports,1015,1011,0.9960591133004926
8492,sports,548,543,0.9908759124087592
4407,sports,472,467,0.989406779661017
10082,sports,440,438,0.9954545454545455
3967,sports,495,494,0.997979797979798
5483,sports,770,768,0.9974025974025974
701,sports,600,600,1.0
11509,sports,593,593,1.0
1205,sports,801,801,1.0
7390,sports,729,727,0.9972565157750343
5360,sports,815,808,0.9914110429447853
10189,politics,485,482,0.9938144329896907
2456,sports,949,945,0.9957850368809273
66,sports,579,578,0.998272884283247
11477,sports,121,121,1.0
10352,sports,577,575,0.9965337954939342
11257,sports,693,692,0.9985569985569985
7974,sports,934,932,0.9978586723768736
8749,politics,523,521,0.9961759082217974
6136,sports,881,879,0.9977298524404086
5319,sports,444,443,0.9977477477477478
7748,politics,272,272,1.0
5701,business,300,300,1.0
2443,sports,225,225,1.0
1803,sports,417,416,0.9976019184652278
5804,sports,562,562,1.0
7163,politics,405,404,0.9975308641975309
448,sports,408,407,0.9975490196078431
6508,sports,983,983,1.0
9487,sports,673,670,0.9955423476968797
1946,sports,597,596,0.998324958123953
7659,sports,476,475,0.9978991596638656
6132,sports,725,718,0.9903448275862069
6098,sports,1094,1091,0.9972577696526508
7569,sports,809,805,0.9950556242274413
7361,sports,188,188,1.0
10434,sports,574,574,1.0
1545,sports,522,520,0.9961685823754789
7010,sports,405,403,0.9950617283950617
8686,sports,485,485,1.0
4392,sports,408,407,0.9975490196078431
7845,sports,756,754,0.9973544973544973
6916,sports,666,665,0.9984984984984985
9538,politics,797,796,0.998745294855709
5257,sports,647,647,1.0
5001,politics,1586,1584,0.9987389659520807
6740,sports,711,710,0.9985935302390999
10147,sports,815,814,0.9987730061349693
10115,business,394,394,1.0
8436,sports,663,661,0.9969834087481146
3247,sports,624,624,1.0
7190,sports,862,862,1.0
9641,sports,566,566,1.0
5160,sports,777,777,1.0
2766,sports,606,606,1.0
10235,sports,765,765,1.0
10824,sports,943,943,1.0
8252,sports,551,550,0.9981851179673321
11292,sports,758,757,0.9986807387862797
11473,sports,492,492,1.0
8297,sports,534,534,1.0
2386,sports,794,791,0.9962216624685138
2131,business,507,507,1.0
4874,sports,461,461,1.0
10510,sports,524,524,1.0
8976,business,900,899,0.9988888888888889
3602,sports,587,585,0.9965928449744463
16,sports,749,747,0.9973297730307076
10027,sports,787,786,0.9987293519695044
3798,sports,965,962,0.9968911917098445
6186,politics,709,708,0.998589562764457
3772,sports,234,234,1.0
9236,sports,371,369,0.9946091644204852
9628,business,701,699,0.9971469329529244
738,business,786,783,0.9961832061068703
2037,sports,427,427,1.0
2288,sports,594,593,0.9983164983164983
8779,sports,906,903,0.9966887417218543
4604,sports,882,876,0.9931972789115646
6491,business,420,417,0.9928571428571429
1368,sports,107,107,1.0
6062,sports,770,770,1.0
5368,politics,644,644,1.0
2860,sports,228,227,0.9956140350877193
7325,sports,697,694,0.9956958393113343
833,sports,825,825,1.0
10105,sports,384,384,1.0
1629,sports,109,108,0.9908256880733946
2988,sports,800,800,1.0
3304,sports,804,803,0.9987562189054726
10291,business,510,510,1.0
9971,sports,205,205,1.0
639,business,650,650,1.0
9706,sports,671,671,1.0
10511,sports,587,587,1.0
1834,sports,820,815,0.9939024390243902
2897,sports,685,683,0.997080291970803
9451,politics,483,482,0.9979296066252588
7780,sports,790,790,1.0
11385,sports,557,551,0.9892280071813285
4289,sports,128,128,1.0
6900,sports,706,705,0.9985835694050992
9033,sports,480,480,1.0
3332,politics,659,659,1.0
2637,business,1022,1022,1.0
5489,sports,512,512,1.0
9107,sports,605,601,0.9933884297520661
134,business,661,658,0.9954614220877458
1638,business,362,361,0.9972375690607734
7870,sports,822,821,0.9987834549878345
6376,sports,778,778,1.0
2700,sports,604,602,0.9966887417218543
3946,sports,899,898,0.9988876529477196
10746,sports,773,772,0.9987063389391979
10634,politics,728,728,1.0
3023,sports,659,658,0.9984825493171472
1929,politics,671,671,1.0
532,sports,732,731,0.9986338797814208
3199,sports,1099,1099,1.0
4581,sports,1067,1067,1.0
2750,sports,933,933,1.0
11174,business,602,602,1.0
6408,sports,605,604,0.9983471074380166
11432,business,724,723,0.9986187845303868
1559,sports,65,64,0.9846153846153847
1475,business,623,623,1.0
6219,politics,559,558,0.998211091234347
3260,sports,632,632,1.0
3823,sports,846,844,0.9976359338061466
10074,sports,1037,1037,1.0
1998,business,262,262,1.0
5631,politics,640,640,1.0
7605,sports,201,201,1.0
2136,sports,222,222,1.0
7046,politics,623,623,1.0
10092,sports,1030,1029,0.9990291262135922
1426,sports,144,142,0.9861111111111112
6454,sports,344,343,0.997093023255814
4005,politics,797,797,1.0
2105,sports,465,465,1.0
403,sports,926,920,0.9935205183585313
575,sports,664,664,1.0
2467,sports,339,338,0.9970501474926253
3258,sports,672,671,0.9985119047619048
5712,sports,983,983,1.0
7404,sports,75,75,1.0
2203,sports,285,281,0.9859649122807017
11390,business,734,731,0.9959128065395095
9766,business,1045,1045,1.0
6930,sports,878,878,1.0
1167,business,602,602,1.0
5327,sports,809,806,0.9962917181705809
1672,sports,99,99,1.0
2867,sports,678,677,0.9985250737463127
2863,sports,742,741,0.9986522911051213
5125,politics,674,674,1.0
9918,sports,680,680,1.0
5729,politics,283,282,0.9964664310954063
9746,sports,929,929,1.0
4449,sports,812,811,0.9987684729064039
1407,sports,719,717,0.9972183588317107
5236,sports,773,773,1.0
7271,sports,714,714,1.0
10519,politics,556,556,1.0
761,sports,553,551,0.9963833634719711
1385,sports,805,805,1.0
8158,sports,585,585,1.0
10708,sports,701,701,1.0
10899,politics,682,682,1.0
2091,sports,110,110,1.0
10274,business,799,799,1.0
2991,sports,460,460,1.0
1152,sports,786,786,1.0
2414,sports,562,562,1.0
10476,sports,861,860,0.9988385598141696
8074,business,349,349,1.0
9165,sports,235,229,0.9744680851063829
10928,sports,734,730,0.9945504087193461
9720,sports,921,921,1.0
8847,sports,718,717,0.9986072423398329
8943,sports,392,392,1.0
2366,sports,627,627,1.0
2171,business,614,614,1.0
6963,sports,496,496,1.0
5129,politics,961,960,0.9989594172736732
9603,politics,597,590,0.9882747068676717
1412,sports,471,471,1.0
6118,politics,836,833,0.9964114832535885
9457,sports,502,502,1.0
10913,sports,628,627,0.9984076433121019
488,sports,889,889,1.0
1040,sports,87,87,1.0
828,business,474,474,1.0
9727,sports,924,921,0.9967532467532467
8282,sports,617,617,1.0
7695,sports,471,470,0.9978768577494692
3658,sports,993,990,0.9969788519637462
6693,sports,766,766,1.0
541,sports,82,82,1.0
4651,business,953,941,0.9874081846799581
888,sports,272,270,0.9926470588235294
4346,sports,353,349,0.9886685552407932
1505,business,652,650,0.9969325153374233
9280,sports,945,944,0.9989417989417989
3992,sports,490,487,0.9938775510204082
3773,sports,764,764,1.0
1156,sports,717,717,1.0
9411,sports,628,628,1.0
3018,sports,508,506,0.9960629921259843
9123,sports,653,651,0.996937212863706
8867,sports,502,502,1.0
5974,business,287,287,1.0
1042,sports,929,929,1.0
1363,sports,864,863,0.9988425925925926
2851,politics,636,636,1.0
7326,politics,614,612,0.996742671009772
1906,sports,159,159,1.0
5551,sports,724,722,0.9972375690607734
2198,sports,887,886,0.9988726042841037
8232,business,968,967,0.9989669421487604
6606,business,889,888,0.9988751406074241
4,sports,256,254,0.9921875
8803,sports,1181,1176,0.995766299745978
5484,politics,245,245,1.0
3761,politics,685,685,1.0
11352,sports,1116,1115,0.9991039426523297
6965,business,591,591,1.0
6189,sports,541,541,1.0
4659,sports,508,506,0.9960629921259843
8376,business,921,919,0.997828447339848
7869,sports,484,483,0.9979338842975206
344,sports,880,880,1.0
4645,sports,119,118,0.9915966386554622
5063,sports,652,652,1.0
6303,sports,546,536,0.9816849816849816
5477,sports,419,418,0.9976133651551312
6252,sports,1346,1343,0.9977711738484398
7623,sports,826,826,1.0
2235,sports,311,310,0.9967845659163987
5994,sports,997,996,0.9989969909729187
6735,politics,699,698,0.9985693848354793
2218,sports,1041,1025,0.9846301633045149
54,sports,632,632,1.0
9012,sports,542,540,0.996309963099631
8959,sports,632,632,1.0
2934,sports,524,522,0.9961832061068703
2884,business,966,966,1.0
7887,sports,556,554,0.9964028776978417
3476,sports,470,469,0.997872340425532
1485,sports,265,265,1.0
4032,politics,666,666,1.0
4087,sports,643,643,1.0
4017,sports,909,908,0.9988998899889989
2299,sports,599,598,0.998330550918197
7025,sports,890,889,0.998876404494382
8196,politics,605,603,0.996694214876033
1029,sports,1049,1049,1.0
9413,sports,720,720,1.0
3262,sports,680,679,0.9985294117647059
5604,sports,599,599,1.0
7000,politics,399,399,1.0
7906,business,320,320,1.0
569,sports,555,555,1.0
8287,sports,598,598,1.0
10139,sports,988,987,0.9989878542510121
9776,sports,907,904,0.9966923925027563
787,sports,475,475,1.0
6639,sports,467,466,0.9978586723768736
3566,sports,508,508,1.0
6969,sports,547,545,0.9963436928702011
1999,sports,90,90,1.0
2053,sports,221,221,1.0
10617,politics,689,689,1.0
6560,sports,1087,1087,1.0
4304,sports,408,408,1.0
2547,business,676,673,0.9955621301775148
11113,business,598,598,1.0
8209,sports,681,680,0.9985315712187959
2417,sports,472,472,1.0
3832,politics,395,395,1.0
285,sports,215,211,0.9813953488372092
5699,sports,321,318,0.9906542056074766
9915,sports,327,325,0.9938837920489296
94,sports,454,454,1.0
370,sports,1125,1122,0.9973333333333333
3787,politics,473,470,0.9936575052854123
10473,sports,697,696,0.9985652797704447
3593,sports,786,786,1.0
10932,sports,595,595,1.0
4445,business,1018,1017,0.9990176817288802
4239,sports,717,716,0.99860529986053
10901,sports,773,773,1.0
10895,sports,887,885,0.9977452085682075
4594,sports,835,834,0.9988023952095808
10581,sports,716,716,1.0
9892,business,705,705,1.0
7796,sports,824,822,0.9975728155339806
917,sports,856,856,1.0
2726,sports,704,703,0.9985795454545454
7802,sports,762,762,1.0
3389,sports,837,833,0.995221027479092
6766,sports,216,216,1.0
10986,sports,689,688,0.9985486211901307
11115,business,522,520,0.9961685823754789
2163,business,310,310,1.0
1837,sports,507,502,0.9901380670611439
1132,sports,281,281,1.0
2275,sports,231,231,1.0
1142,sports,606,605,0.9983498349834984
8215,sports,703,698,0.9928876244665719
10958,sports,537,537,1.0
4807,sports,601,601,1.0
4027,business,721,719,0.9972260748959778
3397,sports,413,413,1.0
5666,sports,309,309,1.0
10874,sports,824,822,0.9975728155339806
7075,sports,840,838,0.9976190476190476
6816,sports,821,820,0.9987819732034104
2599,business,199,199,1.0
8466,politics,714,714,1.0
7252,sports,1121,1120,0.9991079393398751
9267,sports,455,454,0.9978021978021978
4560,sports,990,986,0.9959595959595959
2236,sports,632,631,0.9984177215189873
545,sports,549,548,0.9981785063752276
1080,sports,77,77,1.0
2668,sports,648,646,0.9969135802469136
4171,politics,769,769,1.0
5066,politics,660,659,0.9984848484848485
4175,sports,461,461,1.0
1168,sports,241,240,0.995850622406639
10585,sports,402,402,1.0
4114,sports,930,930,1.0
1054,sports,184,184,1.0
8670,sports,1040,1040,1.0
1304,sports,87,87,1.0
7932,sports,743,742,0.9986541049798116
5145,sports,955,955,1.0
561,sports,514,513,0.9980544747081712
6685,sports,298,298,1.0
5673,politics,1197,1196,0.9991645781119465
859,sports,494,494,1.0
3690,sports,814,813,0.9987714987714987
6817,sports,517,517,1.0
5639,sports,810,807,0.9962962962962963
7027,sports,921,918,0.996742671009772
8437,sports,569,564,0.9912126537785588
9394,sports,441,438,0.9931972789115646
3936,sports,900,894,0.9933333333333333
8913,sports,555,555,1.0
3381,business,701,701,1.0
6423,sports,1227,1226,0.9991850040749797
5912,sports,809,808,0.9987639060568603
5304,sports,940,939,0.9989361702127659
211,sports,203,203,1.0
9232,sports,854,854,1.0
7565,sports,135,135,1.0
8883,sports,503,501,0.9960238568588469
810,sports,145,145,1.0
12,sports,425,424,0.9976470588235294
11074,business,626,625,0.9984025559105432
6294,business,564,561,0.9946808510638298
8159,sports,717,712,0.99302649930265
3933,politics,1014,1012,0.9980276134122288
8542,sports,728,728,1.0
1008,sports,359,357,0.9944289693593314
2791,business,283,283,1.0
5018,politics,342,342,1.0
3272,sports,933,933,1.0
4812,sports,726,724,0.9972451790633609
1284,sports,68,68,1.0
1010,sports,598,597,0.9983277591973244
995,sports,546,546,1.0
8257,sports,121,121,1.0
10227,sports,819,819,1.0
3303,sports,844,844,1.0
11150,sports,657,657,1.0
1189,sports,402,402,1.0
7587,sports,664,663,0.9984939759036144
9511,sports,778,777,0.9987146529562982
6129,sports,948,948,1.0
8129,politics,680,677,0.9955882352941177
10711,sports,827,824,0.9963724304715841
7248,sports,706,704,0.9971671388101983
4891,sports,780,777,0.9961538461538462
7268,sports,730,729,0.9986301369863013
2723,sports,573,566,0.987783595113438
6607,sports,681,678,0.9955947136563876
7727,sports,428,428,1.0
5956,politics,837,836,0.998805256869773
1464,sports,99,99,1.0
279,sports,104,103,0.9903846153846154
9103,politics,769,769,1.0
8390,sports,852,850,0.9976525821596244
11297,sports,358,357,0.9972067039106145
11496,sports,757,756,0.9986789960369881
8891,business,784,784,1.0
11086,business,534,533,0.99812734082397
9803,sports,332,332,1.0
7699,sports,726,726,1.0
3669,politics,637,637,1.0
8650,sports,527,526,0.9981024667931688
857,sports,129,129,1.0
8991,sports,741,740,0.9986504723346828
10992,sports,636,634,0.9968553459119497
9550,sports,1004,1004,1.0
6258,politics,766,763,0.9960835509138382
9810,sports,612,605,0.988562091503268
2940,sports,899,898,0.9988876529477196
1554,business,603,603,1.0
7387,sports,1006,1006,1.0
6255,sports,190,189,0.9947368421052631
7256,sports,333,333,1.0
4755,sports,770,770,1.0
2150,sports,840,839,0.9988095238095238
5293,business,386,386,1.0
9882,sports,887,887,1.0
10620,sports,971,970,0.9989701338825953
9927,sports,814,810,0.995085995085995
1719,sports,597,594,0.9949748743718593
8315,sports,772,767,0.9935233160621761
7880,sports,922,917,0.9945770065075922
1087,sports,259,257,0.9922779922779923
6404,sports,958,957,0.9989561586638831
5791,sports,937,936,0.9989327641408752
9317,sports,145,140,0.9655172413793104
3755,sports,1105,1105,1.0
4432,sports,574,574,1.0
6269,sports,802,802,1.0
3730,politics,363,363,1.0
6140,sports,768,768,1.0
9162,sports,339,339,1.0
9615,sports,801,801,1.0
2148,sports,512,512,1.0
518,sports,819,816,0.9963369963369964
1263,sports,854,853,0.9988290398126464
2312,sports,517,517,1.0
1316,sports,257,257,1.0
10924,sports,837,834,0.996415770609319
5525,sports,693,693,1.0
4439,politics,799,799,1.0
6293,business,646,646,1.0
2305,sports,427,424,0.9929742388758782
9568,politics,863,860,0.996523754345307
11281,sports,440,438,0.9954545454545455
9432,politics,545,545,1.0
2740,politics,927,927,1.0
8285,politics,644,642,0.9968944099378882
6075,sports,595,594,0.9983193277310924
6573,sports,658,653,0.9924012158054711
4580,sports,970,969,0.9989690721649485
5380,sports,694,689,0.9927953890489913
3036,sports,687,687,1.0
3321,sports,673,670,0.9955423476968797
89,sports,540,537,0.9944444444444445
8398,sports,1013,1013,1.0
103,sports,660,652,0.9878787878787879
2678,sports,80,78,0.975
3297,sports,766,762,0.9947780678851175
991,sports,136,136,1.0
431,sports,469,469,1.0
3265,sports,708,706,0.9971751412429378
1619,sports,240,240,1.0
593,sports,127,127,1.0
5361,politics,839,839,1.0
9480,sports,680,678,0.9970588235294118
7496,politics,752,742,0.9867021276595744
3965,sports,849,848,0.9988221436984688
6783,business,353,352,0.9971671388101983
397,sports,119,118,0.9915966386554622
6994,sports,579,579,1.0
5076,business,895,895,1.0
3159,politics,594,594,1.0
10954,sports,823,823,1.0
1494,sports,64,63,0.984375
162,sports,351,350,0.9971509971509972
2442,sports,339,339,1.0
7091,business,164,164,1.0
6861,sports,292,291,0.9965753424657534
5901,sports,727,725,0.9972489683631361
656,sports,274,274,1.0
8699,sports,656,655,0.9984756097560976
6855,sports,696,695,0.9985632183908046
5091,sports,361,359,0.9944598337950139
5846,sports,700,698,0.9971428571428571
10676,sports,561,561,1.0
8190,sports,1002,1002,1.0
441,sports,778,765,0.9832904884318766
10973,sports,763,763,1.0
10390,sports,815,814,0.9987730061349693
8611,sports,749,749,1.0
7359,business,1019,1007,0.9882237487733072
1116,business,827,827,1.0
3492,sports,1063,1062,0.9990592662276576
216,business,836,834,0.9976076555023924
2461,sports,396,395,0.9974747474747475
11403,business,159,159,1.0
1315,sports,610,610,1.0
5,sports,717,712,0.99302649930265
4943,sports,875,875,1.0
1519,sports,215,214,0.9953488372093023
8746,sports,985,985,1.0
9271,sports,835,833,0.9976047904191617
6593,sports,317,316,0.9968454258675079
5347,sports,468,468,1.0
5043,sports,824,824,1.0
2174,sports,498,497,0.9979919678714859
7303,business,854,846,0.990632318501171
1507,sports,794,792,0.9974811083123426
3339,business,535,535,1.0
4623,sports,921,921,1.0
2770,sports,579,578,0.998272884283247
6585,business,158,157,0.9936708860759493
6401,politics,1041,1035,0.9942363112391931
8998,politics,441,441,1.0
2923,sports,506,502,0.9920948616600791
1041,sports,818,818,1.0
6084,politics,791,791,1.0
494,sports,681,681,1.0
1378,sports,690,689,0.9985507246376811
3187,sports,416,416,1.0
2972,sports,367,362,0.9863760217983651
9621,sports,693,693,1.0
8141,politics,728,727,0.9986263736263736
3636,business,819,817,0.9975579975579976
9562,sports,709,708,0.998589562764457
6068,sports,869,868,0.998849252013809
4464,sports,815,813,0.9975460122699387
7983,sports,584,583,0.9982876712328768
2094,sports,1011,1010,0.9990108803165183
3153,sports,659,657,0.9969650986342944
8526,sports,807,807,1.0
4760,sports,779,778,0.9987163029525032
2618,business,552,552,1.0
11242,sports,775,772,0.9961290322580645
2924,sports,715,710,0.993006993006993
9477,sports,926,926,1.0
4310,sports,213,213,1.0
44,sports,228,228,1.0
3647,sports,755,752,0.9960264900662251
7789,sports,862,862,1.0
9384,sports,932,932,1.0
10672,sports,716,716,1.0
10415,sports,873,873,1.0
516,sports,665,662,0.9954887218045113
6708,sports,682,679,0.9956011730205279
3752,sports,585,582,0.9948717948717949
8368,sports,745,745,1.0
3617,politics,527,527,1.0
2420,sports,801,796,0.9937578027465668
1775,sports,317,317,1.0
10417,sports,1096,1093,0.9972627737226277
9119,sports,217,215,0.9907834101382489
9759,sports,939,936,0.9968051118210862
1282,sports,416,415,0.9975961538461539
5755,sports,487,487,1.0
3695,sports,813,812,0.998769987699877
6224,sports,826,826,1.0
3666,politics,467,467,1.0
1636,sports,235,235,1.0
1585,sports,426,426,1.0
8660,politics,1217,1217,1.0
790,sports,765,764,0.9986928104575163
1615,business,667,667,1.0
3305,business,770,770,1.0
10764,sports,298,298,1.0
823,sports,971,968,0.9969104016477858
7210,politics,571,571,1.0
2869,politics,165,165,1.0
9186,sports,686,686,1.0
6702,sports,899,899,1.0
5429,sports,650,649,0.9984615384615385
11396,sports,1273,1273,1.0
2523,sports,993,992,0.998992950654582
2511,sports,576,574,0.9965277777777778
546,business,1084,1080,0.996309963099631
1806,sports,433,433,1.0
316,sports,403,403,1.0
11454,sports,118,118,1.0
1488,sports,256,256,1.0
5568,sports,603,603,1.0
79,business,928,927,0.9989224137931034
6460,sports,184,184,1.0
8862,sports,761,759,0.9973718791064389
3437,sports,508,506,0.9960629921259843
8690,sports,793,792,0.9987389659520807
7193,sports,756,755,0.9986772486772487
11028,sports,713,713,1.0
82,sports,247,242,0.979757085020243
4084,sports,1000,999,0.999
977,sports,527,525,0.9962049335863378
9999,sports,827,823,0.9951632406287787
10134,sports,543,539,0.992633517495396
4962,sports,377,374,0.9920424403183024
2530,sports,556,555,0.9982014388489209
5537,politics,781,781,1.0
772,sports,194,191,0.9845360824742269
465,sports,1097,1095,0.9981768459434822
2472,sports,107,107,1.0
11304,business,954,951,0.9968553459119497
10641,sports,259,258,0.9961389961389961
8217,sports,60,60,1.0
7774,sports,464,461,0.9935344827586207
3546,business,461,461,1.0
10150,sports,756,753,0.996031746031746
1970,business,685,685,1.0
10075,sports,759,758,0.9986824769433466
6863,politics,842,842,1.0
8379,business,407,407,1.0
1936,sports,979,978,0.9989785495403473
2487,sports,714,713,0.9985994397759104
8901,sports,444,444,1.0
7153,sports,420,419,0.9976190476190476
3346,sports,696,696,1.0
6421,sports,314,314,1.0
3660,sports,640,638,0.996875
5715,sports,404,399,0.9876237623762376
2349,sports,134,134,1.0
9764,sports,843,840,0.99644128113879
5070,sports,848,847,0.9988207547169812
6815,sports,126,126,1.0
1935,business,773,771,0.9974126778783958
313,sports,366,366,1.0
8972,politics,3550,3519,0.9912676056338028
1884,sports,1134,1131,0.9973544973544973
11236,sports,497,496,0.9979879275653923
7978,sports,912,907,0.9945175438596491
1887,sports,337,336,0.9970326409495549
10292,sports,688,688,1.0
453,business,491,490,0.9979633401221996
2788,politics,763,763,1.0
5728,politics,645,644,0.9984496124031008
3653,sports,231,231,1.0
10662,sports,748,745,0.9959893048128342
7982,sports,658,642,0.9756838905775076
1647,business,879,879,1.0
6087,sports,194,194,1.0
5062,sports,655,655,1.0
7636,sports,526,524,0.9961977186311787
6754,sports,763,763,1.0
5905,business,906,899,0.9922737306843267
3836,sports,40,40,1.0
797,business,776,774,0.9974226804123711
2121,sports,321,321,1.0
1067,sports,292,291,0.9965753424657534
7168,sports,390,388,0.9948717948717949
5336,sports,890,888,0.9977528089887641
5814,sports,473,470,0.9936575052854123
4551,sports,810,797,0.9839506172839506
9200,sports,406,405,0.9975369458128078
4576,sports,673,673,1.0
3948,sports,825,825,1.0
9488,sports,751,745,0.9920106524633822
7941,sports,505,505,1.0
10678,sports,753,750,0.9960159362549801
837,sports,1140,1140,1.0
693,business,905,904,0.9988950276243094
865,sports,285,284,0.9964912280701754
2273,sports,287,282,0.9825783972125436
9251,sports,133,132,0.9924812030075187
9916,sports,838,836,0.9976133651551312
9508,sports,906,893,0.9856512141280354
6370,sports,794,794,1.0
5389,sports,786,777,0.9885496183206107
7028,sports,746,745,0.9986595174262735
4390,sports,407,406,0.9975429975429976
1176,sports,118,117,0.9915254237288136
7483,sports,747,747,1.0
9391,sports,728,728,1.0
10692,business,983,983,1.0
3491,sports,730,728,0.9972602739726028
1250,sports,295,292,0.9898305084745763
7052,sports,867,867,1.0
10597,sports,562,562,1.0
5294,sports,130,130,1.0
707,sports,1015,1012,0.9970443349753695
7804,sports,376,376,1.0
2733,business,392,392,1.0
5102,sports,811,810,0.998766954377312
5962,sports,138,138,1.0
6461,sports,791,791,1.0
3780,sports,366,366,1.0
8581,business,958,958,1.0
5051,politics,1106,1106,1.0
1668,sports,105,105,1.0
9796,sports,260,260,1.0
7258,sports,586,582,0.9931740614334471
3600,business,503,502,0.9980119284294234
7008,sports,532,531,0.9981203007518797
1210,sports,703,703,1.0
6025,politics,873,871,0.997709049255441
1966,business,492,492,1.0
6778,sports,713,704,0.9873772791023843
10268,sports,583,582,0.9982847341337907
1283,sports,480,480,1.0
4795,sports,816,815,0.9987745098039216
10759,business,628,627,0.9984076433121019
756,business,722,719,0.9958448753462604
7866,politics,701,701,1.0
5996,politics,661,661,1.0
9753,business,661,659,0.9969742813918305
7138,sports,843,841,0.9976275207591934
1338,sports,631,631,1.0
1737,sports,323,322,0.9969040247678018
289,sports,313,311,0.9936102236421726
8719,sports,942,940,0.9978768577494692
2367,sports,709,709,1.0
7318,sports,859,852,0.9918509895227008
8139,sports,593,592,0.9983136593591906
5533,business,357,357,1.0
7372,sports,538,537,0.9981412639405205
11180,sports,315,308,0.9777777777777777
2693,sports,662,662,1.0
3421,sports,675,672,0.9955555555555555
667,sports,165,165,1.0
3741,politics,673,673,1.0
84,sports,717,710,0.9902370990237099
655,sports,905,905,1.0
9242,sports,1073,1072,0.9990680335507922
8441,business,294,294,1.0
6750,sports,636,636,1.0
1677,business,460,458,0.9956521739130435
7173,business,662,662,1.0
1930,politics,629,625,0.9936406995230525
11298,sports,111,110,0.990990990990991
5590,sports,328,327,0.9969512195121951
9414,sports,787,787,1.0
5871,business,387,387,1.0
1539,sports,117,115,0.9829059829059829
1710,sports,291,291,1.0
5914,sports,499,498,0.9979959919839679
6605,sports,739,739,1.0
10350,sports,712,710,0.9971910112359551
3367,sports,1197,1194,0.9974937343358395
10500,sports,1020,1019,0.9990196078431373
9714,sports,659,658,0.9984825493171472
798,sports,990,990,1.0
2008,business,725,725,1.0
115,sports,929,929,1.0
5504,business,796,795,0.9987437185929648
5663,sports,928,927,0.9989224137931034
3104,sports,777,774,0.9961389961389961
458,business,807,798,0.9888475836431226
1724,sports,209,207,0.9904306220095693
3398,sports,752,752,1.0
7960,sports,461,460,0.9978308026030369
6317,politics,715,711,0.9944055944055944
1844,sports,856,856,1.0
8238,sports,617,617,1.0
6975,sports,157,157,1.0
2385,sports,120,120,1.0
10272,politics,917,917,1.0
7702,sports,528,528,1.0
7374,sports,685,685,1.0
1400,sports,567,567,1.0
672,sports,648,647,0.9984567901234568
9845,politics,798,797,0.9987468671679198
955,sports,765,765,1.0
7406,sports,796,792,0.9949748743718593
2630,sports,902,895,0.9922394678492239
10905,sports,911,911,1.0
3775,sports,823,823,1.0
5081,politics,824,824,1.0
10673,sports,867,860,0.9919261822376009
7519,sports,632,631,0.9984177215189873
11277,sports,122,122,1.0
7058,sports,722,721,0.9986149584487535
6100,sports,235,235,1.0
3097,politics,812,809,0.9963054187192119
2030,sports,590,590,1.0
1497,sports,146,144,0.9863013698630136
2453,business,475,474,0.9978947368421053
846,sports,766,763,0.9960835509138382
230,business,772,770,0.9974093264248705
9121,sports,544,543,0.9981617647058824
10822,sports,814,812,0.9975429975429976
1056,sports,467,467,1.0
5506,sports,813,811,0.997539975399754
7811,sports,1197,1197,1.0
6135,sports,449,447,0.9955456570155902
7026,sports,494,492,0.9959514170040485
8908,politics,596,595,0.9983221476510067
7583,sports,637,633,0.9937205651491365
2434,sports,505,505,1.0
5857,politics,596,596,1.0
2116,sports,1079,1068,0.989805375347544
1467,sports,99,97,0.9797979797979798
10017,business,264,264,1.0
4194,sports,635,635,1.0
3372,sports,831,831,1.0
2783,sports,780,775,0.9935897435897436
8494,sports,612,611,0.9983660130718954
6543,business,778,778,1.0
7128,business,1079,1069,0.9907321594068582
1713,sports,680,678,0.9970588235294118
4149,politics,729,728,0.9986282578875172
3224,sports,823,822,0.9987849331713244
4232,business,97,96,0.9896907216494846
8286,sports,850,850,1.0
3094,sports,122,122,1.0
6792,sports,574,574,1.0
5178,sports,599,599,1.0
4090,sports,652,651,0.9984662576687117
9914,politics,829,827,0.9975874547647768
7612,business,285,285,1.0
3207,sports,678,678,1.0
2999,business,714,714,1.0
4825,sports,799,797,0.9974968710888611
8547,sports,865,865,1.0
550,business,362,362,1.0
9952,sports,508,505,0.9940944881889764
68,sports,306,303,0.9901960784313726
6928,sports,167,167,1.0
3868,business,744,743,0.9986559139784946
9789,politics,1023,1019,0.9960899315738025
2134,sports,358,357,0.9972067039106145
379,sports,532,532,1.0
6915,sports,702,701,0.9985754985754985
1738,sports,506,506,1.0
5215,business,1140,1139,0.9991228070175439
6528,sports,768,768,1.0
5117,business,744,741,0.9959677419354839
10237,sports,601,600,0.9983361064891847
8873,sports,913,913,1.0
9624,sports,790,789,0.9987341772151899
1602,sports,864,863,0.9988425925925926
8234,sports,749,749,1.0
5127,sports,644,643,0.9984472049689441
10837,sports,914,913,0.9989059080962801
8107,sports,1120,1119,0.9991071428571429
10843,sports,621,620,0.998389694041868
9862,sports,401,401,1.0
9581,sports,846,846,1.0
7136,sports,320,320,1.0
10495,politics,476,476,1.0
8616,sports,712,712,1.0
5796,sports,449,448,0.9977728285077951
2324,sports,661,661,1.0
8639,sports,607,605,0.9967051070840197
9168,sports,792,786,0.9924242424242424
3069,sports,481,481,1.0
1651,sports,503,503,1.0
8102,sports,968,965,0.996900826446281
11044,sports,644,634,0.984472049689441
3410,sports,968,965,0.996900826446281
9847,sports,501,500,0.998003992015968
5902,sports,534,534,1.0
4509,sports,590,587,0.9949152542372881
10347,sports,396,396,1.0
10006,sports,1004,1003,0.999003984063745
254,business,773,771,0.9974126778783958
8244,sports,649,649,1.0
1609,business,802,800,0.9975062344139651
11100,sports,1030,1029,0.9990291262135922
2452,sports,192,192,1.0
689,sports,320,320,1.0
9743,politics,719,719,1.0
1510,sports,238,237,0.9957983193277311
4840,sports,671,669,0.9970193740685543
7853,sports,505,502,0.994059405940594
4393,sports,400,395,0.9875
10199,business,918,915,0.9967320261437909
303,sports,968,967,0.9989669421487604
1959,sports,1202,1200,0.9983361064891847
9528,sports,880,880,1.0
10831,sports,322,322,1.0
8091,sports,661,661,1.0
4587,sports,713,713,1.0
11176,sports,757,756,0.9986789960369881
6206,politics,739,739,1.0
7942,politics,1024,1024,1.0
8524,sports,930,925,0.9946236559139785
8421,sports,121,121,1.0
6188,politics,371,371,1.0
965,sports,580,579,0.9982758620689656
6328,sports,435,432,0.993103448275862
7315,business,627,626,0.9984051036682615
121,business,552,552,1.0
5652,politics,976,976,1.0
1436,sports,964,962,0.9979253112033195
1303,business,611,611,1.0
8048,business,853,848,0.9941383352872216
6235,sports,504,504,1.0
11443,sports,736,735,0.998641304347826
751,sports,788,788,1.0
771,business,1176,1174,0.9982993197278912
1465,business,726,725,0.9986225895316805
3525,politics,1124,1124,1.0
760,sports,828,828,1.0
2197,sports,617,616,0.9983792544570502
4256,sports,340,339,0.9970588235294118
6095,politics,861,861,1.0
679,sports,1240,1240,1.0
2410,sports,307,307,1.0
3489,sports,910,908,0.9978021978021978
2893,sports,466,463,0.9935622317596566
2072,sports,429,429,1.0
6935,sports,617,615,0.9967585089141004
1880,sports,313,313,1.0
5979,sports,554,554,1.0
6227,politics,847,847,1.0
3939,politics,1003,1003,1.0
2087,business,665,665,1.0
2075,business,818,800,0.9779951100244498
6451,sports,405,402,0.9925925925925926
2162,sports,644,644,1.0
3189,politics,896,894,0.9977678571428571
981,sports,311,310,0.9967845659163987
2234,sports,438,438,1.0
8353,sports,835,835,1.0
3542,sports,441,439,0.9954648526077098
4621,sports,477,477,1.0
1200,sports,865,864,0.9988439306358381
10369,business,491,491,1.0
10494,politics,777,777,1.0
9650,sports,547,547,1.0
9385,sports,810,808,0.9975308641975309
8250,politics,732,731,0.9986338797814208
9371,sports,768,767,0.9986979166666666
7509,sports,567,567,1.0
9273,business,641,640,0.9984399375975039
5266,business,440,440,1.0
1078,business,454,454,1.0
3417,sports,270,270,1.0
3,sports,598,598,1.0
9630,sports,430,430,1.0
1513,sports,136,135,0.9926470588235294
6115,sports,470,468,0.9957446808510638
1650,sports,882,877,0.9943310657596371
4933,sports,800,800,1.0
4514,business,268,268,1.0
3127,sports,394,394,1.0
6377,sports,524,524,1.0
4681,sports,1009,1008,0.9990089197224975
8462,sports,730,729,0.9986301369863013
1478,business,953,953,1.0
9292,sports,468,468,1.0
9335,sports,760,758,0.9973684210526316
11244,business,621,615,0.9903381642512077
3001,sports,772,772,1.0
6553,sports,685,682,0.9956204379562044
10624,sports,262,261,0.9961832061068703
7850,sports,940,940,1.0
3990,sports,532,532,1.0
8565,business,669,667,0.9970104633781763
6762,business,487,487,1.0
11309,sports,659,657,0.9969650986342944
6459,sports,127,127,1.0
1118,sports,552,551,0.9981884057971014
6951,sports,304,304,1.0
715,sports,127,127,1.0
4799,sports,926,921,0.9946004319654428
10638,politics,944,940,0.9957627118644068
838,sports,869,869,1.0
6463,sports,693,693,1.0
9022,sports,378,375,0.9920634920634921
4150,sports,797,796,0.998745294855709
6604,sports,550,546,0.9927272727272727
2527,business,651,650,0.9984639016897081
9154,politics,719,719,1.0
9788,business,149,148,0.9932885906040269
1633,sports,830,830,1.0
8223,sports,650,650,1.0
8326,sports,789,787,0.9974651457541192
10900,sports,90,90,1.0
4123,sports,952,951,0.9989495798319328
9389,sports,830,828,0.9975903614457832
8868,business,813,813,1.0
9211,sports,871,869,0.9977037887485649
10307,business,886,882,0.9954853273137697
7573,sports,309,308,0.9967637540453075
5333,sports,564,564,1.0
3021,sports,782,782,1.0
6426,sports,457,452,0.9890590809628009
107,sports,779,776,0.9961489088575096
9226,sports,585,582,0.9948717948717949
9825,sports,872,870,0.9977064220183486
3155,sports,336,336,1.0
5426,sports,808,808,1.0
8108,sports,788,788,1.0
3683,sports,611,611,1.0
9832,sports,442,441,0.997737556561086
33,sports,262,262,1.0
460,business,959,957,0.9979144942648592
9861,sports,726,726,1.0
4966,politics,841,841,1.0
5548,politics,670,667,0.9955223880597015
10365,sports,889,885,0.9955005624296963
3531,sports,680,678,0.9970588235294118
1796,sports,650,649,0.9984615384615385
7570,sports,776,774,0.9974226804123711
6481,sports,398,396,0.9949748743718593
725,sports,426,426,1.0
8632,sports,355,354,0.9971830985915493
8792,sports,908,907,0.998898678414097
4751,business,483,482,0.9979296066252588
1188,sports,369,368,0.997289972899729
5863,business,614,612,0.996742671009772
4923,sports,450,448,0.9955555555555555
2701,sports,673,673,1.0
2756,sports,552,552,1.0
3984,politics,714,713,0.9985994397759104
1614,sports,449,449,1.0
3460,sports,925,925,1.0
271,business,418,417,0.9976076555023924
4125,sports,932,930,0.9978540772532188
1394,sports,735,735,1.0
3463,sports,122,122,1.0
987,sports,830,830,1.0
6749,sports,739,739,1.0
57,sports,254,254,1.0
4142,politics,1494,1494,1.0
2575,business,372,372,1.0
7144,sports,645,644,0.9984496124031008
6110,sports,844,844,1.0
8418,sports,344,341,0.9912790697674418
1419,politics,879,877,0.9977246871444824
3847,sports,803,803,1.0
2383,sports,349,349,1.0
7653,sports,602,601,0.9983388704318937
7056,sports,687,686,0.9985443959243085
10733,sports,630,625,0.9920634920634921
1253,business,467,464,0.9935760171306209
3611,sports,679,678,0.9985272459499264
785,sports,647,644,0.9953632148377125
8121,sports,550,550,1.0
1429,sports,793,791,0.9974779319041615
4631,sports,928,928,1.0
6120,sports,917,917,1.0
6880,sports,362,360,0.994475138121547
3301,sports,445,444,0.9977528089887641
8364,sports,124,124,1.0
10854,sports,86,86,1.0
5518,sports,166,166,1.0
10253,sports,818,817,0.9987775061124694
2881,sports,825,820,0.9939393939393939
8602,sports,851,851,1.0
1449,sports,339,339,1.0
7065,sports,693,689,0.9942279942279942
46,sports,793,792,0.9987389659520807
10328,sports,203,203,1.0
813,business,684,681,0.9956140350877193
8384,sports,445,443,0.9955056179775281
2852,sports,778,777,0.9987146529562982
2734,sports,551,547,0.9927404718693285
1934,sports,568,567,0.9982394366197183
1944,sports,124,124,1.0
9386,sports,644,641,0.9953416149068323
5193,sports,333,333,1.0
10217,sports,901,890,0.9877913429522752
4627,politics,640,639,0.9984375
9791,sports,697,697,1.0
5221,sports,458,457,0.9978165938864629
1827,sports,797,792,0.9937264742785445
1191,sports,332,332,1.0
2165,business,518,518,1.0
2902,business,699,699,1.0
5496,sports,560,560,1.0
5661,sports,221,221,1.0
10414,sports,736,733,0.9959239130434783
9834,sports,272,271,0.9963235294117647
6926,sports,422,422,1.0
3380,sports,840,839,0.9988095238095238
7897,politics,777,777,1.0
9491,sports,647,646,0.9984544049459042
9216,politics,749,748,0.9986648865153538
4597,sports,589,589,1.0
5318,politics,819,819,1.0
10574,sports,751,751,1.0
7787,sports,1340,1340,1.0
525,sports,386,386,1.0
3777,sports,753,753,1.0
11275,sports,337,337,1.0
1684,sports,550,550,1.0
6658,sports,1035,1034,0.9990338164251208
11361,sports,604,602,0.9966887417218543
4360,politics,605,605,1.0
2010,politics,581,581,1.0
9306,sports,906,905,0.9988962472406181
900,sports,790,789,0.9987341772151899
992,sports,451,448,0.9933481152993349
8100,politics,845,841,0.9952662721893492
6414,sports,157,157,1.0
9516,business,665,662,0.9954887218045113
3817,sports,788,788,1.0
426,sports,840,833,0.9916666666666667
8623,sports,107,107,1.0
8846,sports,557,556,0.9982046678635548
6043,sports,703,702,0.9985775248933144
11408,sports,515,514,0.9980582524271845
4863,politics,634,634,1.0
3740,sports,567,567,1.0
6266,business,273,270,0.989010989010989
7340,sports,886,884,0.9977426636568849
7125,sports,539,537,0.9962894248608535
997,sports,276,275,0.9963768115942029
4131,business,674,673,0.9985163204747775
5421,sports,778,774,0.9948586118251928
7933,business,598,597,0.9983277591973244
1828,sports,297,296,0.9966329966329966
5158,sports,833,833,1.0
10429,politics,682,680,0.9970674486803519
5054,business,420,420,1.0
4224,sports,215,213,0.9906976744186047
1584,business,891,891,1.0
3140,sports,437,437,1.0
5530,business,625,624,0.9984
6231,sports,503,499,0.9920477137176938
4732,sports,674,673,0.9985163204747775
4238,sports,172,172,1.0
8783,business,467,462,0.9892933618843683
4328,sports,366,366,1.0
6874,politics,1082,1081,0.9990757855822551
678,sports,443,443,1.0
6198,politics,886,881,0.9943566591422122
2712,sports,645,644,0.9984496124031008
2021,sports,135,135,1.0
9930,politics,695,694,0.9985611510791367
4501,politics,728,728,1.0
1077,sports,384,384,1.0
2786,sports,1042,1039,0.9971209213051824
8058,sports,250,250,1.0
1366,sports,827,825,0.9975816203143894
9321,sports,753,753,1.0
1867,sports,722,722,1.0
10218,sports,909,909,1.0
3944,sports,673,673,1.0
7124,sports,158,158,1.0
4147,sports,112,112,1.0
5632,sports,791,787,0.9949431099873578
6476,sports,859,859,1.0
3735,sports,855,850,0.9941520467836257
2602,sports,176,174,0.9886363636363636
9781,sports,817,815,0.9975520195838433
7215,politics,474,474,1.0
4280,sports,934,932,0.9978586723768736
6249,politics,711,711,1.0
3156,sports,420,419,0.9976190476190476
3781,sports,405,402,0.9925925925925926
4622,politics,742,736,0.9919137466307277
2455,sports,272,272,1.0
5387,sports,726,725,0.9986225895316805
176,sports,430,430,1.0
5742,sports,735,735,1.0
5852,politics,656,636,0.9695121951219512
4637,sports,958,957,0.9989561586638831
9838,business,538,537,0.9981412639405205
9137,sports,659,657,0.9969650986342944
1590,business,620,620,1.0
265,business,718,717,0.9986072423398329
5388,sports,623,623,1.0
146,sports,441,436,0.9886621315192744
5786,sports,811,811,1.0
9424,sports,790,790,1.0
3352,politics,753,746,0.9907038512616202
1144,sports,950,949,0.9989473684210526
7642,sports,501,501,1.0
5893,business,887,886,0.9988726042841037
10303,politics,766,765,0.9986945169712794
1344,sports,689,688,0.9985486211901307
9919,business,667,664,0.9955022488755623
7336,politics,695,693,0.9971223021582734
10846,sports,32,32,1.0
5856,sports,701,700,0.9985734664764622
8820,sports,691,690,0.9985528219971056
6133,sports,511,509,0.9960861056751468
5656,sports,478,475,0.9937238493723849
5498,sports,552,549,0.9945652173913043
700,sports,609,607,0.9967159277504105
688,sports,446,446,1.0
706,sports,52,52,1.0
2792,sports,1099,1097,0.9981801637852593
4655,sports,527,526,0.9981024667931688
1383,sports,707,707,1.0
1729,sports,645,641,0.993798449612403
7270,business,771,768,0.9961089494163424
4048,sports,772,771,0.9987046632124352
916,sports,572,572,1.0
5998,sports,726,726,1.0
8621,sports,971,969,0.9979402677651905
2063,business,600,594,0.99
11324,sports,897,894,0.9966555183946488
8652,sports,866,865,0.9988452655889145
473,sports,549,548,0.9981785063752276
3073,politics,1018,1017,0.9990176817288802
3786,sports,562,562,1.0
6179,sports,823,815,0.9902794653705954
3970,sports,493,493,1.0
4329,sports,575,575,1.0
7401,sports,998,975,0.9769539078156313
8527,sports,489,487,0.9959100204498977
64,sports,171,171,1.0
7778,politics,643,643,1.0
95,sports,327,326,0.9969418960244648
6046,sports,1178,1176,0.99830220713073
5273,sports,729,728,0.9986282578875172
9382,sports,954,948,0.9937106918238994
255,business,692,685,0.9898843930635838
6672,politics,854,853,0.9988290398126464
9426,sports,961,961,1.0
11245,sports,848,848,1.0
5369,sports,396,396,1.0
8435,politics,517,517,1.0
1240,business,906,898,0.9911699779249448
8715,sports,653,652,0.998468606431853
8911,business,664,663,0.9984939759036144
1219,business,764,759,0.993455497382199
6243,sports,148,148,1.0
4934,sports,594,588,0.98989898989899
596,sports,409,409,1.0
6542,sports,832,830,0.9975961538461539
2012,business,652,652,1.0
7658,politics,750,750,1.0
7114,sports,910,908,0.9978021978021978
4649,sports,698,696,0.997134670487106
6727,politics,667,667,1.0
10060,sports,866,864,0.9976905311778291
6732,business,553,553,1.0
5173,sports,530,530,1.0
8409,sports,733,730,0.9959072305593452
4784,politics,778,777,0.9987146529562982
7472,sports,719,716,0.9958275382475661
2226,sports,614,613,0.998371335504886
9979,sports,507,507,1.0
1138,sports,128,128,1.0
1317,sports,593,589,0.9932546374367622
6982,sports,231,231,1.0
2158,sports,108,108,1.0
5977,sports,655,655,1.0
7602,politics,736,736,1.0
3878,politics,823,823,1.0
6808,sports,584,583,0.9982876712328768
3307,sports,263,262,0.9961977186311787
4964,politics,835,833,0.9976047904191617
9897,sports,824,823,0.9987864077669902
6788,sports,301,299,0.9933554817275747
9059,business,497,494,0.993963782696177
4678,sports,756,756,1.0
11291,business,501,500,0.998003992015968
10512,sports,781,781,1.0
7924,sports,88,88,1.0
781,sports,779,778,0.9987163029525032
4486,sports,960,960,1.0
9514,sports,374,374,1.0
4220,sports,825,823,0.9975757575757576
3738,sports,786,782,0.9949109414758269
2586,business,770,768,0.9974025974025974
7408,sports,530,529,0.9981132075471698
2928,business,931,929,0.9978517722878625
1140,sports,610,610,1.0
1446,sports,432,430,0.9953703703703703
7239,business,927,922,0.9946062567421791
5267,sports,853,852,0.9988276670574443
1588,sports,113,113,1.0
5717,sports,128,128,1.0
4950,sports,584,584,1.0
848,sports,710,707,0.995774647887324
10066,sports,619,619,1.0
4956,sports,486,486,1.0
2311,sports,588,588,1.0
6921,politics,528,528,1.0
2912,sports,884,884,1.0
10539,sports,847,842,0.9940968122786304
10450,sports,707,706,0.9985855728429985
4013,politics,578,578,1.0
1624,business,965,955,0.9896373056994818
4924,sports,995,995,1.0
1044,sports,295,294,0.9966101694915255
10379,politics,296,296,1.0
11212,sports,917,917,1.0
2838,sports,568,567,0.9982394366197183
10505,sports,344,344,1.0
3295,sports,578,575,0.9948096885813149
9658,politics,946,941,0.9947145877378436
1914,politics,719,719,1.0
9689,sports,713,712,0.9985974754558204
782,sports,348,347,0.9971264367816092
5760,politics,500,496,0.992
2263,sports,103,103,1.0
8163,sports,474,473,0.9978902953586498
1565,business,689,686,0.9956458635703919
6411,sports,630,628,0.9968253968253968
6345,sports,894,894,1.0
11289,sports,727,725,0.9972489683631361
619,politics,557,557,1.0
1416,sports,666,657,0.9864864864864865
336,sports,514,514,1.0
9302,sports,824,823,0.9987864077669902
11014,sports,75,74,0.9866666666666667
2429,sports,404,404,1.0
10747,sports,645,644,0.9984496124031008
2316,sports,177,176,0.9943502824858758
5739,sports,129,129,1.0
5808,business,799,799,1.0
5324,politics,966,964,0.9979296066252588
9077,sports,270,267,0.9888888888888889
2220,sports,599,598,0.998330550918197
9255,sports,564,564,1.0
11285,sports,286,284,0.993006993006993
9132,sports,701,700,0.9985734664764622
9430,politics,692,692,1.0
6363,politics,582,578,0.993127147766323
4130,sports,950,949,0.9989473684210526
8598,sports,554,549,0.9909747292418772
1852,sports,816,815,0.9987745098039216
314,sports,207,207,1.0
7619,sports,546,545,0.9981684981684982
6038,sports,365,361,0.989041095890411
2137,business,915,913,0.9978142076502732
791,sports,530,530,1.0
3923,sports,735,734,0.998639455782313
2878,sports,1002,1001,0.999001996007984
1618,sports,751,751,1.0
10945,sports,943,943,1.0
5288,sports,521,520,0.9980806142034548
5707,sports,344,342,0.9941860465116279
8920,sports,658,654,0.993920972644377
1262,sports,486,486,1.0
6028,sports,776,772,0.9948453608247423
7966,sports,755,750,0.9933774834437086
1603,sports,483,483,1.0
5594,politics,863,863,1.0
1459,sports,188,188,1.0
9422,sports,465,460,0.989247311827957
5155,sports,631,630,0.9984152139461173
4234,business,511,511,1.0
10663,sports,836,835,0.9988038277511961
1272,sports,687,687,1.0
10353,politics,150,148,0.9866666666666667
108,sports,576,576,1.0
980,sports,128,128,1.0
10435,sports,654,653,0.9984709480122325
3906,politics,680,680,1.0
5596,politics,249,249,1.0
3857,sports,469,469,1.0
1125,business,474,468,0.9873417721518988
778,sports,244,243,0.9959016393442623
6798,politics,873,871,0.997709049255441
6158,sports,869,865,0.9953970080552359
10526,sports,614,610,0.993485342019544
2133,business,658,658,1.0
714,business,795,795,1.0
2057,sports,643,642,0.9984447900466563
8861,politics,532,531,0.9981203007518797
2951,sports,565,564,0.9982300884955753
9456,politics,511,511,1.0
2125,sports,397,397,1.0
2331,business,585,573,0.9794871794871794
3011,business,802,802,1.0
2967,sports,642,638,0.9937694704049844
11295,sports,371,367,0.9892183288409704
10675,politics,689,685,0.9941944847605225
9257,sports,344,343,0.997093023255814
7686,politics,849,849,1.0
9290,sports,801,801,1.0
1782,sports,732,732,1.0
9410,sports,998,996,0.9979959919839679
3828,business,567,567,1.0
2978,sports,372,372,1.0
3932,sports,582,577,0.9914089347079038
2619,sports,797,797,1.0
4729,sports,489,485,0.9918200408997955
4119,sports,969,969,1.0
2559,business,831,831,1.0
4278,business,580,577,0.9948275862068966
7744,sports,712,705,0.9901685393258427
4200,sports,946,938,0.9915433403805497
7709,sports,387,387,1.0
6105,sports,939,938,0.9989350372736954
4736,sports,515,515,1.0
226,sports,465,465,1.0
9124,sports,481,477,0.9916839916839917
1021,sports,415,414,0.9975903614457832
5833,sports,862,862,1.0
6519,sports,981,980,0.9989806320081549
7834,sports,492,490,0.9959349593495935
7777,sports,685,684,0.9985401459854014
7455,politics,296,295,0.9966216216216216
4811,politics,446,446,1.0
2107,sports,620,620,1.0
480,business,774,772,0.9974160206718347
287,business,581,574,0.9879518072289156
5614,politics,713,712,0.9985974754558204
3468,sports,144,143,0.9930555555555556
8237,sports,634,634,1.0
10835,sports,445,445,1.0
3292,sports,486,484,0.9958847736625515
6870,business,664,663,0.9984939759036144
10914,sports,887,874,0.9853438556933484
8450,sports,804,804,1.0
9400,sports,781,779,0.9974391805377721
3420,sports,663,663,1.0
11399,sports,306,306,1.0
4781,politics,744,743,0.9986559139784946
3089,politics,732,727,0.9931693989071039
10848,sports,518,518,1.0
2346,sports,143,142,0.993006993006993
11389,sports,325,325,1.0
1097,sports,472,471,0.9978813559322034
5765,sports,908,908,1.0
9333,sports,760,759,0.9986842105263158
10055,politics,840,839,0.9988095238095238
5386,business,545,544,0.998165137614679
1991,sports,452,451,0.9977876106194691
10582,sports,872,872,1.0
2160,business,501,500,0.998003992015968
7269,politics,684,684,1.0
8164,sports,750,748,0.9973333333333333
812,sports,203,203,1.0
10359,sports,804,804,1.0
5226,business,701,701,1.0
989,business,557,557,1.0
1226,sports,611,607,0.9934533551554828
9777,sports,675,673,0.997037037037037
6638,sports,901,899,0.9977802441731409
9520,sports,125,125,1.0
2438,sports,638,638,1.0
10064,sports,637,635,0.9968602825745683
2935,sports,429,429,1.0
8114,sports,149,147,0.9865771812080537
9146,sports,476,473,0.9936974789915967
11097,business,852,851,0.9988262910798122
8853,politics,731,728,0.9958960328317373
6440,sports,809,809,1.0
2209,sports,305,305,1.0
2302,sports,215,215,1.0
7603,politics,690,690,1.0
2833,sports,819,819,1.0
8705,sports,1004,1004,1.0
5668,sports,1113,1111,0.9982030548068284
5703,sports,678,676,0.9970501474926253
9256,sports,725,725,1.0
6922,sports,435,435,1.0
7093,sports,370,369,0.9972972972972973
5999,politics,832,832,1.0
8727,sports,314,312,0.9936305732484076
7240,sports,723,723,1.0
2120,sports,855,852,0.9964912280701754
7417,sports,761,761,1.0
6053,sports,730,728,0.9972602739726028
6298,politics,124,124,1.0
8834,sports,674,674,1.0
5270,sports,538,538,1.0
8514,business,816,811,0.9938725490196079
6795,sports,754,753,0.9986737400530504
7035,politics,368,368,1.0
2042,sports,1242,1242,1.0
1931,sports,292,292,1.0
9156,business,956,955,0.9989539748953975
5875,politics,685,685,1.0
1221,sports,496,495,0.9979838709677419
4790,politics,708,700,0.9887005649717514
9671,sports,398,398,1.0
11154,sports,104,104,1.0
8866,sports,872,871,0.9988532110091743
4155,sports,746,745,0.9986595174262735
8452,sports,833,833,1.0
5847,sports,871,868,0.9965556831228473
2879,business,618,618,1.0
5445,sports,629,625,0.9936406995230525
3432,business,709,707,0.997179125528914
7087,politics,672,670,0.9970238095238095
6416,politics,805,805,1.0
7196,sports,353,352,0.9971671388101983
9465,sports,149,148,0.9932885906040269
1988,business,766,763,0.9960835509138382
10044,sports,404,401,0.9925742574257426
11057,business,612,603,0.9852941176470589
8269,sports,317,304,0.9589905362776026
7783,sports,872,861,0.9873853211009175
2255,business,581,580,0.9982788296041308
3763,sports,875,874,0.9988571428571429
10126,sports,890,890,1.0
1455,sports,524,523,0.9980916030534351
6455,sports,862,862,1.0
8961,sports,341,341,1.0
1388,sports,950,948,0.9978947368421053
7954,sports,797,797,1.0
2552,business,565,564,0.9982300884955753
3535,sports,767,767,1.0
4363,sports,696,684,0.9827586206896551
420,sports,301,301,1.0
11423,sports,745,744,0.9986577181208054
922,sports,1121,1121,1.0
6210,business,741,738,0.9959514170040485
2598,sports,857,856,0.9988331388564761
2409,sports,796,796,1.0
3268,sports,416,414,0.9951923076923077
41,sports,493,492,0.9979716024340771
11081,business,462,456,0.987012987012987
5985,sports,777,775,0.9974259974259975
10608,sports,668,668,1.0
11148,sports,200,199,0.995
10155,politics,803,798,0.9937733499377335
3545,sports,423,421,0.9952718676122931
6648,sports,775,775,1.0
11482,sports,762,762,1.0
6738,politics,534,534,1.0
827,sports,150,145,0.9666666666666667
3663,sports,588,587,0.9982993197278912
4217,politics,795,793,0.9974842767295597
6472,business,117,116,0.9914529914529915
3710,politics,685,683,0.997080291970803
10267,sports,124,124,1.0
6310,sports,486,484,0.9958847736625515
4539,sports,608,608,1.0
6013,sports,777,775,0.9974259974259975
8263,sports,882,882,1.0
3115,sports,566,566,1.0
11373,business,823,818,0.9939246658566221
3516,sports,663,663,1.0
665,sports,100,100,1.0
4454,business,496,496,1.0
2227,business,977,965,0.9877175025588536
7119,politics,369,369,1.0
5399,sports,863,858,0.9942062572421785
9763,politics,885,884,0.9988700564971752
3915,sports,757,757,1.0
3440,sports,690,690,1.0
6223,business,189,189,1.0
93,sports,305,300,0.9836065573770492
6289,politics,1021,1020,0.9990205680705191
10321,business,441,441,1.0
5474,business,411,411,1.0
8784,business,425,425,1.0
7537,sports,721,721,1.0
6111,politics,759,759,1.0
10872,politics,1094,1091,0.9972577696526508
3438,sports,697,697,1.0
9770,sports,899,899,1.0
5558,business,224,223,0.9955357142857143
5741,sports,755,752,0.9960264900662251
1993,sports,267,267,1.0
2085,sports,510,497,0.9745098039215686
3152,sports,671,671,1.0
1879,sports,935,929,0.9935828877005347
669,sports,651,643,0.9877112135176651
11039,business,365,361,0.989041095890411
4211,sports,699,699,1.0
326,sports,751,750,0.9986684420772304
6891,sports,726,726,1.0
124,politics,728,728,1.0
902,business,465,465,1.0
3839,politics,594,594,1.0
6074,sports,487,487,1.0
4262,sports,540,539,0.9981481481481481
3188,sports,994,993,0.9989939637826962
10887,business,397,397,1.0
1302,sports,644,644,1.0
5538,sports,519,519,1.0
59,sports,113,113,1.0
11495,business,658,652,0.9908814589665653
9554,sports,567,562,0.9911816578483245
6464,politics,700,700,1.0
11409,sports,962,962,1.0
10123,business,560,559,0.9982142857142857
9551,sports,721,719,0.9972260748959778
8063,business,620,619,0.9983870967741936
2639,sports,344,344,1.0
10497,sports,881,881,1.0
411,sports,531,529,0.9962335216572504
3891,sports,1047,1043,0.9961795606494747
5677,business,364,364,1.0
1586,sports,101,98,0.9702970297029703
5241,sports,1443,1441,0.9986139986139986
9768,business,354,354,1.0
10085,sports,922,921,0.9989154013015185
1099,sports,1045,1042,0.9971291866028709
1693,sports,645,643,0.9968992248062015
968,sports,764,764,1.0
2831,sports,579,576,0.9948186528497409
1901,politics,627,627,1.0
8500,politics,694,693,0.9985590778097982
9343,sports,938,936,0.997867803837953
1923,politics,657,656,0.9984779299847792
3703,politics,659,659,1.0
8791,sports,145,145,1.0
1922,sports,879,877,0.9977246871444824
7674,sports,652,651,0.9984662576687117
6267,politics,901,898,0.9966703662597114
7555,sports,581,579,0.9965576592082617
10089,sports,584,584,1.0
123,sports,196,196,1.0
8386,sports,868,867,0.9988479262672811
2056,business,791,788,0.9962073324905183
9786,politics,643,643,1.0
1773,sports,432,432,1.0
9587,sports,347,345,0.9942363112391931
8898,business,690,690,1.0
8189,sports,588,588,1.0
6721,sports,899,897,0.9977753058954394
308,business,1017,1012,0.9950835791543756
8828,sports,372,372,1.0
11457,sports,217,217,1.0
24,sports,302,302,1.0
5407,sports,670,669,0.9985074626865672
233,sports,1093,1091,0.9981701738334858
5904,politics,1012,1009,0.9970355731225297
5907,politics,516,516,1.0
10028,sports,232,232,1.0
1841,sports,967,965,0.9979317476732161
2192,sports,265,265,1.0
7298,politics,212,212,1.0
10119,sports,434,433,0.9976958525345622
698,sports,716,716,1.0
4512,sports,137,137,1.0
9252,politics,479,477,0.9958246346555324
10948,sports,505,504,0.998019801980198
10938,sports,699,699,1.0
11484,sports,707,707,1.0
258,sports,244,243,0.9959016393442623
9959,sports,389,386,0.9922879177377892
9225,politics,626,626,1.0
3045,sports,847,846,0.9988193624557261
1288,sports,250,250,1.0
483,sports,714,714,1.0
378,sports,1228,1226,0.998371335504886
5917,sports,937,937,1.0
11350,sports,605,604,0.9983471074380166
1173,sports,729,729,1.0
4291,sports,675,674,0.9985185185185185
7385,sports,301,300,0.9966777408637874
4887,business,653,650,0.9954058192955589
1471,sports,165,164,0.9939393939393939
127,sports,976,975,0.9989754098360656
9751,politics,597,597,1.0
5326,sports,759,759,1.0
8906,sports,727,727,1.0
1808,sports,911,911,1.0
5121,sports,733,732,0.9986357435197817
8988,sports,707,707,1.0
1697,sports,273,270,0.989010989010989
5910,sports,1077,1077,1.0
75,sports,132,132,1.0
246,business,673,669,0.9940564635958395
8501,sports,652,651,0.9984662576687117
2694,sports,510,507,0.9941176470588236
3337,sports,1041,1041,1.0
4684,sports,143,143,1.0
8951,sports,809,809,1.0
526,sports,305,305,1.0
1642,sports,651,651,1.0
1840,business,507,507,1.0
9180,sports,642,641,0.9984423676012462
6301,sports,579,579,1.0
9685,sports,1004,1004,1.0
4563,sports,1074,1071,0.9972067039106145
7705,politics,181,179,0.988950276243094
2680,sports,106,106,1.0
2839,sports,102,102,1.0
7358,business,914,914,1.0
7279,sports,1007,1007,1.0
9182,business,526,524,0.9961977186311787
7398,sports,802,800,0.9975062344139651
10424,sports,570,570,1.0
5016,sports,789,789,1.0
433,business,646,646,1.0
862,business,722,709,0.981994459833795
390,sports,380,377,0.9921052631578947
240,sports,1183,1183,1.0
2164,business,625,602,0.9632
3147,politics,340,334,0.9823529411764705
7831,sports,638,638,1.0
7545,sports,1045,1042,0.9971291866028709
1516,sports,353,353,1.0
2269,sports,353,353,1.0
4583,sports,796,796,1.0
7728,sports,139,137,0.9856115107913669
272,sports,893,892,0.9988801791713325
8840,sports,762,761,0.9986876640419947
9357,sports,903,900,0.9966777408637874
11487,sports,408,407,0.9975490196078431
2709,sports,583,582,0.9982847341337907
9444,politics,647,645,0.9969088098918083
5613,sports,928,928,1.0
2202,sports,273,273,1.0
5705,sports,766,765,0.9986945169712794
588,sports,726,726,1.0
6711,sports,620,620,1.0
1982,sports,366,366,1.0
9148,sports,677,674,0.9955686853766618
3101,sports,673,673,1.0
9113,politics,885,885,1.0
6492,politics,705,701,0.9943262411347518
8689,business,667,667,1.0
8451,sports,240,240,1.0
1203,sports,283,283,1.0
5409,sports,869,867,0.997698504027618
10946,sports,421,420,0.997624703087886
1096,sports,218,218,1.0
620,sports,440,440,1.0
1546,sports,156,156,1.0
7277,politics,658,658,1.0
4128,sports,711,706,0.9929676511954993
3672,sports,805,801,0.9950310559006211
8236,sports,689,689,1.0
9958,sports,102,102,1.0
6690,business,325,325,1.0
2805,sports,316,316,1.0
6147,sports,1041,1039,0.9980787704130644
8424,sports,643,643,1.0
1683,sports,576,576,1.0
6548,sports,783,783,1.0
2141,sports,101,101,1.0
7428,sports,729,728,0.9986282578875172
7635,sports,944,943,0.9989406779661016
17,business,589,588,0.99830220713073
10541,sports,1006,1005,0.9990059642147118
9106,politics,879,860,0.9783845278725825
592,sports,654,654,1.0
4127,sports,416,416,1.0
905,sports,511,511,1.0
2139,sports,307,307,1.0
10951,sports,830,829,0.9987951807228915
9013,sports,637,635,0.9968602825745683
9697,sports,411,408,0.9927007299270073
13,sports,247,247,1.0
7257,politics,752,750,0.9973404255319149
11325,politics,653,653,1.0
7392,sports,809,807,0.9975278121137207
409,sports,320,319,0.996875
8692,sports,472,472,1.0
11405,sports,733,733,1.0
11492,politics,887,878,0.9898534385569335
719,sports,744,742,0.9973118279569892
5928,sports,750,750,1.0
748,business,774,774,1.0
3424,sports,591,587,0.9932318104906938
7902,sports,712,712,1.0
3402,sports,772,771,0.9987046632124352
2536,business,759,758,0.9986824769433466
8023,business,658,658,1.0
941,sports,1231,1229,0.9983753046303818
7694,sports,327,324,0.9908256880733946
5138,business,557,557,1.0
8412,sports,722,720,0.997229916897507
10856,sports,137,136,0.9927007299270073
5589,sports,798,789,0.9887218045112782
4559,sports,892,884,0.9910313901345291
9055,politics,789,785,0.9949302915082383
1682,sports,318,317,0.9968553459119497
9056,sports,368,367,0.9972826086956522
8808,sports,426,425,0.9976525821596244
10668,sports,591,588,0.9949238578680203
60,sports,777,775,0.9974259974259975
7725,politics,771,771,1.0
792,sports,204,204,1.0
6897,business,575,575,1.0
11010,business,624,623,0.9983974358974359
7627,politics,994,992,0.9979879275653923
2995,sports,586,585,0.9982935153583617
4724,politics,1023,1022,0.9990224828934506
2732,politics,589,589,1.0
821,sports,657,657,1.0
6418,sports,735,731,0.9945578231292517
5085,sports,738,738,1.0
1417,sports,1038,1036,0.9980732177263969
7402,sports,1594,1590,0.9974905897114178
5396,business,946,945,0.9989429175475687
11438,sports,191,191,1.0
11502,sports,186,185,0.9946236559139785
1774,sports,743,739,0.9946164199192463
3886,politics,968,968,1.0
3490,sports,565,565,1.0
270,sports,101,101,1.0
7466,sports,442,439,0.9932126696832579
1114,business,423,423,1.0
10451,politics,591,588,0.9949238578680203
5238,sports,656,656,1.0
8757,sports,465,462,0.9935483870967742
6410,sports,995,984,0.9889447236180905
1811,sports,957,957,1.0
8934,politics,713,713,1.0
2961,sports,838,838,1.0
5757,sports,777,777,1.0
4133,sports,833,832,0.9987995198079231
4643,sports,668,666,0.9970059880239521
5124,sports,128,128,1.0
1034,sports,304,304,1.0
101,sports,128,128,1.0
9950,politics,685,683,0.997080291970803
2674,sports,723,723,1.0
6338,sports,382,382,1.0
9744,sports,864,864,1.0
4947,sports,1144,1144,1.0
6691,sports,670,668,0.9970149253731343
585,sports,858,858,1.0
1103,sports,111,109,0.9819819819819819
3158,sports,746,746,1.0
11105,business,671,668,0.9955290611028316
11030,business,440,440,1.0
9699,sports,244,244,1.0
137,sports,766,766,1.0
10326,business,535,534,0.9981308411214953
5244,politics,648,648,1.0
11440,sports,70,70,1.0
1025,sports,484,483,0.9979338842975206
7995,sports,1127,1126,0.9991126885536823
6239,business,713,711,0.9971949509116409
9506,sports,786,771,0.9809160305343512
5763,sports,785,785,1.0
151,sports,73,73,1.0
3517,sports,372,370,0.9946236559139785
5073,business,905,905,1.0
5509,sports,686,686,1.0
10785,sports,780,780,1.0
5049,politics,710,708,0.9971830985915493
6646,sports,343,343,1.0
2920,sports,422,422,1.0
9535,sports,677,676,0.9985228951255539
7135,politics,652,652,1.0
3815,sports,654,652,0.9969418960244648
2874,sports,676,670,0.9911242603550295
5697,politics,1130,1130,1.0
2166,sports,267,267,1.0
5592,politics,792,792,1.0
5003,business,1081,1078,0.9972247918593895
5859,sports,594,594,1.0
10988,politics,875,875,1.0
1824,sports,734,734,1.0
7894,business,772,771,0.9987046632124352
5586,sports,452,445,0.9845132743362832
11225,sports,605,602,0.9950413223140496
10393,sports,762,760,0.9973753280839895
4221,sports,526,526,1.0
3664,sports,576,576,1.0
2282,politics,923,922,0.9989165763813651
7017,politics,1028,1028,1.0
9007,sports,650,647,0.9953846153846154
2221,sports,1286,1285,0.9992223950233281
1486,sports,329,328,0.9969604863221885
468,sports,731,731,1.0
5192,sports,427,427,1.0
6802,business,422,422,1.0
567,sports,259,258,0.9961389961389961
9582,politics,689,688,0.9985486211901307
2667,sports,172,172,1.0
4254,business,574,574,1.0
10606,sports,738,736,0.997289972899729
9642,business,345,345,1.0
509,sports,110,110,1.0
9308,sports,603,603,1.0
3700,sports,450,449,0.9977777777777778
4927,sports,899,898,0.9988876529477196
1604,business,496,496,1.0
8470,sports,413,413,1.0
2399,business,753,751,0.99734395750332
2243,sports,385,385,1.0
3072,sports,576,576,1.0
5788,sports,1013,1013,1.0
1456,sports,690,690,1.0
1928,sports,133,133,1.0
3678,politics,579,579,1.0
7793,sports,1000,993,0.993
5947,politics,497,497,1.0
3912,business,117,116,0.9914529914529915
2031,sports,859,859,1.0
8331,sports,365,365,1.0
4993,sports,882,878,0.9954648526077098
8096,sports,802,801,0.9987531172069826
6663,sports,912,908,0.9956140350877193
8665,sports,689,688,0.9985486211901307
3312,sports,728,724,0.9945054945054945
8325,sports,1267,1266,0.9992107340173638
6260,sports,498,498,1.0
1458,sports,650,650,1.0
2937,sports,719,718,0.9986091794158554
2787,sports,649,649,1.0
5800,sports,766,765,0.9986945169712794
8128,sports,797,796,0.998745294855709
9475,sports,2690,2687,0.9988847583643122
5671,politics,413,413,1.0
1015,sports,164,164,1.0
3846,sports,711,711,1.0
4349,business,560,560,1.0
8619,politics,761,761,1.0
11167,sports,547,541,0.9890310786106032
8014,sports,745,743,0.9973154362416108
6996,sports,949,949,1.0
3414,sports,771,771,1.0
9521,sports,706,705,0.9985835694050992
4408,sports,498,498,1.0
2850,politics,628,628,1.0
6238,business,704,704,1.0
4951,sports,684,683,0.9985380116959064
1675,sports,851,845,0.9929494712103408
2780,politics,805,795,0.9875776397515528
9668,sports,690,687,0.9956521739130435
9197,sports,707,705,0.9971711456859972
2492,sports,84,84,1.0
7567,politics,817,816,0.9987760097919217
10162,sports,853,853,1.0
3080,sports,445,443,0.9955056179775281
11411,sports,503,501,0.9960238568588469
3785,sports,766,765,0.9986945169712794
2647,sports,921,917,0.995656894679696
4879,sports,394,394,1.0
6020,sports,507,507,1.0
7723,politics,702,702,1.0
3202,sports,893,893,1.0
1802,business,858,853,0.9941724941724942
6651,sports,238,238,1.0
1691,sports,526,523,0.9942965779467681
912,sports,639,639,1.0
9986,politics,807,807,1.0
4978,sports,908,907,0.998898678414097
6803,sports,717,717,1.0
8930,politics,596,596,1.0
10514,sports,115,115,1.0
338,sports,519,519,1.0
10679,politics,704,704,1.0
6936,sports,555,554,0.9981981981981982
11153,business,261,261,1.0
4088,politics,996,975,0.9789156626506024
5542,sports,365,363,0.9945205479452055
4391,sports,496,493,0.9939516129032258
6988,sports,477,477,1.0
10444,sports,954,954,1.0
1248,sports,159,159,1.0
9294,sports,727,727,1.0
9745,politics,618,618,1.0
6769,sports,912,912,1.0
8049,sports,580,579,0.9982758620689656
9682,sports,940,940,1.0
1070,sports,772,770,0.9974093264248705
2660,sports,821,821,1.0
10513,sports,836,835,0.9988038277511961
4738,sports,723,720,0.995850622406639
5166,sports,731,729,0.9972640218878249
3649,politics,386,385,0.9974093264248705
7180,sports,459,458,0.9978213507625272
9625,sports,770,769,0.9987012987012988
5007,sports,601,599,0.9966722129783694
429,sports,638,638,1.0
9061,business,341,341,1.0
7292,business,801,799,0.9975031210986267
8394,sports,875,874,0.9988571428571429
7438,politics,439,439,1.0
6752,sports,659,658,0.9984825493171472
1717,sports,281,281,1.0
11059,sports,458,458,1.0
3905,sports,2154,2153,0.999535747446611
8172,sports,377,377,1.0
2905,business,394,394,1.0
9149,sports,448,448,1.0
9572,sports,842,842,1.0
418,business,741,737,0.9946018893387314
4523,sports,603,603,1.0
9128,sports,683,682,0.9985358711566618
1557,sports,787,786,0.9987293519695044
1748,sports,336,330,0.9821428571428571
4547,politics,861,861,1.0
4383,sports,998,998,1.0
9122,sports,235,234,0.9957446808510638
9202,politics,982,982,1.0
6550,sports,131,130,0.9923664122137404
2048,sports,137,137,1.0
3042,sports,286,285,0.9965034965034965
305,sports,201,200,0.9950248756218906
7944,sports,699,696,0.9957081545064378
5379,politics,1032,1032,1.0
8780,sports,894,894,1.0
527,sports,116,116,1.0
56,business,667,665,0.9970014992503748
5437,sports,747,747,1.0
8714,business,517,512,0.9903288201160542
4829,sports,675,675,1.0
5427,politics,768,765,0.99609375
1826,sports,891,891,1.0
3510,politics,664,663,0.9984939759036144
1492,sports,315,312,0.9904761904761905
6529,sports,855,855,1.0
11380,sports,294,292,0.9931972789115646
6307,sports,486,483,0.9938271604938271
7965,sports,698,698,1.0
7462,sports,648,648,1.0
2564,sports,156,152,0.9743589743589743
1352,sports,481,481,1.0
10935,sports,414,411,0.9927536231884058
7710,sports,558,557,0.9982078853046595
7625,sports,927,907,0.9784250269687162
10000,sports,820,820,1.0
354,politics,676,676,1.0
4004,sports,956,955,0.9989539748953975
4297,sports,687,684,0.9956331877729258
10465,sports,446,446,1.0
4252,politics,1178,1178,1.0
9891,sports,629,629,1.0
8556,sports,470,466,0.9914893617021276
2292,sports,391,390,0.9974424552429667
780,sports,1188,1188,1.0
6611,sports,861,854,0.991869918699187
5184,sports,484,484,1.0
5425,politics,763,752,0.9855832241153342
8796,sports,519,514,0.9903660886319846
6019,sports,121,121,1.0
6984,sports,872,871,0.9988532110091743
6011,politics,741,740,0.9986504723346828
5603,sports,780,779,0.9987179487179487
8266,sports,474,467,0.9852320675105485
3797,sports,872,871,0.9988532110091743
4994,sports,727,725,0.9972489683631361
6837,sports,654,650,0.9938837920489296
8188,sports,473,473,1.0
10968,sports,140,140,1.0
10023,sports,273,271,0.9926739926739927
8050,sports,720,720,1.0
9732,politics,842,837,0.994061757719715
10446,politics,620,619,0.9983870967741936
6076,politics,790,789,0.9987341772151899
6684,politics,631,631,1.0
2763,politics,646,646,1.0
9065,sports,878,878,1.0
8546,sports,718,717,0.9986072423398329
7384,sports,374,374,1.0
8348,sports,889,889,1.0
4058,politics,467,465,0.9957173447537473
7843,politics,462,462,1.0
8507,politics,789,788,0.9987325728770595
10345,sports,283,280,0.9893992932862191
506,sports,548,548,1.0
10035,sports,295,293,0.9932203389830508
10228,sports,670,663,0.9895522388059701
2865,sports,797,796,0.998745294855709
3988,sports,739,739,1.0
5920,politics,537,537,1.0
3796,politics,1094,1094,1.0
4299,sports,788,786,0.9974619289340102
948,sports,52,52,1.0
6230,sports,748,744,0.9946524064171123
3384,sports,720,719,0.9986111111111111
8815,sports,398,397,0.9974874371859297
11470,sports,284,284,1.0
2186,sports,137,132,0.9635036496350365
11205,sports,528,525,0.9943181818181818
410,business,458,457,0.9978165938864629
2083,sports,433,433,1.0
472,sports,115,115,1.0
10696,business,313,312,0.9968051118210862
6595,business,546,546,1.0
8992,sports,769,768,0.9986996098829649
11158,sports,746,740,0.9919571045576407
6060,sports,533,532,0.99812382739212
10774,sports,899,899,1.0
7929,politics,817,817,1.0
3358,sports,737,734,0.9959294436906377
320,sports,587,585,0.9965928449744463
8292,sports,970,968,0.9979381443298969
8653,sports,134,133,0.9925373134328358
235,sports,344,344,1.0
7639,sports,100,100,1.0
3123,politics,678,677,0.9985250737463127
7152,sports,868,866,0.9976958525345622
10190,business,539,539,1.0
1598,sports,82,81,0.9878048780487805
11072,sports,385,385,1.0
2829,sports,488,487,0.9979508196721312
5069,politics,747,747,1.0
9286,sports,947,947,1.0
9965,business,734,734,1.0
9217,sports,649,649,1.0
3213,politics,916,916,1.0
5644,sports,203,203,1.0
7732,sports,722,696,0.96398891966759
416,business,644,640,0.9937888198757764
10649,sports,473,471,0.9957716701902748
2801,sports,621,621,1.0
5152,sports,815,815,1.0
5099,sports,876,873,0.9965753424657534
7389,sports,130,130,1.0
5230,sports,1038,1038,1.0
1457,sports,172,172,1.0
2954,sports,600,600,1.0
1518,business,640,639,0.9984375
10331,sports,832,831,0.9987980769230769
5845,sports,317,317,1.0
6432,business,663,663,1.0
2335,sports,464,460,0.9913793103448276
8701,sports,130,130,1.0
5769,sports,802,802,1.0
2836,sports,336,336,1.0
8357,sports,771,771,1.0
6435,sports,497,496,0.9979879275653923
1115,sports,1030,1029,0.9990291262135922
9635,politics,381,381,1.0
428,business,454,454,1.0
10949,sports,493,493,1.0
1776,sports,413,413,1.0
7412,sports,122,122,1.0
6867,sports,639,638,0.9984350547730829
1783,sports,612,609,0.9950980392156863
2238,sports,649,648,0.9984591679506933
6259,business,945,939,0.9936507936507937
490,sports,865,865,1.0
7034,sports,760,758,0.9973684210526316
945,sports,1031,1031,1.0
6099,sports,929,929,1.0
11198,sports,858,858,1.0
1186,sports,758,756,0.9973614775725593
3993,sports,933,933,1.0
721,business,644,638,0.9906832298136646
5843,sports,903,903,1.0
6582,sports,586,581,0.9914675767918089
2503,sports,257,256,0.9961089494163424
8276,politics,770,769,0.9987012987012988
8600,sports,417,417,1.0
982,sports,859,858,0.9988358556461001
7233,politics,954,928,0.9727463312368972
2659,politics,562,561,0.998220640569395
5390,sports,245,240,0.9795918367346939
894,sports,261,260,0.9961685823754789
6506,sports,1248,1247,0.999198717948718
3583,sports,146,143,0.9794520547945206
5470,sports,478,475,0.9937238493723849
9464,sports,622,621,0.9983922829581994
9937,sports,871,867,0.9954075774971297
5025,sports,696,694,0.9971264367816092
6892,business,509,508,0.9980353634577603
10871,sports,433,427,0.9861431870669746
9725,politics,577,575,0.9965337954939342
9754,politics,876,874,0.997716894977169
711,sports,852,852,1.0
2610,business,894,892,0.9977628635346756
5534,politics,635,635,1.0
5900,sports,533,533,1.0
7100,politics,797,796,0.998745294855709
11213,sports,737,728,0.9877883310719131
7508,sports,561,559,0.9964349376114082
7416,sports,833,827,0.992797118847539
329,sports,124,124,1.0
7165,sports,676,676,1.0
2473,business,1164,1143,0.9819587628865979
7851,sports,769,768,0.9986996098829649
5140,sports,769,765,0.9947984395318595
606,sports,128,128,1.0
4270,sports,291,291,1.0
2096,sports,264,263,0.9962121212121212
7405,sports,154,153,0.9935064935064936
3181,sports,563,562,0.9982238010657194
3907,sports,689,689,1.0
676,sports,1175,1174,0.9991489361702127
10964,politics,409,408,0.9975550122249389
2896,business,544,542,0.9963235294117647
7908,sports,924,924,1.0
10340,business,738,737,0.9986449864498645
2964,sports,787,786,0.9987293519695044
1942,politics,850,843,0.991764705882353
118,sports,326,326,1.0
1950,business,526,521,0.9904942965779467
4266,sports,778,777,0.9987146529562982
854,sports,721,720,0.9986130374479889
5364,sports,745,741,0.9946308724832215
3291,business,646,641,0.9922600619195047
11463,sports,292,290,0.9931506849315068
8455,sports,865,863,0.9976878612716763
7664,sports,860,860,1.0
4231,sports,647,643,0.9938176197836167
10174,sports,652,647,0.9923312883435583
6314,sports,745,742,0.9959731543624161
4922,sports,291,289,0.993127147766323
5157,politics,628,620,0.9872611464968153
6488,sports,498,497,0.9979919678714859
3563,politics,697,697,1.0
10744,sports,881,881,1.0
6944,sports,725,723,0.9972413793103448
7543,sports,199,199,1.0
6556,sports,123,123,1.0
9361,politics,696,696,1.0
513,sports,64,64,1.0
4069,business,835,825,0.9880239520958084
10828,sports,351,351,1.0
6002,sports,690,690,1.0
10877,politics,620,620,1.0
3324,politics,559,559,1.0
1823,sports,632,630,0.9968354430379747
9214,sports,807,807,1.0
7807,sports,464,464,1.0
9939,sports,601,599,0.9966722129783694
2908,sports,794,791,0.9962216624685138
7950,sports,122,120,0.9836065573770492
3500,sports,753,743,0.9867197875166003
142,sports,441,440,0.9977324263038548
3736,politics,891,891,1.0
2607,business,813,813,1.0
427,sports,365,365,1.0
9379,business,380,379,0.9973684210526316
3693,sports,762,762,1.0
6679,sports,607,602,0.9917627677100495
2441,sports,1020,1016,0.996078431372549
8643,business,584,582,0.9965753424657534
7746,sports,778,768,0.987146529562982
6662,sports,816,816,1.0
4009,politics,551,551,1.0
5045,sports,769,762,0.9908972691807543
6077,politics,590,585,0.9915254237288136
8010,sports,647,646,0.9984544049459042
3269,business,463,462,0.9978401727861771
4081,sports,779,778,0.9987163029525032
11182,sports,567,564,0.9947089947089947
466,business,666,661,0.9924924924924925
451,sports,1148,1144,0.9965156794425087
4019,business,347,346,0.9971181556195965
11243,sports,610,610,1.0
5174,politics,679,678,0.9985272459499264
3049,sports,257,256,0.9961089494163424
9231,sports,340,339,0.9970588235294118
3900,sports,841,841,1.0
4352,politics,966,966,1.0
3701,sports,97,97,1.0
3084,politics,661,660,0.9984871406959153
8544,sports,432,431,0.9976851851851852
7585,sports,686,686,1.0
10260,sports,896,895,0.9988839285714286
1589,sports,939,937,0.9978700745473909
6534,sports,629,627,0.9968203497615262
657,sports,672,672,1.0
2753,politics,650,650,1.0
8505,sports,175,174,0.9942857142857143
2655,sports,618,618,1.0
2916,sports,1187,1186,0.9991575400168492
6484,sports,104,104,1.0
1092,business,532,525,0.9868421052631579
6807,sports,381,379,0.994750656167979
6906,sports,490,488,0.9959183673469387
3343,sports,785,784,0.9987261146496815
6244,sports,143,141,0.986013986013986
9230,sports,348,348,1.0
6041,sports,704,704,1.0
2571,business,613,613,1.0
11372,sports,205,205,1.0
7297,sports,707,706,0.9985855728429985
2960,business,812,811,0.9987684729064039
8723,sports,581,581,1.0
3750,sports,221,221,1.0
3675,sports,672,672,1.0
10859,sports,545,545,1.0
5598,sports,904,903,0.9988938053097345
2562,business,689,689,1.0
10354,sports,760,759,0.9986842105263158
8218,sports,982,979,0.9969450101832994
3942,sports,911,911,1.0
9963,sports,423,423,1.0
1218,sports,857,857,1.0
10890,sports,429,426,0.993006993006993
6431,sports,518,518,1.0
1820,sports,1094,1086,0.9926873857404022
5520,politics,729,729,1.0
8034,sports,939,939,1.0
7468,sports,757,757,1.0
10650,sports,748,745,0.9959893048128342
3351,sports,515,513,0.996116504854369
8354,sports,512,511,0.998046875
7492,sports,235,235,1.0
9631,sports,550,550,1.0
1393,sports,830,829,0.9987951807228915
1347,sports,383,383,1.0
8267,sports,821,819,0.997563946406821
1082,sports,700,699,0.9985714285714286
2286,sports,615,614,0.9983739837398374
4712,business,759,755,0.994729907773386
7557,sports,392,389,0.9923469387755102
1254,sports,309,309,1.0
7399,sports,801,796,0.9937578027465668
9476,sports,767,758,0.9882659713168188
1997,sports,802,802,1.0
9062,business,712,711,0.9985955056179775
5942,sports,758,757,0.9986807387862797
5529,sports,774,773,0.9987080103359173
6681,politics,724,724,1.0
3987,sports,737,737,1.0
2502,sports,262,262,1.0
10719,politics,835,828,0.9916167664670659
8594,sports,1015,1013,0.9980295566502463
3299,sports,342,342,1.0
9957,sports,123,123,1.0
5501,sports,834,833,0.9988009592326139
7501,sports,475,475,1.0
8313,sports,759,758,0.9986824769433466
3368,sports,1035,1035,1.0
10460,politics,764,761,0.9960732984293194
9383,sports,657,655,0.9969558599695586
10532,sports,738,733,0.9932249322493225
7742,sports,321,318,0.9906542056074766
5465,sports,839,839,1.0
6818,sports,233,233,1.0
6145,sports,343,342,0.9970845481049563
10436,sports,773,772,0.9987063389391979
3331,sports,475,475,1.0
7013,sports,857,856,0.9988331388564761
5329,sports,540,540,1.0
9025,sports,604,604,1.0
9540,sports,719,719,1.0
7809,sports,953,947,0.993704092339979
4515,sports,344,344,1.0
4214,business,703,702,0.9985775248933144
2363,sports,556,547,0.9838129496402878
7039,sports,604,597,0.9884105960264901
6939,politics,708,708,1.0
7260,sports,413,412,0.9975786924939467
1071,sports,442,442,1.0
5922,business,725,725,1.0
9174,sports,316,316,1.0
8543,sports,995,994,0.9989949748743718
3129,sports,144,143,0.9930555555555556
11386,sports,606,605,0.9983498349834984
5086,sports,784,783,0.9987244897959183
8336,sports,728,727,0.9986263736263736
2665,sports,962,959,0.9968814968814969
7019,politics,675,675,1.0
7956,sports,985,983,0.9979695431472081
10261,business,296,296,1.0
10999,sports,935,935,1.0
1002,sports,846,846,1.0
9324,sports,476,476,1.0
3514,sports,810,810,1.0
7600,sports,266,265,0.9962406015037594
4707,sports,684,683,0.9985380116959064
3896,business,558,557,0.9982078853046595
2506,business,659,658,0.9984825493171472
5444,sports,499,499,1.0
702,sports,873,872,0.9988545246277205
1258,sports,1158,1158,1.0
358,business,399,399,1.0
10517,sports,125,125,1.0
5378,business,463,462,0.9978401727861771
10658,sports,781,772,0.9884763124199744
7981,politics,674,674,1.0
6717,sports,600,600,1.0
9416,sports,403,403,1.0
1228,business,684,684,1.0
3482,business,848,846,0.9976415094339622
4076,sports,780,780,1.0
7423,sports,646,646,1.0
8041,politics,877,873,0.9954389965792474
2873,sports,759,758,0.9986824769433466
438,sports,890,886,0.9955056179775281
9972,sports,479,476,0.9937369519832986
4869,politics,327,327,1.0
7839,sports,556,555,0.9982014388489209
10882,business,906,903,0.9966887417218543
19,sports,251,249,0.9920318725099602
6004,politics,626,626,1.0
942,sports,357,357,1.0
5264,business,823,818,0.9939246658566221
481,sports,387,387,1.0
8766,sports,1011,1011,1.0
8914,sports,379,379,1.0
1911,business,543,543,1.0
10917,sports,876,875,0.9988584474885844
5408,sports,538,538,1.0
11391,sports,436,433,0.9931192660550459
7975,sports,791,791,1.0
1902,sports,831,828,0.9963898916967509
6228,sports,764,759,0.993455497382199
4033,politics,662,661,0.9984894259818731
7109,politics,821,819,0.997563946406821
5287,sports,459,458,0.9978213507625272
9614,sports,435,433,0.9954022988505747
1445,sports,614,610,0.993485342019544
6571,sports,350,345,0.9857142857142858
7041,sports,1125,1122,0.9973333333333333
8659,business,373,373,1.0
3719,sports,678,678,1.0
4385,sports,843,835,0.9905100830367735
8794,sports,445,439,0.9865168539325843
4399,sports,576,576,1.0
10168,sports,780,780,1.0
7601,sports,721,716,0.9930651872399445
4484,politics,792,790,0.9974747474747475
1652,sports,486,484,0.9958847736625515
4661,sports,606,605,0.9983498349834984
5420,sports,352,352,1.0
7756,sports,627,627,1.0
9336,sports,831,828,0.9963898916967509
8510,sports,730,727,0.9958904109589041
3564,sports,847,846,0.9988193624557261
9590,sports,734,731,0.9959128065395095
7419,politics,519,519,1.0
2533,sports,358,358,1.0
10717,sports,540,538,0.9962962962962963
2688,sports,415,415,1.0
9932,sports,705,704,0.9985815602836879
9752,sports,735,735,1.0
1825,sports,758,757,0.9986807387862797
3139,sports,829,824,0.9939686369119421
5585,sports,541,539,0.9963031423290203
8787,sports,754,742,0.9840848806366048
7864,sports,907,905,0.9977949283351709
3107,sports,641,641,1.0
6512,politics,450,447,0.9933333333333333
10098,sports,591,591,1.0
4746,sports,337,337,1.0
1169,sports,1087,1086,0.9990800367985281
422,sports,825,823,0.9975757575757576
4703,sports,863,863,1.0
3480,sports,691,689,0.9971056439942113
2989,business,692,692,1.0
9501,business,1126,1115,0.9902309058614565
1479,sports,267,263,0.9850187265917603
4010,business,1056,1056,1.0
8305,politics,556,556,1.0
2673,sports,704,698,0.9914772727272727
3831,sports,894,894,1.0
7126,sports,863,862,0.9988412514484357
11221,sports,387,386,0.9974160206718347
5955,business,629,628,0.9984101748807631
4314,sports,984,984,1.0
7185,sports,493,490,0.9939148073022313
6150,politics,661,661,1.0
4664,sports,367,364,0.9918256130790191
7810,sports,673,665,0.9881129271916791
2447,sports,401,401,1.0
8347,business,758,757,0.9986807387862797
6037,sports,618,613,0.9919093851132686
9605,politics,762,761,0.9986876640419947
11230,sports,703,700,0.9957325746799431
5039,sports,653,653,1.0
10792,politics,622,622,1.0
1701,sports,1037,1037,1.0
1532,sports,272,271,0.9963235294117647
9102,sports,750,749,0.9986666666666667
4117,sports,844,844,1.0
4118,sports,761,759,0.9973718791064389
9489,sports,84,84,1.0
1804,sports,1031,1031,1.0
2001,business,706,706,1.0
6177,politics,265,265,1.0
3910,politics,1057,1056,0.9990539262062441
3650,business,499,499,1.0
11228,sports,399,398,0.9974937343358395
347,business,784,783,0.9987244897959183
4531,sports,863,863,1.0
2045,sports,854,854,1.0
249,sports,813,813,1.0
5298,sports,769,763,0.9921976592977894
5740,politics,928,928,1.0
6204,business,300,300,1.0
9301,sports,368,368,1.0
10614,sports,995,992,0.9969849246231156
8319,sports,884,884,1.0
10664,sports,428,426,0.9953271028037384
7548,sports,943,943,1.0
3043,sports,900,899,0.9988888888888889
10982,politics,674,671,0.9955489614243324
339,business,959,956,0.9968717413972888
7806,sports,474,474,1.0
5203,sports,349,346,0.9914040114613181
5395,politics,916,916,1.0
10881,business,702,702,1.0
1128,sports,453,452,0.9977924944812362
3689,sports,816,816,1.0
4675,sports,518,510,0.9845559845559846
723,sports,616,616,1.0
9924,sports,950,949,0.9989473684210526
3532,business,764,759,0.993455497382199
3418,sports,882,882,1.0
9806,sports,871,870,0.9988518943742825
5545,sports,619,618,0.9983844911147012
10166,politics,490,490,1.0
574,sports,837,837,1.0
7203,sports,869,868,0.998849252013809
363,sports,195,193,0.9897435897435898
10025,sports,890,889,0.998876404494382
7990,business,555,555,1.0
4154,sports,668,667,0.9985029940119761
9222,sports,1005,1005,1.0
4554,sports,602,602,1.0
8440,sports,690,690,1.0
3170,sports,624,624,1.0
6116,sports,619,618,0.9983844911147012
7819,sports,958,958,1.0
727,sports,106,106,1.0
2968,business,793,793,1.0
5075,sports,545,545,1.0
8685,sports,695,692,0.99568345323741
9478,sports,579,578,0.998272884283247
5526,sports,553,553,1.0
4888,sports,951,950,0.9989484752891693
5935,sports,917,916,0.9989094874591058
5835,sports,660,659,0.9984848484848485
5950,politics,814,814,1.0
5452,sports,680,678,0.9970588235294118
5566,sports,273,273,1.0
8634,sports,491,485,0.9877800407331976
5416,sports,639,638,0.9984350547730829
3904,business,611,611,1.0
11062,sports,98,98,1.0
8006,sports,119,119,1.0
5719,sports,514,513,0.9980544747081712
4056,sports,519,517,0.9961464354527938
7579,sports,986,986,1.0
3806,sports,684,684,1.0
1948,sports,434,433,0.9976958525345622
9634,sports,473,473,1.0
8399,politics,1246,1245,0.9991974317817014
7106,sports,237,237,1.0
6945,sports,770,757,0.9831168831168832
167,sports,621,620,0.998389694041868
8566,politics,656,656,1.0
7531,sports,767,766,0.9986962190352021
319,sports,842,842,1.0
10372,business,576,576,1.0
11184,sports,382,380,0.9947643979057592
9397,politics,646,646,1.0
908,sports,1124,1120,0.99644128113879
7523,sports,745,742,0.9959731543624161
739,sports,713,713,1.0
879,sports,341,338,0.9912023460410557
975,sports,437,437,1.0
10734,sports,127,127,1.0
555,sports,214,214,1.0
10991,sports,695,692,0.99568345323741
9100,politics,629,629,1.0
6656,politics,657,657,1.0
4466,sports,633,632,0.9984202211690363
8580,sports,965,950,0.9844559585492227
10591,sports,502,498,0.9920318725099602
8743,sports,739,737,0.9972936400541272
1224,sports,162,161,0.9938271604938271
6380,sports,551,547,0.9927404718693285
280,business,420,416,0.9904761904761905
9893,sports,608,608,1.0
10800,politics,823,819,0.9951397326852977
6225,sports,707,705,0.9971711456859972
8683,sports,657,657,1.0
3725,sports,767,767,1.0
7172,sports,834,833,0.9988009592326139
1758,sports,523,523,1.0
10048,business,646,646,1.0
3411,politics,876,876,1.0
10475,business,278,276,0.9928057553956835
9223,politics,311,311,1.0
1043,sports,293,293,1.0
5861,sports,707,704,0.9957567185289957
6482,sports,839,839,1.0
3971,sports,835,835,1.0
4099,sports,108,108,1.0
6101,politics,222,221,0.9954954954954955
1850,sports,1293,1292,0.9992266047950503
11092,sports,759,759,1.0
7794,sports,695,694,0.9985611510791367
4102,sports,842,841,0.998812351543943
3722,sports,790,786,0.9949367088607595
8165,sports,866,866,1.0
11238,business,736,733,0.9959239130434783
7737,sports,631,628,0.9952456418383518
664,sports,829,829,1.0
5254,sports,311,311,1.0
6494,politics,796,795,0.9987437185929648
4859,sports,360,359,0.9972222222222222
8694,sports,303,303,1.0
3300,sports,858,857,0.9988344988344988
5554,politics,656,655,0.9984756097560976
9541,sports,365,365,1.0
4517,sports,39,39,1.0
5827,politics,705,705,1.0
11347,sports,195,195,1.0
398,business,597,594,0.9949748743718593
746,sports,270,270,1.0
3824,business,338,337,0.9970414201183432
4858,sports,473,471,0.9957716701902748
8663,sports,415,414,0.9975903614457832
6302,business,662,655,0.9894259818731118
1027,sports,743,743,1.0
1350,sports,428,427,0.9976635514018691
8539,business,576,576,1.0
8842,sports,753,753,1.0
10753,sports,786,786,1.0
6201,politics,696,696,1.0
2959,business,448,447,0.9977678571428571
2525,business,468,468,1.0
8004,politics,819,819,1.0
9610,sports,724,724,1.0
5720,politics,725,725,1.0
4782,sports,919,919,1.0
1575,sports,808,808,1.0
3974,sports,695,695,1.0
10755,sports,781,781,1.0
4716,business,721,721,1.0
1149,politics,668,667,0.9985029940119761
10249,sports,138,137,0.9927536231884058
8086,sports,851,846,0.9941245593419507
4650,sports,903,898,0.9944629014396457
9887,politics,621,621,1.0
2112,sports,884,884,1.0
886,sports,309,307,0.9935275080906149
9070,sports,1234,1231,0.9975688816855753
5772,sports,818,817,0.9987775061124694
925,sports,839,839,1.0
1289,sports,784,783,0.9987244897959183
10279,sports,955,954,0.9989528795811519
6167,sports,711,710,0.9985935302390999
3124,sports,303,299,0.9867986798679867
6705,sports,582,571,0.9810996563573883
8916,sports,700,698,0.9971428571428571
3079,politics,586,586,1.0
2516,sports,435,435,1.0
6364,sports,965,965,1.0
10631,sports,283,283,1.0
383,sports,326,326,1.0
4394,sports,580,578,0.996551724137931
11318,sports,400,399,0.9975
7641,sports,1054,1053,0.9990512333965844
6193,politics,901,901,1.0
3935,business,239,239,1.0
2857,sports,521,521,1.0
4148,sports,717,713,0.9944211994421199
130,sports,545,545,1.0
4060,politics,497,495,0.9959758551307847
9466,sports,275,271,0.9854545454545455
3694,politics,510,510,1.0
3183,politics,560,560,1.0
76,sports,520,520,1.0
3168,business,672,670,0.9970238095238095
644,sports,161,161,1.0
5627,sports,408,407,0.9975490196078431
8024,business,539,538,0.9981447124304267
7651,sports,846,844,0.9976359338061466
10391,sports,712,712,1.0
4635,sports,715,714,0.9986013986013986
5074,sports,813,813,1.0
9524,sports,801,798,0.9962546816479401
10320,business,706,706,1.0
11253,sports,360,357,0.9916666666666667
3717,politics,614,614,1.0
6896,sports,565,565,1.0
1919,sports,616,616,1.0
4749,sports,813,812,0.998769987699877
5394,sports,523,521,0.9961759082217974
7253,sports,531,530,0.9981167608286252
9096,sports,690,689,0.9985507246376811
8212,sports,761,761,1.0
5195,politics,501,501,1.0
7294,business,434,434,1.0
8613,sports,798,797,0.9987468671679198
978,sports,104,104,1.0
8463,sports,148,148,1.0
3612,sports,706,704,0.9971671388101983
5721,sports,902,902,1.0
5411,sports,607,606,0.9983525535420099
5472,sports,405,405,1.0
10117,sports,756,756,1.0
10062,sports,598,597,0.9983277591973244
708,business,694,693,0.9985590778097982
2807,politics,910,910,1.0
6517,sports,451,450,0.9977827050997783
194,sports,528,527,0.9981060606060606
4566,sports,840,840,1.0
8810,sports,448,447,0.9977678571428571
149,sports,302,300,0.9933774834437086
3484,sports,720,717,0.9958333333333333
6748,sports,290,290,1.0
10421,sports,1004,1000,0.9960159362549801
1920,sports,576,574,0.9965277777777778
4762,sports,764,761,0.9960732984293194
8667,sports,100,99,0.99
9525,sports,733,731,0.9972714870395635
5342,sports,931,931,1.0
1747,sports,223,223,1.0
5357,politics,943,943,1.0
5077,sports,715,714,0.9986013986013986
10455,business,788,787,0.998730964467005
5459,sports,735,735,1.0
8278,sports,837,834,0.996415770609319
9736,politics,915,915,1.0
8242,politics,659,659,1.0
3082,politics,565,565,1.0
9427,sports,730,730,1.0
113,sports,413,409,0.9903147699757869
10047,sports,854,845,0.9894613583138173
7976,sports,982,981,0.9989816700610998
10207,business,784,779,0.9936224489795918
1359,sports,146,146,1.0
8249,sports,1002,1002,1.0
7590,sports,725,725,1.0
1178,sports,473,472,0.9978858350951374
1399,sports,277,276,0.9963898916967509
11102,business,896,896,1.0
5057,sports,826,821,0.9939467312348669
5433,sports,365,363,0.9945205479452055
2022,business,756,756,1.0
35,politics,788,788,1.0
8551,sports,653,652,0.998468606431853
4425,sports,936,935,0.9989316239316239
4041,sports,799,798,0.9987484355444305
7246,politics,1035,1034,0.9990338164251208
10382,sports,589,588,0.99830220713073
9045,sports,825,821,0.9951515151515151
11101,business,447,447,1.0
261,sports,398,396,0.9949748743718593
5890,politics,636,631,0.9921383647798742
4141,politics,825,825,1.0
1528,sports,155,155,1.0
3125,sports,1076,1076,1.0
4228,politics,551,549,0.9963702359346642
4538,sports,551,547,0.9927404718693285
1592,business,857,855,0.9976662777129521
3921,sports,332,328,0.9879518072289156
2622,sports,687,686,0.9985443959243085
10884,business,607,606,0.9983525535420099
4940,sports,517,517,1.0
5487,sports,879,876,0.9965870307167235
9954,business,526,526,1.0
10618,sports,673,666,0.9895988112927192
4377,sports,131,131,1.0
4567,politics,671,671,1.0
4381,sports,560,560,1.0
7928,politics,916,914,0.9978165938864629
9977,sports,888,888,1.0
247,sports,210,210,1.0
2422,sports,242,242,1.0
775,sports,774,774,1.0
11313,sports,673,672,0.9985141158989599
603,business,687,687,1.0
10464,sports,922,919,0.9967462039045553
3278,sports,764,763,0.9986910994764397
6772,business,478,477,0.997907949790795
2582,business,825,825,1.0
3242,sports,484,483,0.9979338842975206
4687,sports,140,140,1.0
11183,sports,656,651,0.9923780487804879
3150,politics,766,765,0.9986945169712794
3858,sports,573,573,1.0
1657,sports,150,147,0.98
10120,sports,357,356,0.9971988795518207
7986,sports,671,671,1.0
9857,sports,409,409,1.0
7110,sports,710,708,0.9971830985915493
10545,sports,1031,1031,1.0
7330,sports,919,918,0.998911860718172
7266,sports,1025,1025,1.0
3182,sports,762,762,1.0
8502,sports,910,910,1.0
5635,politics,573,571,0.9965095986038395
8768,sports,640,640,1.0
1235,sports,881,880,0.9988649262202043
10536,politics,805,805,1.0
732,sports,167,166,0.9940119760479041
5243,sports,904,901,0.9966814159292036
3029,sports,104,104,1.0
11342,sports,691,691,1.0
9652,sports,402,397,0.9875621890547264
2580,sports,1269,1256,0.9897557131599685
9962,sports,380,379,0.9973684210526316
6780,sports,80,80,1.0
5678,sports,265,263,0.9924528301886792
11159,sports,648,642,0.9907407407407407
3319,sports,626,626,1.0
2407,sports,776,775,0.9987113402061856
10221,sports,282,281,0.9964539007092199
9662,sports,391,389,0.9948849104859335
6383,sports,495,493,0.9959595959595959
1251,sports,561,561,1.0
7844,politics,754,751,0.9960212201591512
5899,sports,907,907,1.0
10520,sports,678,676,0.9970501474926253
7591,business,255,253,0.9921568627450981
4739,business,611,611,1.0
6871,business,488,487,0.9979508196721312
1285,sports,401,401,1.0
8584,sports,852,851,0.9988262910798122
1506,sports,272,271,0.9963235294117647
8420,sports,2097,2082,0.9928469241773963
5658,sports,599,597,0.996661101836394
4182,sports,601,598,0.9950083194675541
9316,business,737,737,1.0
6094,sports,665,664,0.9984962406015038
943,sports,610,610,1.0
2004,sports,518,515,0.9942084942084942
5625,sports,110,110,1.0
5986,business,259,259,1.0
7351,sports,618,618,1.0
8229,politics,1011,1008,0.9970326409495549
9784,sports,659,659,1.0
9740,sports,481,481,1.0
1403,business,631,629,0.9968304278922345
11377,sports,1071,1071,1.0
9729,politics,386,385,0.9974093264248705
8197,business,571,571,1.0
579,sports,709,709,1.0
10057,sports,917,917,1.0
9552,business,555,555,1.0
1721,sports,518,517,0.9980694980694981
5722,sports,757,757,1.0
9523,business,873,870,0.9965635738831615
8380,sports,539,536,0.9944341372912802
7166,sports,713,712,0.9985974754558204
8618,sports,919,917,0.9978237214363439
4165,sports,905,902,0.9966850828729282
1039,sports,382,382,1.0
6183,sports,1152,1151,0.9991319444444444
10802,sports,1021,1019,0.9980411361410382
3821,sports,673,672,0.9985141158989599
7164,sports,414,411,0.9927536231884058
9816,sports,751,751,1.0
10262,sports,248,242,0.9758064516129032
6630,sports,634,634,1.0
691,sports,731,730,0.9986320109439124
5376,sports,747,736,0.9852744310575636
98,sports,455,454,0.9978021978021978
1768,sports,921,921,1.0
5555,business,730,730,1.0
8324,sports,437,437,1.0
3279,business,688,686,0.997093023255814
8644,sports,903,903,1.0
4061,sports,942,940,0.9978768577494692
4493,politics,742,742,1.0
3020,sports,481,481,1.0
2156,sports,99,99,1.0
5004,sports,513,508,0.9902534113060428
6127,politics,690,690,1.0
7205,business,263,263,1.0
4343,business,264,264,1.0
9503,sports,364,364,1.0
4386,sports,414,405,0.9782608695652174
10952,business,869,869,1.0
3759,business,486,486,1.0
2359,sports,319,316,0.9905956112852664
7751,sports,971,965,0.9938208032955715
1084,business,689,689,1.0
4682,politics,653,653,1.0
4686,politics,640,640,1.0
7665,sports,657,655,0.9969558599695586
3657,sports,687,687,1.0
9293,politics,807,806,0.9987608426270136
5239,sports,424,422,0.9952830188679245
9852,sports,1130,1130,1.0
5512,sports,362,360,0.994475138121547
3644,politics,1103,1103,1.0
4046,politics,951,950,0.9989484752891693
3845,sports,185,185,1.0
5460,sports,504,504,1.0
11420,sports,482,482,1.0
8617,sports,138,135,0.9782608695652174
4653,business,722,722,1.0
1569,business,410,410,1.0
405,sports,576,576,1.0
9452,politics,675,675,1.0
6102,sports,679,679,1.0
5696,sports,589,583,0.9898132427843803
83,sports,386,386,1.0
580,sports,615,615,1.0
11136,sports,1190,1188,0.9983193277310924
6931,sports,843,843,1.0
3436,politics,644,644,1.0
4590,sports,900,899,0.9988888888888889
2730,politics,716,712,0.994413407821229
5067,sports,166,165,0.9939759036144579
88,sports,326,326,1.0
10855,sports,760,759,0.9986842105263158
9539,sports,891,887,0.9955106621773289
4357,business,543,543,1.0
8626,politics,286,285,0.9965034965034965
4306,sports,637,636,0.9984301412872841
11137,business,694,694,1.0
7534,sports,673,673,1.0
6665,politics,1012,1011,0.9990118577075099
7713,sports,431,431,1.0
9894,sports,496,496,1.0
9472,sports,820,820,1.0
7526,sports,635,635,1.0
7043,sports,884,882,0.997737556561086
919,sports,866,859,0.9919168591224018
616,sports,150,150,1.0
6275,politics,737,737,1.0
5392,sports,919,918,0.998911860718172
9884,politics,752,752,1.0
1431,sports,526,525,0.9980988593155894
1548,sports,215,211,0.9813953488372092
11146,sports,660,658,0.996969696969697
415,sports,667,666,0.9985007496251874
2082,politics,804,804,1.0
2941,sports,368,361,0.9809782608695652
8389,business,629,628,0.9984101748807631
2041,politics,457,454,0.9934354485776805
4786,business,282,282,1.0
4931,sports,364,364,1.0
5505,sports,500,496,0.992
3543,sports,842,839,0.996437054631829
11234,business,445,439,0.9865168539325843
5247,business,979,979,1.0
268,sports,613,613,1.0
11065,business,367,366,0.997275204359673
3680,sports,678,678,1.0
11425,sports,272,271,0.9963235294117647
9548,business,1020,1019,0.9990196078431373
6677,sports,878,878,1.0
734,sports,806,806,1.0
3206,business,410,409,0.9975609756097561
10334,politics,689,689,1.0
11259,sports,200,200,1.0
5008,sports,225,225,1.0
8022,politics,1001,1000,0.999000999000999
5648,sports,526,518,0.9847908745247148
6515,sports,407,407,1.0
4323,politics,947,946,0.9989440337909187
8146,sports,533,533,1.0
9645,sports,827,826,0.9987908101571947
6021,sports,791,788,0.9962073324905183
8099,sports,290,290,1.0
2624,sports,607,605,0.9967051070840197
1000,sports,870,869,0.9988505747126437
7661,politics,865,861,0.9953757225433526
2103,sports,860,860,1.0
6124,sports,855,855,1.0
9737,sports,366,366,1.0
4507,sports,948,941,0.9926160337552743
5773,sports,110,110,1.0
10654,sports,457,455,0.9956236323851203
3496,sports,852,844,0.9906103286384976
7381,politics,570,569,0.9982456140350877
1234,sports,297,297,1.0
1716,sports,864,863,0.9988425925925926
3662,sports,713,713,1.0
3853,politics,684,684,1.0
7425,politics,646,644,0.9969040247678018
4169,sports,685,680,0.9927007299270073
10571,politics,319,319,1.0
7961,sports,548,544,0.9927007299270073
2815,sports,574,574,1.0
8118,sports,760,760,1.0
9295,sports,63,63,1.0
7913,business,590,590,1.0
3894,sports,261,261,1.0
1356,sports,564,563,0.99822695035461
2906,sports,637,635,0.9968602825745683
5393,politics,761,761,1.0
11516,sports,922,922,1.0
634,sports,204,204,1.0
9675,politics,751,751,1.0
8261,sports,888,888,1.0
7337,sports,495,494,0.997979797979798
2388,sports,110,110,1.0
5303,sports,1090,1090,1.0
9455,sports,754,753,0.9986737400530504
9304,sports,715,714,0.9986013986013986
10593,politics,663,662,0.9984917043740573
9966,politics,709,709,1.0
9479,sports,132,132,1.0
45,sports,179,175,0.9776536312849162
9985,sports,129,129,1.0
3409,sports,782,778,0.9948849104859335
9948,politics,505,502,0.994059405940594
1893,business,908,905,0.9966960352422908
10110,sports,717,715,0.99721059972106
6709,politics,898,898,1.0
10806,sports,832,830,0.9975961538461539
5216,business,1264,1264,1.0
9017,sports,503,503,1.0
2433,sports,190,190,1.0
747,sports,659,659,1.0
9911,sports,742,736,0.9919137466307277
5844,sports,688,685,0.9956395348837209
2997,politics,620,620,1.0
2097,sports,706,705,0.9985835694050992
4524,politics,471,471,1.0
8362,business,871,870,0.9988518943742825
2090,sports,577,577,1.0
1681,sports,513,513,1.0
6052,sports,865,865,1.0
8872,sports,696,696,1.0
811,sports,576,576,1.0
4261,sports,770,770,1.0
3509,sports,780,772,0.9897435897435898
3587,sports,601,599,0.9966722129783694
11067,business,802,801,0.9987531172069826
8574,business,654,653,0.9984709480122325
3595,sports,664,662,0.9969879518072289
4663,sports,309,305,0.9870550161812298
11108,business,617,612,0.9918962722852512
10108,sports,982,982,1.0
3684,politics,120,120,1.0
10285,sports,740,740,1.0
10670,sports,124,123,0.9919354838709677
2853,sports,417,416,0.9976019184652278
7310,sports,725,725,1.0
6558,sports,719,719,1.0
7671,sports,465,461,0.9913978494623656
4638,sports,681,681,1.0
4469,sports,614,613,0.998371335504886
5126,sports,606,606,1.0
6166,sports,943,942,0.9989395546129375
6876,politics,120,120,1.0
9755,business,193,193,1.0
7324,politics,563,562,0.9982238010657194
3209,politics,468,464,0.9914529914529915
8608,sports,437,435,0.9954233409610984
6673,sports,733,732,0.9986357435197817
10499,sports,688,686,0.997093023255814
1673,sports,544,544,1.0
6541,sports,553,553,1.0
10032,sports,734,734,1.0
7367,sports,568,567,0.9982394366197183
1744,sports,556,556,1.0
2904,sports,457,452,0.9890590809628009
9499,sports,680,680,1.0
205,sports,188,185,0.9840425531914894
10312,sports,752,751,0.9986702127659575
2746,politics,732,732,1.0
1,sports,804,804,1.0
9722,sports,812,808,0.9950738916256158
3677,politics,961,957,0.9958376690946931
10084,sports,244,243,0.9959016393442623
5502,sports,433,433,1.0
5405,business,351,351,1.0
2054,politics,1018,1018,1.0
5299,sports,470,470,1.0
8570,sports,803,801,0.9975093399750934
6196,sports,742,740,0.9973045822102425
1120,sports,622,622,1.0
4422,sports,758,755,0.996042216358839
11211,sports,304,304,1.0
9495,politics,823,823,1.0
2977,sports,112,111,0.9910714285714286
2157,business,714,714,1.0
9724,sports,456,453,0.993421052631579
9130,sports,2798,2771,0.990350250178699
2497,sports,232,232,1.0
10042,sports,273,273,1.0
8101,sports,829,827,0.9975874547647768
4519,sports,493,493,1.0
10052,sports,309,308,0.9967637540453075
2211,business,623,623,1.0
6580,sports,572,569,0.9947552447552448
10300,politics,624,624,1.0
3050,sports,257,256,0.9961089494163424
5894,sports,646,641,0.9922600619195047
7147,business,296,296,1.0
10427,sports,593,583,0.9831365935919055
5373,sports,735,731,0.9945578231292517
6523,sports,815,815,1.0
3692,sports,1185,1184,0.99915611814346
4529,sports,964,964,1.0
6771,sports,570,569,0.9982456140350877
5377,business,877,877,1.0
6612,sports,547,547,1.0
9997,sports,717,717,1.0
10850,sports,685,685,1.0
611,sports,341,340,0.9970674486803519
10051,sports,1307,1307,1.0
684,sports,540,540,1.0
6325,sports,783,783,1.0
199,sports,941,941,1.0
5689,sports,742,742,1.0
7979,sports,576,576,1.0
3588,sports,291,291,1.0
9187,business,916,899,0.9814410480349345
8858,sports,739,738,0.9986468200270636
10883,sports,792,792,1.0
10688,sports,372,372,1.0
510,sports,773,773,1.0
3928,sports,500,494,0.988
7861,sports,246,244,0.991869918699187
9544,sports,249,245,0.9839357429718876
2520,business,354,354,1.0
839,business,532,529,0.9943609022556391
2646,sports,573,568,0.9912739965095986
4701,sports,412,410,0.9951456310679612
11254,sports,299,299,1.0
6875,sports,677,677,1.0
626,business,711,696,0.9789029535864979
4082,sports,1023,1020,0.9970674486803519
7613,sports,479,479,1.0
2806,sports,602,602,1.0
5281,business,152,152,1.0
6883,sports,849,849,1.0
9987,sports,882,882,1.0
2614,business,656,653,0.9954268292682927
3226,sports,771,768,0.9961089494163424
3766,business,373,371,0.9946380697050938
9823,sports,598,598,1.0
3586,sports,872,869,0.9965596330275229
8518,sports,662,662,1.0
6564,sports,343,339,0.9883381924198251
11256,business,760,759,0.9986842105263158
1372,sports,541,541,1.0
7338,sports,645,644,0.9984496124031008
2910,sports,666,663,0.9954954954954955
170,sports,644,643,0.9984472049689441
5940,sports,964,961,0.9968879668049793
262,sports,227,226,0.9955947136563876
9409,business,564,564,1.0
4620,business,623,617,0.9903691813804173
4996,business,629,628,0.9984101748807631
2206,sports,224,224,1.0
5702,sports,500,493,0.986
2483,sports,158,154,0.9746835443037974
5320,sports,592,591,0.9983108108108109
4823,business,1073,1073,1.0
934,sports,704,695,0.9872159090909091
1194,sports,985,983,0.9979695431472081
11149,sports,830,828,0.9975903614457832
3387,sports,730,730,1.0
6857,sports,789,786,0.9961977186311787
2985,business,1212,1209,0.9975247524752475
3721,sports,690,689,0.9985507246376811
6277,sports,452,449,0.9933628318584071
8751,business,915,913,0.9978142076502732
7057,business,1096,1096,1.0
3100,sports,370,369,0.9972972972972973
4340,sports,889,887,0.9977502812148481
11435,sports,859,859,1.0
7077,sports,244,243,0.9959016393442623
5495,sports,171,171,1.0
187,sports,754,754,1.0
1809,politics,787,787,1.0
9873,sports,413,410,0.9927360774818402
26,sports,940,937,0.9968085106382979
10448,sports,952,951,0.9989495798319328
8765,business,487,487,1.0
31,sports,123,123,1.0
7904,politics,688,688,1.0
2739,sports,908,908,1.0
10185,sports,484,484,1.0
8332,politics,546,546,1.0
2822,sports,400,400,1.0
1509,business,457,456,0.9978118161925602
8020,sports,688,686,0.997093023255814
9092,sports,484,482,0.9958677685950413
7117,sports,113,113,1.0
2496,sports,431,431,1.0
8431,sports,1273,1273,1.0
2449,sports,820,820,1.0
3561,business,1176,1175,0.9991496598639455
4797,politics,777,776,0.9987129987129987
9726,sports,823,819,0.9951397326852977
6503,politics,678,678,1.0
7517,sports,489,487,0.9959100204498977
11437,sports,278,278,1.0
10019,sports,390,380,0.9743589743589743
2259,business,680,679,0.9985294117647059
7121,politics,862,859,0.9965197215777262
3641,sports,902,901,0.9988913525498891
3897,sports,811,809,0.9975339087546239
3173,politics,381,380,0.9973753280839895
116,sports,859,859,1.0
4617,sports,949,937,0.9873551106427819
5961,sports,711,710,0.9985935302390999
3523,politics,348,348,1.0
2229,business,686,681,0.9927113702623906
7522,sports,372,371,0.9973118279569892
11054,business,447,444,0.9932885906040269
4865,politics,899,894,0.9944382647385984
6557,politics,305,304,0.9967213114754099
6619,sports,403,403,1.0
3549,business,954,954,1.0
4506,sports,948,948,1.0
8243,business,814,814,1.0
10313,sports,792,784,0.98989898989899
143,sports,754,754,1.0
1805,sports,422,421,0.9976303317535545
2930,sports,444,436,0.9819819819819819
42,sports,471,470,0.9978768577494692
11123,business,778,777,0.9987146529562982
4886,politics,917,904,0.9858233369683751
1981,sports,819,819,1.0
6850,politics,769,767,0.9973992197659298
10732,sports,873,872,0.9988545246277205
5838,sports,688,687,0.998546511627907
5931,sports,334,334,1.0
4570,sports,699,697,0.9971387696709585
1035,sports,423,422,0.9976359338061466
2722,sports,970,969,0.9989690721649485
9636,sports,611,611,1.0
293,business,599,598,0.998330550918197
11368,sports,727,722,0.9931224209078404
7521,sports,420,420,1.0
8382,politics,756,756,1.0
9980,sports,589,588,0.99830220713073
5148,business,936,936,1.0
4038,sports,885,884,0.9988700564971752
1570,sports,547,542,0.9908592321755028
1895,business,721,721,1.0
4939,sports,953,940,0.9863588667366212
9166,politics,1257,1256,0.9992044550517104
7208,sports,121,121,1.0
2641,business,652,651,0.9984662576687117
1605,sports,179,178,0.994413407821229
7049,sports,936,936,1.0
5014,sports,871,869,0.9977037887485649
8593,sports,834,833,0.9988009592326139
9350,sports,919,918,0.998911860718172
5122,sports,660,658,0.996969696969697
10870,sports,762,761,0.9986876640419947
3876,sports,728,728,1.0
248,business,594,594,1.0
5618,sports,748,744,0.9946524064171123
7150,sports,478,477,0.997907949790795
872,sports,485,484,0.9979381443298969
6090,politics,668,668,1.0
10373,sports,2373,2358,0.9936788874841972
6680,sports,772,772,1.0
2551,business,435,435,1.0
10557,sports,188,188,1.0
2481,business,618,617,0.9983818770226537
10125,politics,604,601,0.9950331125827815
6927,politics,481,481,1.0
6631,sports,800,800,1.0
114,sports,240,239,0.9958333333333333
1447,sports,709,708,0.998589562764457
384,sports,268,268,1.0
1762,sports,605,605,1.0
610,sports,701,701,1.0
3961,sports,371,371,1.0
4861,business,632,631,0.9984177215189873
2242,sports,249,249,1.0
3334,politics,701,699,0.9971469329529244
11310,sports,969,967,0.9979360165118679
5478,sports,804,799,0.9937810945273632
1213,sports,882,876,0.9931972789115646
6412,business,585,585,1.0
2369,business,171,171,1.0
6856,sports,437,434,0.9931350114416476
2917,politics,791,791,1.0
8200,sports,489,489,1.0
3679,sports,259,257,0.9922779922779923
2093,sports,174,172,0.9885057471264368
9461,sports,879,878,0.9988623435722411
6696,sports,504,504,1.0
10703,sports,618,613,0.9919093851132686
2190,sports,690,689,0.9985507246376811
11413,sports,358,358,1.0
3289,business,291,285,0.979381443298969
10024,sports,460,459,0.9978260869565218
8773,sports,673,673,1.0
2126,sports,564,564,1.0
8947,sports,553,553,1.0
6785,sports,714,708,0.9915966386554622
4281,business,593,593,1.0
1990,sports,918,918,1.0
7755,sports,805,804,0.9987577639751553
1104,sports,832,831,0.9987980769230769
4447,business,451,450,0.9977827050997783
8521,sports,381,381,1.0
621,sports,434,434,1.0
8337,business,327,327,1.0
8456,sports,739,733,0.9918809201623816
8996,business,222,222,1.0
3446,sports,272,266,0.9779411764705882
10485,sports,828,826,0.9975845410628019
2301,sports,174,174,1.0
4178,sports,871,871,1.0
1620,sports,267,267,1.0
10026,politics,778,777,0.9987146529562982
1105,sports,759,759,1.0
4926,sports,656,656,1.0
10612,sports,744,744,1.0
9014,sports,558,557,0.9982078853046595
5009,business,306,306,1.0
7332,politics,714,713,0.9985994397759104
6621,sports,768,766,0.9973958333333334
963,sports,952,952,1.0
3027,sports,630,628,0.9968253968253968
543,sports,517,517,1.0
5698,sports,398,396,0.9949748743718593
2233,sports,265,265,1.0
3642,sports,478,477,0.997907949790795
9247,sports,898,898,1.0
1037,sports,485,485,1.0
7061,sports,740,740,1.0
4773,sports,709,709,1.0
4111,sports,642,642,1.0
6080,sports,1013,1011,0.998025666337611
1222,sports,775,775,1.0
5759,business,513,513,1.0
3712,sports,664,663,0.9984939759036144
387,business,745,739,0.9919463087248322
9536,sports,614,614,1.0
3356,sports,1051,1051,1.0
4283,sports,644,643,0.9984472049689441
10781,sports,741,741,1.0
10576,politics,1142,1142,1.0
9175,sports,628,626,0.9968152866242038
4288,sports,491,484,0.9857433808553971
5873,sports,871,870,0.9988518943742825
8143,sports,684,684,1.0
10124,politics,856,850,0.9929906542056075
1866,business,523,523,1.0
7507,sports,639,634,0.9921752738654147
1424,sports,317,316,0.9968454258675079
911,sports,786,786,1.0
3594,sports,692,692,1.0
2464,sports,139,139,1.0
10273,sports,350,349,0.9971428571428571
4796,sports,916,916,1.0
9547,politics,768,766,0.9973958333333334
8194,sports,504,503,0.998015873015873
3113,sports,675,675,1.0
9830,sports,778,776,0.9974293059125964
1185,sports,362,359,0.9917127071823204
4229,sports,671,671,1.0
164,sports,172,171,0.9941860465116279
8067,business,220,220,1.0
7884,sports,810,809,0.9987654320987654
7291,business,725,725,1.0
295,business,632,632,1.0
7571,sports,767,767,1.0
3576,sports,550,550,1.0
6256,sports,484,484,1.0
7096,politics,822,822,1.0
1860,business,885,885,1.0
2690,sports,564,564,1.0
8124,sports,627,627,1.0
6885,sports,1046,1043,0.997131931166348
1195,sports,395,394,0.9974683544303797
1611,sports,247,247,1.0
6290,sports,297,295,0.9932659932659933
3756,sports,656,632,0.9634146341463414
5403,sports,960,958,0.9979166666666667
3133,business,481,481,1.0
10001,sports,540,538,0.9962962962962963
11339,sports,711,711,1.0
9115,sports,576,575,0.9982638888888888
5965,sports,415,413,0.9951807228915662
9068,sports,840,838,0.9976190476190476
3557,sports,930,929,0.9989247311827957
8131,politics,869,869,1.0
10975,sports,978,977,0.9989775051124744
3979,sports,802,797,0.9937655860349127
10186,sports,766,760,0.9921671018276762
10970,sports,729,728,0.9986282578875172
491,business,779,779,1.0
4912,politics,607,606,0.9983525535420099
6911,sports,130,130,1.0
5480,politics,558,558,1.0
8255,politics,659,658,0.9984825493171472
935,business,620,620,1.0
3520,sports,708,707,0.998587570621469
10909,business,233,233,1.0
4313,business,511,511,1.0
6407,business,710,702,0.9887323943661972
2401,sports,260,260,1.0
2477,sports,786,784,0.9974554707379135
10950,sports,328,323,0.9847560975609756
10577,sports,665,658,0.9894736842105263
927,sports,72,72,1.0
11476,sports,527,527,1.0
5424,sports,340,330,0.9705882352941176
4192,politics,998,998,1.0
2330,business,633,633,1.0
2643,sports,361,361,1.0
11453,sports,538,538,1.0
4059,sports,388,388,1.0
1703,sports,328,326,0.9939024390243902
3314,business,949,949,1.0
8222,sports,790,790,1.0
710,sports,355,355,1.0
10762,sports,1238,1238,1.0
3686,politics,919,919,1.0
1098,sports,949,948,0.9989462592202318
154,sports,618,615,0.9951456310679612
8079,sports,430,429,0.9976744186046511
9560,sports,474,474,1.0
6689,sports,377,376,0.9973474801061007
3707,sports,230,230,1.0
8021,business,795,795,1.0
4207,politics,93,93,1.0
7917,sports,456,456,1.0
2155,sports,1008,1008,1.0
5026,sports,169,168,0.9940828402366864
3665,sports,842,837,0.994061757719715
11479,sports,336,336,1.0
2185,sports,628,628,1.0
8359,sports,742,742,1.0
4510,politics,733,733,1.0
6741,sports,848,846,0.9976415094339622
11294,sports,542,542,1.0
3252,politics,664,664,1.0
4535,sports,751,750,0.9986684420772304
5770,sports,414,414,1.0
11218,sports,417,417,1.0
9109,sports,753,753,1.0
10769,sports,764,764,1.0
10923,sports,687,686,0.9985443959243085
9592,sports,447,446,0.9977628635346756
4321,sports,617,617,1.0
37,business,422,422,1.0
903,sports,843,841,0.9976275207591934
2028,business,651,651,1.0
310,sports,360,356,0.9888888888888889
6340,sports,910,910,1.0
4842,sports,962,958,0.9958419958419958
503,sports,701,701,1.0
8199,sports,691,690,0.9985528219971056
3425,sports,654,654,1.0
2963,politics,892,888,0.9955156950672646
9129,sports,925,924,0.9989189189189189
8630,sports,408,408,1.0
9584,politics,848,845,0.9964622641509434
8830,sports,605,605,1.0
22,business,780,770,0.9871794871794872
9604,sports,755,753,0.9973509933774835
4733,sports,697,697,1.0
10094,sports,718,718,1.0
8046,sports,649,648,0.9984591679506933
1246,business,546,545,0.9981684981684982
10915,sports,434,432,0.9953917050691244
10686,sports,891,888,0.9966329966329966
5723,sports,765,763,0.9973856209150327
1198,sports,701,699,0.9971469329529244
8349,sports,651,651,1.0
3052,sports,287,287,1.0
3449,sports,616,614,0.9967532467532467
6710,politics,706,706,1.0
11178,sports,186,186,1.0
6308,sports,548,546,0.9963503649635036
9880,sports,936,936,1.0
1977,sports,262,262,1.0
8762,sports,701,699,0.9971469329529244
1252,sports,997,997,1.0
9886,sports,601,598,0.9950083194675541
369,sports,821,820,0.9987819732034104
8610,politics,1130,1129,0.9991150442477876
4324,sports,949,949,1.0
7082,sports,977,974,0.9969293756397134
10245,sports,543,542,0.998158379373849
10983,sports,798,795,0.9962406015037594
1564,sports,321,321,1.0
1560,sports,134,133,0.9925373134328358
6450,sports,590,588,0.9966101694915255
2762,politics,659,658,0.9984825493171472
5563,sports,972,971,0.9989711934156379
993,sports,566,563,0.9946996466431095
221,sports,1002,1002,1.0
10702,sports,994,992,0.9979879275653923
5946,sports,533,533,1.0
1843,politics,640,639,0.9984375
4455,politics,944,944,1.0
7527,sports,393,392,0.9974554707379135
4520,sports,740,730,0.9864864864864865
10220,sports,859,857,0.9976717112922002
8776,sports,644,644,1.0
2018,sports,794,791,0.9962216624685138
1558,business,686,682,0.9941690962099126
11104,sports,61,61,1.0
4427,sports,856,856,1.0
6437,sports,394,394,1.0
4504,sports,744,744,1.0
7032,sports,978,970,0.9918200408997955
6725,sports,693,691,0.9971139971139971
11020,business,645,645,1.0
2640,sports,953,953,1.0
11231,sports,917,916,0.9989094874591058
34,sports,92,92,1.0
10346,sports,426,421,0.9882629107981221
2785,politics,581,581,1.0
10431,sports,823,804,0.976913730255164
10998,politics,276,276,1.0
5406,sports,779,777,0.9974326059050064
9935,politics,644,643,0.9984472049689441
590,sports,311,311,1.0
10808,sports,783,783,1.0
517,sports,327,327,1.0
10691,sports,951,951,1.0
10079,sports,932,932,1.0
3599,sports,591,590,0.9983079526226735
10389,sports,672,672,1.0
4116,sports,811,811,1.0
5150,sports,680,679,0.9985294117647059
9015,sports,840,833,0.9916666666666667
3091,sports,804,804,1.0
9926,sports,725,725,1.0
6373,sports,299,298,0.9966555183946488
8037,sports,710,707,0.995774647887324
7327,sports,747,739,0.9892904953145917
6304,sports,659,659,1.0
8671,sports,325,325,1.0
92,sports,66,65,0.9848484848484849
1231,business,578,578,1.0
5198,sports,624,624,1.0
2560,sports,200,199,0.995
10374,sports,335,330,0.9850746268656716
6169,sports,987,984,0.9969604863221885
5108,sports,775,775,1.0
8155,politics,630,628,0.9968253968253968
3061,sports,135,135,1.0
4801,business,466,462,0.9914163090128756
3567,sports,739,739,1.0
6774,business,114,113,0.9912280701754386
2175,sports,163,163,1.0
608,sports,619,619,1.0
6134,sports,538,538,1.0
2713,politics,881,874,0.9920544835414302
11358,sports,764,761,0.9960732984293194
3731,sports,903,902,0.9988925802879292
9083,sports,754,753,0.9986737400530504
3365,politics,483,476,0.9855072463768116
2938,sports,736,736,1.0
5449,sports,915,915,1.0
1749,sports,437,437,1.0
3261,sports,891,890,0.9988776655443322
3603,sports,583,576,0.9879931389365352
7237,sports,547,547,1.0
5365,sports,739,739,1.0
11504,politics,1137,1134,0.9973614775725593
6675,business,307,307,1.0
11241,sports,386,384,0.9948186528497409
2827,sports,136,136,1.0
10385,sports,949,947,0.9978925184404637
1196,sports,178,178,1.0
2199,sports,435,434,0.9977011494252873
4335,sports,743,742,0.9986541049798116
717,sports,419,419,1.0
8025,politics,475,473,0.9957894736842106
11177,sports,383,380,0.9921671018276762
7500,sports,968,968,1.0
11122,business,617,616,0.9983792544570502
7331,business,655,654,0.9984732824427481
10366,business,665,665,1.0
1126,business,758,758,1.0
9899,sports,651,651,1.0
4163,sports,916,911,0.9945414847161572
0,sports,712,712,1.0
3838,sports,742,742,1.0
8884,sports,954,954,1.0
649,sports,516,516,1.0
1889,business,853,835,0.9788980070339977
631,sports,635,631,0.9937007874015747
3764,politics,693,693,1.0
7715,sports,571,569,0.9964973730297724
1061,sports,161,159,0.9875776397515528
7769,sports,872,870,0.9977064220183486
6108,sports,632,631,0.9984177215189873
8145,sports,929,927,0.9978471474703983
7020,sports,821,818,0.9963459196102314
9141,sports,255,253,0.9921568627450981
5328,sports,368,368,1.0
11201,sports,945,945,1.0
10657,politics,660,659,0.9984848484848485
5428,sports,590,585,0.9915254237288136
4276,politics,1097,1097,1.0
1786,sports,152,152,1.0
3284,sports,619,616,0.9951534733441034
389,sports,218,218,1.0
356,business,606,605,0.9983498349834984
9903,politics,630,630,1.0
1757,sports,685,685,1.0
10151,politics,621,621,1.0
5456,sports,888,879,0.9898648648648649
5718,sports,887,885,0.9977452085682075
938,sports,451,451,1.0
18,sports,518,518,1.0
9080,sports,598,596,0.9966555183946488
4465,sports,503,500,0.9940357852882704
8687,business,595,595,1.0
9665,sports,786,785,0.9987277353689568
6059,sports,509,509,1.0
508,sports,184,184,1.0
2356,business,584,579,0.9914383561643836
2507,sports,492,492,1.0
3794,sports,633,632,0.9984202211690363
598,sports,685,683,0.997080291970803
3283,sports,217,212,0.9769585253456221
8180,sports,519,518,0.9980732177263969
8785,politics,870,869,0.9988505747126437
3553,politics,741,740,0.9986504723346828
3892,sports,856,854,0.9976635514018691
3829,sports,745,741,0.9946308724832215
9215,sports,648,648,1.0
9679,sports,128,128,1.0
7369,sports,919,918,0.998911860718172
2671,business,737,735,0.9972862957937585
6185,sports,1117,1115,0.9982094897045658
3981,sports,537,537,1.0
4384,sports,739,739,1.0
554,sports,774,772,0.9974160206718347
1658,sports,113,111,0.9823008849557522
3086,politics,598,597,0.9983277591973244
4911,politics,413,413,1.0
770,sports,811,807,0.9950678175092479
10496,sports,621,621,1.0
10627,sports,645,644,0.9984496124031008
10635,sports,1117,1117,1.0
11027,sports,910,910,1.0
5260,business,662,661,0.9984894259818731
11331,sports,491,487,0.9918533604887984
7510,sports,936,935,0.9989316239316239
7209,sports,748,748,1.0
7592,politics,1073,1067,0.994408201304753
11021,business,381,381,1.0
8497,politics,1007,1006,0.9990069513406157
4970,politics,723,722,0.9986168741355463
9878,business,664,664,1.0
10880,sports,914,911,0.9967177242888403
2408,sports,148,148,1.0
11354,sports,1150,1148,0.9982608695652174
1444,sports,281,281,1.0
11145,sports,626,626,1.0
6213,sports,880,878,0.9977272727272727
7997,sports,839,835,0.9952324195470799
11094,business,659,659,1.0
7700,sports,267,267,1.0
4179,sports,498,498,1.0
3177,business,729,729,1.0
6462,sports,759,758,0.9986824769433466
889,sports,119,119,1.0
3117,sports,1414,1391,0.9837340876944838
2064,sports,480,479,0.9979166666666667
7115,business,471,470,0.9978768577494692
2177,sports,242,240,0.9917355371900827
3281,politics,653,650,0.9954058192955589
1573,sports,196,195,0.9948979591836735
4667,politics,526,523,0.9942965779467681
10010,business,278,278,1.0
2794,sports,753,752,0.99867197875166
2249,sports,89,89,1.0
6902,business,831,831,1.0
2140,business,626,624,0.9968051118210862
6382,sports,740,740,1.0
4668,sports,470,470,1.0
9657,politics,271,271,1.0
6814,sports,473,471,0.9957716701902748
102,sports,599,598,0.998330550918197
7662,sports,541,541,1.0
7255,politics,746,746,1.0
128,sports,120,120,1.0
4470,sports,384,382,0.9947916666666666
11284,sports,415,415,1.0
3038,sports,679,677,0.9970544918998527
4364,sports,475,475,1.0
6674,sports,906,906,1.0
1267,sports,927,926,0.9989212513484358
694,business,756,756,1.0
9030,sports,587,587,1.0
6687,sports,691,690,0.9985528219971056
11037,business,291,291,1.0
10012,sports,761,761,1.0
607,sports,246,245,0.9959349593495935
1563,sports,281,281,1.0
5078,politics,1012,1011,0.9990118577075099
3373,business,502,501,0.99800796812749
4839,sports,754,754,1.0
5475,politics,364,364,1.0
11091,sports,846,845,0.9988179669030733
1947,business,457,457,1.0
7556,sports,1119,1118,0.9991063449508489
2653,sports,693,691,0.9971139971139971
7296,politics,775,772,0.9961290322580645
5600,politics,971,971,1.0
9482,sports,586,575,0.9812286689419796
3919,sports,125,125,1.0
11032,sports,339,339,1.0
4498,business,840,840,1.0
8955,sports,673,663,0.9851411589895989
524,sports,658,658,1.0
7225,sports,857,849,0.9906651108518086
1666,sports,131,130,0.9923664122137404
10554,sports,647,647,1.0
8978,sports,799,798,0.9987484355444305
4295,sports,473,471,0.9957716701902748
7706,sports,643,643,1.0
11359,sports,1017,1017,1.0
10933,sports,708,708,1.0
1521,business,499,499,1.0
6232,sports,795,795,1.0
3208,sports,221,221,1.0
6117,sports,779,776,0.9961489088575096
1769,business,902,898,0.9955654101995566
7103,sports,135,135,1.0
9961,sports,871,866,0.9942594718714122
10213,sports,842,842,1.0
7420,sports,558,558,1.0
8135,sports,974,974,1.0
4642,sports,715,715,1.0
2724,sports,363,363,1.0
5060,politics,770,764,0.9922077922077922
8422,sports,476,470,0.9873949579831933
5151,sports,567,565,0.9964726631393298
9969,business,612,610,0.9967320261437909
10518,sports,612,610,0.9967320261437909
1601,sports,142,142,1.0
9557,politics,895,894,0.9988826815642458
8110,sports,661,661,1.0
6647,sports,1143,1141,0.9982502187226596
5219,sports,394,394,1.0
8428,sports,819,819,1.0
6106,sports,751,751,1.0
8270,sports,987,987,1.0
7320,sports,712,712,1.0
1122,sports,609,609,1.0
7922,sports,572,565,0.9877622377622378
9305,sports,269,269,1.0
4440,politics,174,173,0.9942528735632183
7120,sports,577,576,0.9982668977469671
9449,sports,756,756,1.0
10788,sports,779,773,0.9922978177150192
1760,sports,227,226,0.9955947136563876
10458,business,782,776,0.9923273657289002
9793,sports,695,695,1.0
3059,politics,714,712,0.9971988795518207
4913,sports,79,78,0.9873417721518988
5714,sports,239,239,1.0
578,sports,293,292,0.9965870307167235
7987,sports,837,835,0.997610513739546
6093,sports,789,788,0.9987325728770595
10316,sports,913,910,0.9967141292442497
7632,sports,425,425,1.0
3687,sports,718,718,1.0
7668,sports,534,532,0.9962546816479401
8964,politics,699,699,1.0
7241,sports,394,392,0.9949238578680203
9599,sports,788,788,1.0
1549,sports,181,181,1.0
7923,sports,603,603,1.0
661,sports,594,594,1.0
6526,business,691,691,1.0
3640,sports,750,749,0.9986666666666667
6976,business,751,746,0.9933422103861518
10947,sports,407,406,0.9975429975429976
9555,business,427,427,1.0
6977,sports,429,427,0.9953379953379954
936,sports,324,323,0.9969135802469136
6322,politics,451,451,1.0
5234,sports,563,561,0.9964476021314387
10869,sports,661,661,1.0
8918,sports,720,719,0.9986111111111111
2118,sports,196,196,1.0
9742,sports,596,595,0.9983221476510067
8106,sports,349,349,1.0
9723,sports,671,671,1.0
8910,sports,464,464,1.0
10472,sports,840,837,0.9964285714285714
10651,business,900,893,0.9922222222222222
9198,sports,339,338,0.9970501474926253
10172,politics,707,705,0.9971711456859972
9795,politics,754,753,0.9986737400530504
1692,sports,354,353,0.9971751412429378
4273,sports,938,938,1.0
351,sports,568,568,1.0
461,business,839,839,1.0
132,sports,578,577,0.9982698961937716
4397,sports,549,545,0.9927140255009107
6967,business,810,810,1.0
8874,politics,530,527,0.9943396226415094
808,sports,474,471,0.9936708860759493
5181,sports,754,751,0.9960212201591512
7415,politics,1180,1180,1.0
3937,sports,849,849,1.0
8401,sports,402,399,0.9925373134328358
7797,politics,791,780,0.9860935524652339
5325,politics,632,632,1.0
840,business,966,960,0.9937888198757764
9425,politics,505,505,1.0
5246,sports,757,756,0.9986789960369881
10547,sports,716,715,0.9986033519553073
4771,sports,491,490,0.9979633401221996
8622,politics,950,950,1.0
11424,sports,559,559,1.0
9837,sports,1023,1020,0.9970674486803519
5781,sports,725,724,0.9986206896551724
799,sports,523,523,1.0
6572,sports,511,510,0.9980430528375733
4779,sports,352,348,0.9886363636363636
4177,sports,822,821,0.9987834549878345
1932,business,760,760,1.0
906,business,1112,1112,1.0
7312,business,653,651,0.996937212863706
10957,sports,262,262,1.0
7729,sports,133,133,1.0
8167,sports,656,655,0.9984756097560976
4532,sports,868,865,0.9965437788018433
4511,politics,591,589,0.9966159052453468
6588,sports,146,145,0.9931506849315068
6114,sports,558,558,1.0
2201,sports,267,265,0.9925093632958801
8373,politics,673,673,1.0
444,sports,575,574,0.9982608695652174
5778,sports,162,162,1.0
6354,business,660,660,1.0
6546,sports,674,668,0.9910979228486647
3083,sports,749,739,0.986648865153538
6184,sports,1014,1011,0.9970414201183432
8258,sports,487,483,0.9917864476386037
4129,business,729,727,0.9972565157750343
6452,sports,574,571,0.9947735191637631
7561,sports,1023,1021,0.9980449657869013
1468,sports,363,363,1.0
4521,politics,1156,1155,0.9991349480968859
5645,sports,737,733,0.994572591587517
624,sports,230,230,1.0
1897,sports,686,686,1.0
4051,sports,443,439,0.9909706546275395
10628,politics,624,624,1.0
1280,sports,450,450,1.0
3733,sports,795,783,0.9849056603773585
3161,sports,694,693,0.9985590778097982
7951,sports,1012,992,0.9802371541501976
3327,sports,489,487,0.9959100204498977
7977,politics,903,902,0.9988925802879292
7322,sports,830,829,0.9987951807228915
2800,sports,588,587,0.9982993197278912
3439,sports,301,301,1.0
168,sports,234,233,0.9957264957264957
2073,sports,560,558,0.9964285714285714
1835,sports,471,465,0.9872611464968153
4695,politics,704,701,0.9957386363636364
10758,sports,468,468,1.0
2921,sports,377,376,0.9973474801061007
5468,sports,616,615,0.9983766233766234
10780,sports,728,728,1.0
5035,sports,112,112,1.0
104,sports,529,524,0.9905482041587902
3046,sports,900,899,0.9988888888888889
8375,sports,770,770,1.0
5768,sports,901,898,0.9966703662597114
10406,politics,466,466,1.0
1732,sports,118,116,0.9830508474576272
9177,sports,966,966,1.0
9395,sports,421,421,1.0
8826,sports,423,422,0.9976359338061466
3989,sports,634,633,0.998422712933754
2246,sports,762,762,1.0
8214,sports,794,792,0.9974811083123426
105,sports,223,222,0.9955156950672646
7211,sports,848,848,1.0
1287,sports,814,814,1.0
5980,sports,728,727,0.9986263736263736
6282,sports,654,652,0.9969418960244648
9804,sports,582,580,0.9965635738831615
9627,sports,659,659,1.0
8938,sports,486,484,0.9958847736625515
5876,sports,603,598,0.9917081260364843
2583,sports,713,713,1.0
8917,sports,766,765,0.9986945169712794
2344,sports,812,812,1.0
7251,sports,646,646,1.0
514,sports,133,133,1.0
8533,politics,643,643,1.0
5584,politics,629,629,1.0
9274,sports,800,800,1.0
2760,politics,741,730,0.9851551956815114
7934,sports,712,712,1.0
4161,sports,708,708,1.0
3869,sports,474,474,1.0
6578,sports,793,770,0.9709962168978562
2579,business,390,390,1.0
8148,sports,422,419,0.9928909952606635
7830,politics,827,823,0.9951632406287787
9288,sports,244,244,1.0
10648,sports,778,774,0.9948586118251928
3232,sports,539,538,0.9981447124304267
1227,sports,315,313,0.9936507936507937
2870,politics,281,281,1.0
5737,sports,128,128,1.0
880,sports,702,701,0.9985754985754985
6045,sports,356,354,0.9943820224719101
10773,politics,695,695,1.0
1529,business,907,878,0.9680264608599779
3441,politics,487,486,0.997946611909651
6941,politics,212,212,1.0
5109,politics,663,655,0.9879336349924586
9364,sports,881,881,1.0
2258,sports,395,392,0.9924050632911392
3473,politics,631,630,0.9984152139461173
5309,sports,543,543,1.0
6048,politics,689,687,0.9970972423802612
6549,politics,649,649,1.0
7202,politics,904,903,0.9988938053097345
3769,sports,861,861,1.0
10498,sports,815,812,0.996319018404908
8051,sports,698,693,0.9928366762177651
1969,sports,379,378,0.9973614775725593
5252,sports,953,951,0.9979013641133263
10665,sports,213,213,1.0
7183,sports,693,690,0.9956709956709957
8392,sports,707,707,1.0
1807,sports,874,869,0.994279176201373
1241,sports,494,494,1.0
3471,sports,695,695,1.0
9206,sports,739,739,1.0
887,sports,356,356,1.0
8657,sports,575,575,1.0
3732,sports,255,255,1.0
863,business,685,679,0.9912408759124087
8410,sports,385,385,1.0
5597,sports,501,501,1.0
7143,politics,303,303,1.0
1635,sports,406,406,1.0
6602,politics,333,333,1.0
302,sports,300,299,0.9966666666666667
5608,sports,852,852,1.0
463,sports,1145,1140,0.9956331877729258
8522,sports,433,433,1.0
5553,politics,807,804,0.9962825278810409
404,sports,105,105,1.0
9955,sports,390,384,0.9846153846153847
2102,politics,889,889,1.0
9185,politics,1000,1000,1.0
3498,sports,127,127,1.0
10583,sports,944,942,0.9978813559322034
78,sports,197,197,1.0
2060,sports,96,96,1.0
5562,sports,431,431,1.0
7818,sports,136,135,0.9926470588235294
5183,sports,661,659,0.9969742813918305
5606,politics,784,784,1.0
11421,sports,368,367,0.9972826086956522
5149,sports,118,118,1.0
7069,sports,518,515,0.9942084942084942
81,sports,606,606,1.0
8561,politics,724,722,0.9972375690607734
10394,sports,115,114,0.991304347826087
9263,politics,441,441,1.0
4376,politics,807,806,0.9987608426270136
9637,sports,296,294,0.9932432432432432
5041,sports,282,282,1.0
3925,sports,110,109,0.990909090909091
8343,sports,930,920,0.989247311827957
7364,politics,760,760,1.0
1450,business,959,954,0.9947862356621481
6568,sports,453,452,0.9977924944812362
9284,politics,437,437,1.0
7918,sports,666,666,1.0
3350,politics,690,690,1.0
3962,sports,558,552,0.989247311827957
4463,sports,753,752,0.99867197875166
6520,sports,820,820,1.0
2948,politics,730,726,0.9945205479452055
8316,sports,370,370,1.0
10661,sports,415,415,1.0
10501,business,559,558,0.998211091234347
1117,sports,992,992,1.0
769,politics,956,956,1.0
5848,sports,455,453,0.9956043956043956
3799,business,826,826,1.0
4848,sports,116,116,1.0
1058,sports,736,730,0.9918478260869565
9836,sports,942,942,1.0
6279,sports,771,771,1.0
1119,sports,344,344,1.0
8299,sports,767,766,0.9986962190352021
1264,sports,650,649,0.9984615384615385
8949,sports,774,771,0.9961240310077519
1341,politics,707,707,1.0
3288,sports,607,606,0.9983525535420099
9044,politics,1010,1010,1.0
5897,sports,159,159,1.0
4202,sports,1036,1034,0.9980694980694981
9204,sports,366,366,1.0
663,sports,844,840,0.995260663507109
4389,sports,866,866,1.0
3930,business,839,838,0.99880810488677
8177,sports,699,699,1.0
8174,sports,555,551,0.9927927927927928
10022,sports,276,276,1.0
3347,sports,1055,1052,0.9971563981042654
4688,business,272,271,0.9963235294117647
4883,politics,694,694,1.0
4457,sports,537,531,0.9888268156424581
11011,sports,298,297,0.9966442953020134
6742,sports,137,137,1.0
3812,sports,752,752,1.0
7424,sports,355,355,1.0
10994,sports,227,226,0.9955947136563876
9157,sports,1042,1042,1.0
9000,politics,1009,1009,1.0
1741,sports,294,293,0.9965986394557823
7273,sports,847,844,0.9964580873671782
10798,sports,807,802,0.9938042131350682
7116,sports,295,293,0.9932203389830508
7449,sports,557,557,1.0
6458,sports,814,814,1.0
6226,sports,714,714,1.0
11345,sports,692,692,1.0
6092,business,367,366,0.997275204359673
8614,business,640,638,0.996875
1068,sports,807,807,1.0
8769,sports,609,609,1.0
10145,sports,774,771,0.9961240310077519
1162,sports,194,193,0.9948453608247423
9775,sports,826,825,0.9987893462469734
5276,politics,649,648,0.9984591679506933
9314,sports,888,887,0.9988738738738738
1161,sports,484,484,1.0
3238,sports,757,754,0.9960369881109643
4067,business,625,624,0.9984
10036,sports,492,489,0.9939024390243902
2835,business,458,458,1.0
3830,sports,977,977,1.0
7504,sports,345,343,0.9942028985507246
4847,business,579,579,1.0
9818,sports,782,781,0.9987212276214834
6978,sports,726,726,1.0
4849,business,298,298,1.0
1555,sports,597,595,0.9966499162479062
4180,sports,483,482,0.9979296066252588
6065,business,199,198,0.9949748743718593
9794,sports,802,801,0.9987531172069826
5676,sports,1008,1007,0.9990079365079365
1274,sports,311,311,1.0
7244,politics,675,674,0.9985185185185185
7649,sports,615,615,1.0
10681,sports,1022,1021,0.9990215264187867
4442,sports,800,798,0.9975
5159,sports,894,894,1.0
4882,sports,939,939,1.0
8358,sports,442,441,0.997737556561086
2814,sports,779,776,0.9961489088575096
10232,politics,748,747,0.9986631016042781
6973,politics,719,716,0.9958275382475661
10920,sports,274,267,0.9744525547445255
4791,sports,886,885,0.9988713318284425
1705,sports,733,727,0.9918144611186903
6715,sports,543,543,1.0
4938,sports,594,591,0.9949494949494949
11290,sports,860,858,0.9976744186046511
3706,politics,868,868,1.0
424,sports,917,912,0.9945474372955289
9238,sports,910,909,0.9989010989010989
6403,business,845,845,1.0
6510,sports,931,931,1.0
7071,sports,817,816,0.9987760097919217
1900,sports,615,615,1.0
8821,sports,637,636,0.9984301412872841
4644,sports,688,688,1.0
1150,sports,418,418,1.0
9448,sports,429,429,1.0
836,sports,594,594,1.0
847,sports,115,115,1.0
6500,sports,838,836,0.9976133651551312
9462,sports,851,851,1.0
4044,sports,1213,1213,1.0
10170,sports,576,575,0.9982638888888888
6197,sports,767,765,0.9973924380704041
263,sports,989,988,0.9989888776541962
3826,sports,1052,1050,0.9980988593155894
9376,sports,816,815,0.9987745098039216
2451,sports,227,224,0.986784140969163
5850,sports,571,571,1.0
3218,sports,890,890,1.0
716,sports,438,438,1.0
5524,politics,1237,1237,1.0
2990,politics,770,768,0.9974025974025974
11232,sports,537,536,0.9981378026070763
4932,business,416,416,1.0
4930,sports,1003,1001,0.9980059820538385
11162,sports,717,717,1.0
10378,sports,864,860,0.9953703703703703
10572,politics,447,447,1.0
3204,sports,657,655,0.9969558599695586
2768,sports,952,947,0.9947478991596639
1838,sports,1019,1016,0.9970559371933267
7037,politics,618,618,1.0
6082,sports,813,810,0.996309963099631
8445,sports,677,676,0.9985228951255539
10592,sports,402,402,1.0
9566,business,809,809,1.0
8411,sports,783,778,0.9936143039591315
8605,sports,850,850,1.0
4423,business,645,641,0.993798449612403
559,sports,389,384,0.987146529562982
11336,sports,535,533,0.9962616822429906
10408,sports,560,554,0.9892857142857143
9218,sports,655,654,0.9984732824427481
9561,sports,217,216,0.9953917050691244
10031,sports,408,406,0.9950980392156863
11007,business,658,652,0.9908814589665653
5259,business,826,826,1.0
2089,sports,220,220,1.0
9694,sports,142,142,1.0
3908,sports,912,911,0.9989035087719298
3092,sports,818,818,1.0
4876,sports,347,347,1.0
365,sports,711,710,0.9985935302390999
1784,sports,190,190,1.0
10929,business,662,657,0.9924471299093656
2950,business,411,410,0.9975669099756691
3244,sports,389,387,0.9948586118251928
2840,sports,106,106,1.0
3342,sports,927,926,0.9989212513484358
3452,sports,138,132,0.9565217391304348
3454,sports,642,640,0.9968847352024922
920,sports,188,188,1.0
8504,sports,134,133,0.9925373134328358
6707,politics,705,705,1.0
3609,sports,787,787,1.0
11431,sports,340,340,1.0
9359,sports,842,841,0.998812351543943
4768,politics,745,745,1.0
7219,sports,105,104,0.9904761904761905
159,sports,551,545,0.9891107078039928
10470,politics,667,665,0.9970014992503748
6822,sports,765,764,0.9986928104575163
1353,sports,976,974,0.9979508196721312
10096,sports,133,133,1.0
1663,sports,527,527,1.0
5522,sports,683,678,0.9926793557833089
8732,sports,681,673,0.9882525697503671
9868,politics,1000,998,0.998
9829,sports,649,649,1.0
3629,sports,352,352,1.0
4237,business,706,706,1.0
8788,politics,1002,1001,0.999001996007984
6884,politics,671,669,0.9970193740685543
3791,business,873,872,0.9988545246277205
505,sports,914,913,0.9989059080962801
10426,sports,707,705,0.9971711456859972
3065,politics,674,673,0.9985163204747775
1552,sports,220,218,0.990909090909091
849,sports,820,819,0.998780487804878
10177,sports,771,771,1.0
4264,sports,539,535,0.9925788497217068
3540,sports,896,896,1.0
3005,sports,411,411,1.0
2223,sports,752,747,0.9933510638297872
1725,sports,489,489,1.0
5973,sports,807,803,0.9950433705080545
5191,sports,299,299,1.0
6905,business,551,550,0.9981851179673321
3060,sports,939,939,1.0
9691,politics,745,743,0.9973154362416108
8186,sports,667,667,1.0
2396,sports,157,157,1.0
9040,politics,984,984,1.0
4332,politics,610,609,0.9983606557377049
43,sports,192,192,1.0
4073,sports,758,758,1.0
1055,sports,588,587,0.9982993197278912
1753,sports,114,114,1.0
7879,sports,1194,1192,0.998324958123953
9362,sports,752,750,0.9973404255319149
38,sports,514,513,0.9980544747081712
959,sports,603,603,1.0
5341,sports,729,728,0.9986282578875172
1045,sports,1230,1230,1.0
23,sports,152,152,1.0
10143,politics,936,936,1.0
7985,business,878,877,0.9988610478359908
3248,sports,896,896,1.0
9120,sports,625,622,0.9952
2159,sports,534,531,0.9943820224719101
2006,sports,628,624,0.9936305732484076
1121,sports,1064,1064,1.0
7952,sports,593,593,1.0
11357,sports,810,810,1.0
7432,sports,443,443,1.0
376,sports,767,767,1.0
125,sports,311,309,0.9935691318327974
8894,sports,781,779,0.9974391805377721
9611,sports,868,865,0.9965437788018433
2519,sports,101,100,0.9900990099009901
5133,sports,370,367,0.9918918918918919
243,sports,1057,1056,0.9990539262062441
4366,sports,818,818,1.0
2779,politics,401,398,0.9925187032418953
3375,politics,768,767,0.9986979166666666
7476,sports,1097,1096,0.9990884229717412
6650,sports,676,675,0.9985207100591716
2953,business,493,493,1.0
7812,sports,683,680,0.9956076134699854
2715,sports,771,769,0.9974059662775616
6417,sports,633,627,0.990521327014218
8298,sports,980,980,1.0
3276,politics,835,833,0.9976047904191617
2310,sports,129,129,1.0
6375,sports,255,252,0.9882352941176471
7130,sports,694,693,0.9985590778097982
10090,business,566,565,0.9982332155477032
1127,sports,749,748,0.9986648865153538
9052,sports,763,763,1.0
2535,sports,811,811,1.0
10742,sports,915,914,0.9989071038251366
1631,sports,1060,1055,0.9952830188679245
3488,sports,398,398,1.0
10981,sports,698,698,1.0
10452,sports,443,442,0.9977426636568849
2204,sports,215,214,0.9953488372093023
10750,sports,793,793,1.0
9079,sports,299,299,1.0
10838,sports,544,542,0.9963235294117647
5866,politics,720,720,1.0
10087,sports,926,926,1.0
5694,sports,869,863,0.9930955120828538
10770,sports,1005,1004,0.9990049751243781
8823,business,872,869,0.9965596330275229
2540,sports,718,717,0.9986072423398329
11268,sports,903,903,1.0
1508,sports,181,180,0.994475138121547
9588,sports,674,672,0.9970326409495549
3239,sports,583,580,0.9948542024013722
3691,sports,725,725,1.0
7940,sports,764,764,1.0
628,sports,230,229,0.9956521739130435
5915,sports,903,903,1.0
9616,sports,822,821,0.9987834549878345
3338,politics,203,203,1.0
7145,sports,707,707,1.0
6413,business,357,356,0.9971988795518207
2119,business,541,533,0.9852125693160814
5251,sports,465,464,0.9978494623655914
11434,sports,210,210,1.0
7060,sports,725,725,1.0
414,sports,847,846,0.9988193624557261
1503,sports,325,323,0.9938461538461538
11098,business,728,726,0.9972527472527473
9586,sports,689,689,1.0
4267,sports,985,984,0.9989847715736041
11505,sports,185,185,1.0
11338,sports,506,504,0.9960474308300395
6989,sports,772,772,1.0
5878,sports,226,226,1.0
11316,sports,187,187,1.0
2381,sports,650,648,0.9969230769230769
8240,sports,718,718,1.0
2504,sports,671,659,0.9821162444113264
4756,sports,1499,1488,0.9926617745163442
572,sports,530,527,0.9943396226415094
7703,sports,712,712,1.0
4793,sports,772,772,1.0
6331,sports,816,811,0.9938725490196079
5983,politics,948,948,1.0
8503,sports,143,141,0.986013986013986
6202,sports,866,864,0.9976905311778291
9272,sports,874,873,0.9988558352402745
5485,sports,891,890,0.9988776655443322
3972,sports,1050,1049,0.9990476190476191
9728,sports,818,818,1.0
2672,business,563,563,1.0
2956,business,292,292,1.0
8921,sports,631,631,1.0
10157,sports,780,780,1.0
2278,business,516,515,0.998062015503876
2974,sports,143,142,0.993006993006993
4713,sports,135,135,1.0
2076,sports,194,192,0.9896907216494846
724,sports,513,513,1.0
5071,sports,950,947,0.9968421052631579
2877,politics,774,769,0.9935400516795866
6596,business,469,468,0.997867803837953
276,business,616,615,0.9983766233766234
9922,business,692,691,0.9985549132947977
8814,sports,883,875,0.9909399773499433
7036,sports,550,550,1.0
7739,sports,764,764,1.0
5559,sports,423,423,1.0
4624,sports,857,856,0.9988331388564761
11263,sports,292,291,0.9965753424657534
7301,sports,907,907,1.0
4050,sports,721,720,0.9986130374479889
7194,business,389,388,0.9974293059125964
7051,sports,290,290,1.0
5415,business,844,840,0.995260663507109
1036,sports,233,232,0.9957081545064378
2130,sports,118,118,1.0
2585,sports,684,683,0.9985380116959064
7677,sports,591,591,1.0
11353,sports,636,636,1.0
6200,business,736,736,1.0
7530,sports,437,436,0.9977116704805492
7282,sports,560,559,0.9982142857142857
1973,sports,740,738,0.9972972972972973
9573,sports,217,216,0.9953917050691244
9677,sports,475,475,1.0
4612,sports,535,535,1.0
9900,sports,506,501,0.9901185770750988
377,business,552,548,0.9927536231884058
5919,business,304,304,1.0
1572,sports,960,959,0.9989583333333333
8684,politics,697,696,0.9985652797704447
6374,business,160,159,0.99375
353,sports,702,702,1.0
9995,sports,969,968,0.9989680082559339
7021,sports,135,135,1.0
1980,business,820,819,0.998780487804878
10974,sports,886,878,0.9909706546275395
3366,sports,793,793,1.0
9208,politics,771,771,1.0
2654,sports,719,711,0.9888734353268428
9046,sports,641,637,0.9937597503900156
3114,business,729,719,0.9862825788751715
10413,sports,486,484,0.9958847736625515
1215,sports,801,798,0.9962546816479401
7495,sports,176,176,1.0
1653,sports,652,647,0.9923312883435583
3635,business,614,614,1.0
8153,sports,867,867,1.0
929,sports,918,917,0.9989106753812637
10067,sports,583,583,1.0
3931,politics,625,625,1.0
2919,politics,846,846,1.0
5314,sports,665,664,0.9984962406015038
5565,politics,712,712,1.0
2987,politics,628,621,0.9888535031847133
10370,politics,657,653,0.9939117199391172
8984,sports,863,863,1.0
6654,politics,542,541,0.9981549815498155
1379,sports,562,562,1.0
10397,business,1137,1137,1.0
4362,sports,539,539,1.0
1382,sports,665,665,1.0
5952,sports,875,873,0.9977142857142857
3840,sports,563,563,1.0
3364,politics,1139,1133,0.9947322212467077
1568,sports,733,733,1.0
10252,sports,722,711,0.9847645429362881
15,sports,197,196,0.9949238578680203
4458,sports,844,844,1.0
6353,politics,665,665,1.0
2864,sports,746,745,0.9986595174262735
5898,sports,662,662,1.0
273,sports,86,86,1.0
5556,politics,635,634,0.9984251968503937
3760,politics,624,622,0.9967948717948718
5747,sports,480,480,1.0
1480,sports,269,269,1.0
7108,politics,733,733,1.0
3634,business,491,485,0.9877800407331976
6505,business,701,700,0.9985734664764622
7611,sports,650,650,1.0
3138,sports,129,129,1.0
8391,sports,770,770,1.0
3841,sports,880,880,1.0
371,business,616,614,0.9967532467532467
3195,politics,1012,1012,1.0
5567,business,927,927,1.0
1113,sports,1296,1294,0.9984567901234568
4537,sports,818,818,1.0
7053,sports,528,525,0.9943181818181818
630,business,691,689,0.9971056439942113
5626,sports,794,790,0.9949622166246851
9602,sports,614,614,1.0
7436,business,602,601,0.9983388704318937
7580,sports,660,659,0.9984848484848485
8117,sports,943,942,0.9989395546129375
6107,sports,830,826,0.9951807228915662
10193,sports,871,870,0.9988518943742825
9833,sports,105,105,1.0
3442,politics,656,656,1.0
4800,sports,918,916,0.9978213507625272
4809,sports,466,466,1.0
3275,sports,831,831,1.0
6286,politics,1263,1257,0.995249406175772
51,sports,399,394,0.9874686716791979
7953,sports,555,555,1.0
2457,sports,704,704,1.0
7054,sports,685,684,0.9985401459854014
7708,sports,807,805,0.9975216852540273
5951,business,523,520,0.994263862332696
9193,sports,953,951,0.9979013641133263
9785,sports,868,865,0.9965437788018433
5011,politics,794,794,1.0
741,sports,684,681,0.9956140350877193
4233,politics,401,401,1.0
8881,sports,644,643,0.9984472049689441
8126,sports,617,617,1.0
4411,sports,220,220,1.0
5959,sports,645,645,1.0
2027,sports,438,437,0.997716894977169
9854,sports,681,677,0.9941262848751835
3784,business,725,719,0.9917241379310345
5578,sports,840,839,0.9988095238095238
2628,sports,441,441,1.0
2581,business,916,914,0.9978165938864629
4350,sports,335,335,1.0
635,sports,322,320,0.9937888198757764
9034,sports,358,357,0.9972067039106145
10990,sports,492,488,0.991869918699187
2252,sports,725,723,0.9972413793103448
6824,sports,624,624,1.0
8182,sports,822,821,0.9987834549878345
2642,sports,542,541,0.9981549815498155
8517,sports,319,315,0.987460815047022
5574,sports,933,933,1.0
7949,sports,883,881,0.9977349943374858
11355,business,574,573,0.9982578397212544
437,sports,91,91,1.0
5006,sports,897,896,0.9988851727982163
8812,sports,534,533,0.99812734082397
7441,sports,397,395,0.9949622166246851
5002,sports,838,835,0.9964200477326969
6222,sports,146,145,0.9931506849315068
11384,sports,495,491,0.9919191919191919
3085,sports,545,543,0.9963302752293578
10794,sports,615,615,1.0
6281,sports,864,851,0.9849537037037037
11216,sports,457,456,0.9978118161925602
5582,sports,745,739,0.9919463087248322
5624,sports,602,602,1.0
5751,sports,309,304,0.9838187702265372
10493,business,570,570,1.0
1798,sports,282,280,0.9929078014184397
5010,sports,569,566,0.9947275922671354
6367,sports,421,421,1.0
9964,politics,572,572,1.0
8691,sports,999,998,0.998998998998999
10712,sports,678,678,1.0
1752,sports,640,635,0.9921875
1177,sports,987,978,0.9908814589665653
10142,sports,812,811,0.9987684729064039
4151,sports,689,689,1.0
7040,sports,857,852,0.9941656942823804
3926,sports,427,427,1.0
335,sports,824,824,1.0
4928,sports,189,187,0.9894179894179894
9399,sports,913,912,0.9989047097480832
2498,sports,1700,1700,1.0
11393,sports,464,463,0.9978448275862069
4518,sports,150,148,0.9866666666666667
2749,sports,545,544,0.998165137614679
3497,sports,521,521,1.0
3999,politics,654,652,0.9969418960244648
6212,sports,732,731,0.9986338797814208
10167,sports,840,840,1.0
9268,sports,531,530,0.9981167608286252
9098,politics,970,970,1.0
322,sports,971,971,1.0
5272,business,844,844,1.0
10088,politics,781,777,0.9948783610755442
7220,sports,762,762,1.0
1211,sports,642,642,1.0
8832,politics,804,802,0.9975124378109452
11513,sports,553,553,1.0
8948,sports,826,826,1.0
8668,politics,796,796,1.0
5909,sports,650,650,1.0
8179,sports,201,201,1.0
5939,politics,715,709,0.9916083916083916
6666,business,970,969,0.9989690721649485
7285,sports,794,789,0.9937027707808564
10130,sports,641,641,1.0
3231,sports,620,620,1.0
7334,politics,822,822,1.0
9375,politics,867,866,0.9988465974625144
9920,sports,871,871,1.0
3019,sports,755,755,1.0
6315,politics,756,755,0.9986772486772487
3880,politics,665,665,1.0
4334,sports,721,717,0.9944521497919556
1863,sports,653,646,0.9892802450229708
4948,sports,677,675,0.9970457902511078
2488,sports,578,577,0.9982698961937716
7938,sports,777,770,0.990990990990991
1617,sports,110,110,1.0
5654,politics,621,621,1.0
8134,sports,738,738,1.0
1396,sports,742,742,1.0
9814,sports,728,727,0.9986263736263736
1434,sports,724,722,0.9972375690607734
5451,politics,894,892,0.9977628635346756
2380,sports,299,299,1.0
5713,sports,564,563,0.99822695035461
6056,business,1163,1156,0.9939810834049871
2062,business,879,879,1.0
10797,politics,833,831,0.9975990396158463
10093,politics,1033,1032,0.9990319457889641
2767,politics,681,680,0.9985315712187959
2550,sports,387,387,1.0
5711,sports,648,646,0.9969135802469136
10731,sports,287,287,1.0
736,sports,878,877,0.9988610478359908
8088,business,719,718,0.9986091794158554
9946,sports,613,613,1.0
4446,sports,881,881,1.0
5767,sports,883,882,0.9988674971687429
2593,sports,286,286,1.0
9387,politics,731,729,0.9972640218878249
10407,sports,837,837,1.0
6142,politics,697,697,1.0
8005,sports,822,822,1.0
1665,sports,244,244,1.0
10919,sports,248,247,0.9959677419354839
498,business,806,805,0.9987593052109182
196,sports,109,109,1.0
1435,sports,829,829,1.0
8590,sports,909,909,1.0
4243,politics,78,76,0.9743589743589743
4856,sports,130,130,1.0
7295,sports,783,783,1.0
1247,sports,325,325,1.0
10767,sports,752,751,0.9986702127659575
6746,politics,861,859,0.9976771196283392
11486,sports,789,789,1.0
3118,sports,668,667,0.9985029940119761
5156,sports,589,583,0.9898132427843803
6972,politics,637,637,1.0
3145,sports,718,711,0.9902506963788301
6833,sports,646,643,0.9953560371517027
9209,politics,909,909,1.0
5888,sports,582,575,0.9879725085910653
5455,sports,436,436,1.0
5921,sports,701,700,0.9985734664764622
6830,politics,679,676,0.9955817378497791
1402,sports,545,544,0.998165137614679
9377,sports,482,482,1.0
7247,sports,1053,1052,0.9990503323836657
8673,sports,759,759,1.0
11247,sports,343,343,1.0
7458,politics,623,623,1.0
6767,sports,883,879,0.9954699886749717
7433,sports,613,608,0.9918433931484503
10146,politics,690,688,0.9971014492753624
3899,politics,268,263,0.9813432835820896
9463,sports,529,525,0.9924385633270322
2686,sports,659,659,1.0
9332,sports,808,803,0.9938118811881188
11441,sports,129,129,1.0
4079,sports,289,289,1.0
5258,sports,1024,1024,1.0
7836,sports,845,845,1.0
6889,business,818,817,0.9987775061124694
9307,sports,119,119,1.0
6728,politics,658,658,1.0
8681,sports,576,575,0.9982638888888888
5885,sports,877,877,1.0
6540,sports,712,712,1.0
3110,sports,861,857,0.9953542392566783
6538,sports,916,906,0.9890829694323144
7792,sports,176,175,0.9943181818181818
5967,sports,794,794,1.0
8056,sports,480,478,0.9958333333333333
6507,sports,498,498,1.0
2962,politics,364,358,0.9835164835164835
10633,politics,931,931,1.0
10276,sports,811,811,1.0
3221,sports,102,102,1.0
8122,business,767,767,1.0
2566,business,403,403,1.0
873,sports,904,904,1.0
11445,sports,688,688,1.0
7972,sports,780,780,1.0
7577,sports,883,882,0.9988674971687429
2104,business,899,899,1.0
9701,politics,1111,1111,1.0
6276,politics,605,603,0.996694214876033
1432,sports,750,750,1.0
269,sports,321,312,0.9719626168224299
8745,sports,304,304,1.0
407,sports,230,229,0.9956521739130435
3062,politics,724,724,1.0
10376,sports,730,730,1.0
7407,sports,845,843,0.9976331360946745
5467,sports,669,668,0.9985052316890882
5968,sports,541,540,0.9981515711645101
6350,sports,844,844,1.0
8061,sports,97,97,1.0
3405,sports,500,497,0.994
6033,sports,827,827,1.0
9802,sports,82,79,0.9634146341463414
1063,sports,119,119,1.0
6913,sports,858,856,0.9976689976689976
5816,sports,1032,1016,0.9844961240310077
2558,business,889,888,0.9988751406074241
11168,sports,336,336,1.0
6161,sports,128,128,1.0
2151,sports,809,807,0.9975278121137207
623,sports,126,126,1.0
3837,business,786,786,1.0
8529,sports,115,112,0.9739130434782609
2191,business,448,448,1.0
2035,business,820,818,0.9975609756097561
2769,politics,728,728,1.0
8609,sports,126,126,1.0
7898,sports,314,313,0.9968152866242038
9773,politics,636,634,0.9968553459119497
2003,sports,155,155,1.0
6533,sports,127,127,1.0
10674,sports,600,599,0.9983333333333333
8402,politics,763,763,1.0
4794,sports,460,459,0.9978260869565218
10697,sports,843,843,1.0
8531,politics,442,442,1.0
11322,sports,562,555,0.9875444839857651
5700,sports,651,649,0.9969278033794163
2683,sports,678,676,0.9970501474926253
881,sports,189,189,1.0
9596,sports,889,888,0.9988751406074241
7350,sports,876,874,0.997716894977169
2088,sports,119,119,1.0
868,business,2537,2535,0.9992116673236106
9110,sports,414,414,1.0
6070,sports,640,640,1.0
4279,sports,808,807,0.9987623762376238
9860,sports,485,484,0.9979381443298969
3149,sports,138,136,0.9855072463768116
7227,sports,480,480,1.0
9623,politics,587,587,1.0
3333,sports,509,509,1.0
2541,sports,334,330,0.9880239520958084
1621,business,898,890,0.9910913140311804
7182,sports,118,118,1.0
4673,sports,509,504,0.9901768172888016
11376,sports,960,955,0.9947916666666666
3871,sports,982,981,0.9989816700610998
10775,sports,698,696,0.997134670487106
4854,sports,578,576,0.9965397923875432
5750,sports,758,758,1.0
11194,sports,491,490,0.9979633401221996
622,sports,520,520,1.0
1696,sports,294,291,0.9897959183673469
5163,politics,807,807,1.0
7086,sports,910,909,0.9989010989010989
8799,sports,748,747,0.9986631016042781
9801,business,667,667,1.0
8429,business,813,813,1.0
9309,sports,312,312,1.0
2462,sports,700,700,1.0
7306,sports,381,380,0.9973753280839895
2590,business,777,774,0.9961389961389961
3718,politics,1204,1200,0.9966777408637874
803,sports,186,185,0.9946236559139785
6170,sports,478,471,0.9853556485355649
2755,sports,457,455,0.9956236323851203
4370,sports,894,894,1.0
7265,sports,731,731,1.0
7212,politics,740,740,1.0
2391,sports,126,126,1.0
5664,sports,382,382,1.0
4452,sports,765,765,1.0
7274,sports,803,803,1.0
8430,business,826,826,1.0
7342,sports,835,835,1.0
7968,business,556,556,1.0
6627,sports,830,822,0.9903614457831326
5284,sports,501,496,0.9900199600798403
9716,politics,371,371,1.0
1172,business,934,932,0.9978586723768736
8077,sports,904,902,0.9977876106194691
8564,business,563,563,1.0
10558,sports,585,585,1.0
10825,sports,803,801,0.9975093399750934
8193,sports,836,836,1.0
1678,sports,423,422,0.9976359338061466
6810,sports,804,803,0.9987562189054726
10053,sports,502,502,1.0
6443,sports,583,582,0.9982847341337907
822,sports,710,710,1.0
7068,sports,114,114,1.0
3137,sports,367,363,0.989100817438692
9105,sports,490,490,1.0
6000,business,482,481,0.9979253112033195
10159,sports,683,682,0.9985358711566618
492,sports,1021,1020,0.9990205680705191
10243,sports,519,518,0.9980732177263969
9908,sports,723,723,1.0
4025,sports,660,660,1.0
6347,sports,218,215,0.9862385321100917
4976,sports,608,599,0.9851973684210527
2719,sports,923,923,1.0
8937,business,366,365,0.9972677595628415
8919,sports,941,940,0.9989373007438895
7539,sports,791,790,0.9987357774968394
4045,sports,485,485,1.0
10392,sports,487,484,0.9938398357289527
1910,politics,718,715,0.9958217270194986
10553,sports,704,704,1.0
4068,politics,645,643,0.9968992248062015
8870,sports,598,596,0.9966555183946488
8171,sports,856,855,0.9988317757009346
9983,politics,987,987,1.0
412,sports,718,715,0.9958217270194986
7842,sports,665,663,0.9969924812030075
3293,sports,840,837,0.9964285714285714
5865,sports,910,909,0.9989010989010989
5115,business,666,660,0.990990990990991
6446,sports,1675,1673,0.9988059701492538
7344,sports,136,135,0.9926470588235294
9051,politics,831,827,0.9951865222623345
3012,sports,959,959,1.0
2419,sports,110,108,0.9818181818181818
7059,sports,539,539,1.0
1442,sports,504,502,0.996031746031746
9,sports,955,955,1.0
3911,politics,202,202,1.0
8175,sports,792,792,1.0
1155,sports,481,481,1.0
10626,sports,121,121,1.0
7397,sports,540,540,1.0
7654,politics,587,585,0.9965928449744463
10007,sports,758,758,1.0
5349,politics,555,550,0.990990990990991
5295,sports,951,950,0.9989484752891693
4286,sports,444,444,1.0
8341,sports,321,321,1.0
7316,politics,1199,1196,0.9974979149291076
7503,sports,90,90,1.0
8827,sports,520,512,0.9846153846153847
2480,sports,170,170,1.0
4826,sports,778,773,0.993573264781491
4690,sports,766,763,0.9960835509138382
9320,sports,704,703,0.9985795454545454
145,sports,815,815,1.0
8490,sports,885,884,0.9988700564971752
8554,sports,811,811,1.0
10477,sports,1095,1093,0.9981735159817352
4356,business,610,610,1.0
7418,sports,858,858,1.0
10944,sports,705,702,0.9957446808510638
3582,business,373,373,1.0
4640,sports,631,631,1.0
11087,business,333,332,0.996996996996997
1461,sports,141,141,1.0
10984,politics,1162,1162,1.0
4037,politics,835,834,0.9988023952095808
1868,sports,430,429,0.9976744186046511
7079,politics,675,675,1.0
7892,sports,529,528,0.998109640831758
10184,sports,595,594,0.9983193277310924
851,sports,887,887,1.0
11063,business,837,831,0.992831541218638
7693,politics,1091,1091,1.0
896,sports,1459,1458,0.9993145990404386
10534,sports,102,102,1.0
10437,sports,143,143,1.0
10632,politics,747,745,0.9973226238286479
8033,sports,658,654,0.993920972644377
11334,sports,521,520,0.9980806142034548
6026,business,311,311,1.0
3464,sports,1050,1050,1.0
609,sports,75,75,1.0
3493,politics,387,386,0.9974160206718347
7848,politics,1065,1064,0.9990610328638497
5710,politics,649,647,0.9969183359013868
8342,sports,599,599,1.0
2534,sports,719,709,0.9860917941585535
10784,sports,650,647,0.9953846153846154
11214,sports,404,399,0.9876237623762376
6655,business,774,769,0.9935400516795866
2888,sports,1349,1348,0.9992587101556709
2554,sports,141,141,1.0
5128,sports,819,814,0.9938949938949939
297,business,739,738,0.9986468200270636
6192,politics,701,701,1.0
1815,sports,698,697,0.998567335243553
8624,sports,607,606,0.9983525535420099
4285,politics,651,650,0.9984639016897081
6130,sports,925,925,1.0
2406,sports,352,351,0.9971590909090909
1578,sports,171,171,1.0
4572,sports,775,775,1.0
7617,business,669,667,0.9970104633781763
6513,sports,768,768,1.0
9035,sports,1097,1095,0.9981768459434822
5620,sports,927,921,0.9935275080906149
9353,sports,691,689,0.9971056439942113
6089,sports,123,123,1.0
3631,sports,267,264,0.9887640449438202
1408,sports,707,707,1.0
9934,sports,572,572,1.0
2068,sports,737,737,1.0
8965,sports,740,739,0.9986486486486487
10306,sports,884,880,0.995475113122172
1612,sports,495,488,0.9858585858585859
1954,sports,823,823,1.0
7289,sports,134,134,1.0
1873,sports,332,332,1.0
122,sports,376,376,1.0
10693,sports,493,493,1.0
8606,politics,481,481,1.0
9203,sports,825,823,0.9975757575757576
9674,sports,628,628,1.0
8363,sports,547,547,1.0
3237,sports,884,879,0.994343891402715
6253,sports,588,587,0.9982993197278912
4246,sports,594,590,0.9932659932659933
2553,sports,903,900,0.9966777408637874
8775,sports,922,918,0.9956616052060737
7348,sports,505,500,0.9900990099009901
4607,sports,338,338,1.0
576,sports,685,680,0.9927007299270073
3887,business,603,603,1.0
9526,sports,334,332,0.9940119760479041
7743,sports,668,652,0.9760479041916168
3243,sports,555,554,0.9981981981981982
5482,politics,656,654,0.9969512195121951
10324,politics,723,722,0.9986168741355463
5806,sports,787,785,0.9974587039390089
5171,sports,835,832,0.9964071856287425
6645,business,781,780,0.998719590268886
6371,sports,882,882,1.0
9993,sports,910,908,0.9978021978021978
2812,sports,657,657,1.0
7160,sports,333,331,0.993993993993994
9651,sports,769,765,0.9947984395318595
5457,sports,427,426,0.9976580796252927
5836,sports,700,699,0.9985714285714286
6626,sports,704,704,1.0
11192,sports,147,147,1.0
2152,sports,926,921,0.9946004319654428
1297,sports,795,794,0.9987421383647799
11006,business,631,631,1.0
2033,sports,310,309,0.9967741935483871
7910,sports,94,94,1.0
10737,sports,479,477,0.9958246346555324
7610,sports,791,790,0.9987357774968394
2050,politics,644,644,1.0
10037,business,1141,1132,0.9921121822962313
5926,politics,891,889,0.9977553310886644
5782,sports,387,387,1.0
7375,business,959,959,1.0
1275,sports,277,276,0.9963898916967509
10867,sports,523,522,0.9980879541108987
6181,sports,876,875,0.9988584474885844
3541,sports,761,760,0.9986859395532195
8393,sports,767,764,0.9960886571056062
10566,sports,619,619,1.0
2569,business,454,453,0.9977973568281938
9522,sports,708,706,0.9971751412429378
3507,sports,954,953,0.9989517819706499
9817,sports,1026,1026,1.0
8583,sports,500,499,0.998
1933,sports,214,212,0.9906542056074766
1785,sports,169,166,0.9822485207100592
5780,sports,816,815,0.9987745098039216
2213,sports,194,194,1.0
2810,sports,376,375,0.9973404255319149
5358,politics,313,313,1.0
7090,politics,692,692,1.0
8136,sports,601,599,0.9966722129783694
5777,business,498,498,1.0
9483,sports,539,536,0.9944341372912802
3290,politics,363,363,1.0
4900,sports,619,619,1.0
5278,sports,420,419,0.9976190476190476
1324,sports,329,329,1.0
4007,sports,271,271,1.0
7186,sports,573,565,0.9860383944153578
8633,sports,988,984,0.9959514170040485
4265,politics,1017,1015,0.9980334316617503
956,sports,1281,1281,1.0
3959,sports,519,511,0.9845857418111753
875,business,634,634,1.0
10248,sports,398,398,1.0
10826,politics,841,841,1.0
11071,sports,385,385,1.0
11114,business,234,234,1.0
10740,sports,682,681,0.998533724340176
6782,politics,678,678,1.0
5033,sports,612,611,0.9983660130718954
10264,sports,369,369,1.0
4418,politics,676,674,0.9970414201183432
9074,sports,223,223,1.0
5093,sports,797,795,0.9974905897114178
9104,politics,620,620,1.0
10076,sports,690,690,1.0
4700,sports,893,892,0.9988801791713325
4365,sports,360,360,1.0
4473,sports,932,931,0.9989270386266095
1175,sports,665,665,1.0
10965,sports,849,846,0.9964664310954063
9031,sports,289,279,0.9653979238754326
4905,politics,665,665,1.0
5587,sports,879,877,0.9977246871444824
4974,sports,871,867,0.9954075774971297
7280,politics,665,665,1.0
7287,business,339,337,0.9941002949852508
6334,business,398,398,1.0
1534,business,938,938,1.0
3379,sports,463,457,0.9870410367170627
7174,sports,741,741,1.0
9259,sports,322,317,0.984472049689441
4467,sports,800,799,0.99875
867,sports,590,590,1.0
7177,sports,797,797,1.0
4414,politics,949,949,1.0
5667,sports,322,322,1.0
7764,business,744,744,1.0
10447,sports,644,643,0.9984472049689441
1634,business,332,332,1.0
11209,sports,164,163,0.9939024390243902
4433,sports,752,752,1.0
8761,business,614,611,0.995114006514658
9917,sports,711,711,1.0
8405,sports,925,925,1.0
3383,sports,470,468,0.9957446808510638
8997,sports,796,793,0.9962311557788944
2172,sports,816,813,0.9963235294117647
7629,politics,467,467,1.0
5317,sports,891,890,0.9988776655443322
967,business,771,771,1.0
3512,sports,206,204,0.9902912621359223
4709,sports,834,834,1.0
7826,sports,531,524,0.9868173258003766
1163,sports,604,604,1.0
3508,sports,455,455,1.0
2145,business,555,555,1.0
8355,sports,535,535,1.0
8351,sports,591,590,0.9983079526226735
4744,business,420,419,0.9976190476190476
3742,sports,650,647,0.9953846153846154
6321,sports,864,864,1.0
6478,business,572,572,1.0
7634,sports,545,545,1.0
3287,politics,936,934,0.9978632478632479
7189,sports,858,856,0.9976689976689976
11190,sports,770,769,0.9987012987012988
1438,sports,817,816,0.9987760097919217
2364,sports,307,307,1.0
6947,sports,440,438,0.9954545454545455
5065,sports,535,531,0.9925233644859813
7745,sports,885,885,1.0
4803,sports,807,806,0.9987608426270136
6739,sports,884,884,1.0
9393,sports,841,841,1.0
962,sports,200,199,0.995
7062,sports,665,665,1.0
9545,sports,538,538,1.0
10694,sports,942,940,0.9978768577494692
9502,sports,668,660,0.9880239520958084
10176,sports,412,410,0.9951456310679612
5107,sports,767,765,0.9973924380704041
7076,sports,944,942,0.9978813559322034
10528,sports,759,759,1.0
3395,sports,299,299,1.0
4692,sports,599,597,0.996661101836394
10910,politics,444,444,1.0
11402,sports,701,699,0.9971469329529244
2736,sports,404,404,1.0
2505,sports,362,362,1.0
1214,sports,771,769,0.9974059662775616
4315,politics,827,827,1.0
940,business,728,719,0.9876373626373627
3909,sports,725,725,1.0
8679,sports,153,153,1.0
8030,sports,408,408,1.0
9654,sports,544,542,0.9963235294117647
7675,sports,714,714,1.0
10396,sports,495,492,0.9939393939393939
6659,politics,683,683,1.0
5862,sports,784,779,0.9936224489795918
5012,sports,726,726,1.0
9774,politics,648,648,1.0
7083,politics,720,720,1.0
8915,sports,584,582,0.9965753424657534
10524,sports,644,643,0.9984472049689441
9032,sports,1185,1184,0.99915611814346
73,business,716,715,0.9986033519553073
2245,sports,123,122,0.991869918699187
1268,sports,291,290,0.9965635738831615
2340,sports,930,926,0.9956989247311828
6964,sports,105,105,1.0
2819,business,723,720,0.995850622406639
3957,sports,156,156,1.0
7022,sports,589,588,0.99830220713073
9941,sports,960,960,1.0
11172,sports,687,687,1.0
2568,business,363,362,0.9972451790633609
11307,sports,475,474,0.9978947368421053
11433,sports,383,382,0.9973890339425587
237,sports,472,472,1.0
9936,sports,1006,1003,0.9970178926441352
6839,sports,595,591,0.9932773109243698
10709,sports,534,531,0.9943820224719101
3670,sports,113,112,0.9911504424778761
3997,sports,624,623,0.9983974358974359
3455,politics,724,724,1.0
10751,sports,699,695,0.994277539341917
2681,sports,309,309,1.0
3699,sports,817,816,0.9987760097919217
10008,sports,975,974,0.9989743589743589
1504,sports,148,147,0.9932432432432432
7558,business,720,720,1.0
5375,sports,371,370,0.9973045822102425
5812,sports,245,245,1.0
10533,sports,416,414,0.9951923076923077
891,sports,675,666,0.9866666666666667
7453,sports,532,531,0.9981203007518797
10925,sports,135,135,1.0
9360,sports,414,412,0.9951690821256038
10181,business,430,429,0.9976744186046511
1355,sports,633,630,0.995260663507109
10009,sports,966,962,0.9958592132505176
4302,sports,619,619,1.0
7243,sports,719,718,0.9986091794158554
9881,sports,483,483,1.0
2677,sports,969,959,0.9896800825593395
789,sports,569,568,0.9982425307557118
11217,sports,390,390,1.0
1202,sports,783,783,1.0
10777,sports,504,501,0.9940476190476191
1230,business,772,771,0.9987046632124352
4837,sports,693,693,1.0
3625,sports,845,845,1.0
485,sports,771,771,1.0
11160,sports,346,339,0.9797687861271677
10095,sports,614,614,1.0
892,sports,355,355,1.0
5726,sports,606,606,1.0
3310,sports,701,701,1.0
8604,sports,775,773,0.9974193548387097
10233,sports,313,311,0.9936102236421726
8835,sports,743,743,1.0
8825,sports,224,224,1.0
6406,sports,439,439,1.0
560,sports,271,270,0.996309963099631
10815,sports,639,638,0.9984350547730829
6986,politics,442,440,0.995475113122172
9326,sports,676,669,0.9896449704142012
204,sports,851,848,0.9964747356051704
8833,business,703,702,0.9985775248933144
10259,sports,522,521,0.9980842911877394
3477,politics,399,399,1.0
2106,business,455,453,0.9956043956043956
10564,sports,250,239,0.956
3341,sports,1053,1053,1.0
10816,politics,694,694,1.0
6485,sports,185,185,1.0
4103,sports,270,270,1.0
4953,business,590,588,0.9966101694915255
8434,sports,694,694,1.0
1179,sports,956,949,0.9926778242677824
3643,sports,711,711,1.0
3357,sports,197,197,1.0
6835,sports,702,700,0.9971509971509972
728,sports,912,912,1.0
3198,sports,646,645,0.9984520123839009
11323,politics,698,698,1.0
2774,sports,669,669,1.0
9613,sports,764,764,1.0
3494,sports,729,726,0.9958847736625515
5374,sports,500,500,1.0
3378,sports,708,708,1.0
7498,sports,675,670,0.9925925925925926
4006,sports,393,392,0.9974554707379135
5896,sports,702,702,1.0
5339,business,395,395,1.0
8471,politics,904,904,1.0
495,sports,114,114,1.0
11299,business,608,608,1.0
3034,politics,687,687,1.0
9867,business,316,316,1.0
1072,sports,1060,1060,1.0
6278,sports,465,464,0.9978494623655914
7286,sports,915,915,1.0
8377,politics,639,639,1.0
4608,politics,896,896,1.0
477,business,717,704,0.9818688981868898
10897,politics,503,503,1.0
5803,sports,1206,1205,0.9991708126036484
11045,business,605,605,1.0
7213,business,563,563,1.0
10809,politics,978,978,1.0
1702,sports,954,951,0.9968553459119497
4860,sports,256,256,1.0
971,sports,372,372,1.0
4798,sports,753,751,0.99734395750332
3190,sports,542,537,0.9907749077490775
10647,sports,150,147,0.98
7799,sports,840,837,0.9964285714285714
6509,sports,972,971,0.9989711934156379
2142,sports,564,564,1.0
9338,politics,204,204,1.0
10602,politics,641,637,0.9937597503900156
5225,sports,289,286,0.9896193771626297
2397,sports,1009,1008,0.9990089197224975
7781,sports,429,429,1.0
7222,politics,927,925,0.9978425026968716
10383,sports,818,818,1.0
2601,business,716,716,1.0
7862,sports,630,628,0.9968253968253968
7827,sports,497,497,1.0
5168,sports,671,670,0.9985096870342772
1380,business,649,648,0.9984591679506933
10580,sports,98,98,1.0
5541,business,608,601,0.9884868421052632
9419,politics,999,999,1.0
6993,sports,1029,1029,1.0
7502,sports,544,543,0.9981617647058824
705,business,959,958,0.9989572471324296
5665,sports,737,736,0.9986431478968792
8942,sports,324,322,0.9938271604938271
2789,sports,631,631,1.0
10377,sports,780,780,1.0
4403,sports,558,558,1.0
4344,sports,570,570,1.0
9125,sports,902,900,0.9977827050997783
4008,politics,935,932,0.9967914438502674
215,sports,99,99,1.0
3789,sports,820,820,1.0
1714,business,673,671,0.9970282317979198
2061,sports,133,129,0.9699248120300752
1943,business,635,632,0.9952755905511811
5434,sports,263,263,1.0
4613,sports,407,405,0.995085995085995
10862,sports,140,140,1.0
11164,sports,368,366,0.9945652173913043
1452,sports,80,79,0.9875
3193,sports,701,699,0.9971469329529244
8520,sports,554,552,0.9963898916967509
1343,sports,634,632,0.9968454258675079
10330,sports,892,892,1.0
9019,sports,353,353,1.0
3407,sports,646,643,0.9953560371517027
312,business,524,524,1.0
5253,sports,496,495,0.9979838709677419
2994,politics,424,424,1.0
8113,sports,347,346,0.9971181556195965
3074,sports,861,859,0.9976771196283392
7170,sports,441,441,1.0
1051,sports,125,123,0.984
291,business,555,555,1.0
2731,politics,797,797,1.0
6333,business,693,692,0.9985569985569985
3466,sports,803,802,0.9987546699875467
3481,sports,933,905,0.969989281886388
1962,politics,516,515,0.998062015503876
9585,sports,812,812,1.0
8226,politics,704,703,0.9985795454545454
1561,sports,457,456,0.9978118161925602
10971,sports,418,418,1.0
5883,sports,963,962,0.9989615784008308
7937,sports,426,425,0.9976525821596244
9767,politics,351,351,1.0
3697,sports,884,882,0.997737556561086
1730,sports,210,208,0.9904761904761905
2675,politics,234,234,1.0
11418,sports,671,667,0.9940387481371088
9808,sports,904,902,0.9977876106194691
2,sports,100,99,0.99
876,sports,571,571,1.0
779,sports,239,239,1.0
7339,sports,383,377,0.9843342036553525
4817,sports,733,732,0.9986357435197817
1094,sports,476,475,0.9978991596638656
6894,sports,851,849,0.9976498237367802
4184,sports,800,800,1.0
3651,politics,750,750,1.0
5662,politics,536,533,0.9944029850746269
7624,sports,762,762,1.0
3607,politics,670,669,0.9985074626865672
947,sports,945,945,1.0
1771,sports,279,276,0.989247311827957
9556,sports,686,685,0.9985422740524781
6391,sports,495,495,1.0
8845,sports,740,737,0.995945945945946
1346,sports,1000,1000,1.0
4121,sports,959,957,0.9979144942648592
4710,sports,868,862,0.9930875576036866
8672,sports,96,93,0.96875
355,business,671,669,0.9970193740685543
2007,sports,609,609,1.0
3172,sports,814,811,0.9963144963144963
4513,sports,869,865,0.9953970080552359
5447,politics,647,647,1.0
9300,sports,503,503,1.0
3920,sports,895,895,1.0
2357,sports,1210,1204,0.9950413223140496
4808,sports,790,790,1.0
4062,sports,680,679,0.9985294117647059
2894,politics,441,441,1.0
117,sports,136,136,1.0
7064,sports,626,622,0.9936102236421726
3054,sports,1121,1120,0.9991079393398751
9655,sports,977,977,1.0
9719,sports,660,658,0.996969696969697
2295,sports,158,158,1.0
381,sports,569,568,0.9982425307557118
10749,sports,302,300,0.9933774834437086
10401,politics,711,711,1.0
6250,business,402,400,0.9950248756218906
224,business,570,569,0.9982456140350877
1233,politics,934,934,1.0
213,sports,393,393,1.0
556,politics,884,883,0.998868778280543
11142,sports,502,499,0.9940239043824701
9619,sports,781,781,1.0
10560,sports,140,140,1.0
7309,sports,915,914,0.9989071038251366
364,sports,1013,1011,0.998025666337611
4600,sports,660,658,0.996969696969697
4569,sports,5035,5029,0.9988083416087389
8789,politics,909,909,1.0
6457,business,559,559,1.0
10787,sports,606,606,1.0
152,sports,330,330,1.0
25,sports,134,134,1.0
9733,sports,249,249,1.0
1322,business,1008,1005,0.9970238095238095
10790,business,680,678,0.9970588235294118
6620,sports,398,389,0.9773869346733668
10453,sports,1032,1031,0.999031007751938
1065,sports,435,434,0.9977011494252873
5762,politics,587,585,0.9965928449744463
6501,sports,920,920,1.0
8015,sports,692,692,1.0
8790,sports,641,640,0.9984399375975039
10799,sports,979,977,0.9979570990806946
5933,sports,792,792,1.0
5514,sports,981,976,0.9949031600407747
4662,sports,511,511,1.0
5821,politics,670,665,0.9925373134328358
10225,sports,678,678,1.0
6733,business,814,811,0.9963144963144963
8675,sports,792,788,0.9949494949494949
6934,sports,805,801,0.9950310559006211
7137,sports,1072,1071,0.9990671641791045
7465,sports,780,779,0.9987179487179487
1974,sports,944,944,1.0
2845,sports,627,625,0.9968102073365231
3217,sports,688,688,1.0
11076,sports,1453,1453,1.0
9757,sports,802,802,1.0
1861,sports,901,888,0.9855715871254163
1174,sports,205,205,1.0
5438,sports,960,958,0.9979166666666667
4936,sports,948,947,0.9989451476793249
856,sports,656,656,1.0
3416,politics,497,496,0.9979879275653923
6743,sports,770,767,0.9961038961038962
7909,sports,293,291,0.9931740614334471
2257,sports,802,801,0.9987531172069826
3544,sports,1002,1002,1.0
1726,sports,204,200,0.9803921568627451
1327,sports,931,930,0.9989258861439313
2362,politics,692,690,0.9971098265895953
4374,politics,912,910,0.9978070175438597
10879,business,310,310,1.0
6502,politics,738,738,1.0
1606,sports,278,278,1.0
8535,business,920,919,0.9989130434782608
6148,politics,632,631,0.9984177215189873
6813,politics,683,683,1.0
7903,business,629,628,0.9984101748807631
6682,sports,715,713,0.9972027972027973
3151,sports,807,807,1.0
4666,sports,689,689,1.0
9579,politics,956,955,0.9989539748953975
9769,politics,596,596,1.0
2216,business,441,441,1.0
6636,sports,597,597,1.0
8800,politics,302,302,1.0
1145,sports,469,469,1.0
11265,sports,555,548,0.9873873873873874
2350,sports,244,244,1.0
2219,sports,336,336,1.0
11412,sports,503,501,0.9960238568588469
3325,business,402,401,0.9975124378109452
2393,sports,254,254,1.0
9421,sports,648,648,1.0
5858,sports,682,682,1.0
523,sports,132,132,1.0
10194,sports,571,569,0.9964973730297724
10834,sports,554,554,1.0
11374,sports,665,664,0.9984962406015038
3230,sports,591,588,0.9949238578680203
8388,sports,700,697,0.9957142857142857
69,sports,545,545,1.0
440,sports,97,97,1.0
7171,sports,967,967,1.0
7763,business,360,360,1.0
9815,sports,819,819,1.0
9158,sports,893,893,1.0
8125,sports,738,738,1.0
8885,sports,990,989,0.998989898989899
4317,politics,706,705,0.9985835694050992
745,sports,805,805,1.0
2032,business,688,678,0.9854651162790697
9843,politics,915,915,1.0
843,sports,521,520,0.9980806142034548
4325,sports,661,661,1.0
7881,business,674,671,0.9955489614243324
7321,sports,708,708,1.0
11200,sports,821,821,1.0
9147,sports,510,510,1.0
8031,business,711,711,1.0
1237,sports,293,292,0.9965870307167235
5354,sports,915,915,1.0
4810,sports,501,498,0.9940119760479041
10187,sports,579,579,1.0
1073,business,959,952,0.9927007299270073
750,business,550,548,0.9963636363636363
10927,sports,940,938,0.997872340425532
2973,business,333,317,0.9519519519519519
10886,politics,719,718,0.9986091794158554
1854,sports,881,872,0.9897843359818388
4063,sports,649,649,1.0
9126,sports,493,492,0.9979716024340771
3406,sports,137,137,1.0
9888,sports,331,331,1.0
10100,sports,428,424,0.9906542056074766
2276,sports,459,459,1.0
7426,politics,724,724,1.0
4873,politics,736,735,0.998641304347826
3369,sports,946,944,0.9978858350951374
11051,business,481,481,1.0
4981,sports,483,483,1.0
5248,politics,670,670,1.0
4413,sports,778,777,0.9987146529562982
5172,politics,1010,1009,0.999009900990099
1306,sports,606,606,1.0
2058,sports,832,831,0.9987980769230769
85,business,580,580,1.0
7959,sports,292,291,0.9965753424657534
662,sports,665,664,0.9984962406015038
5479,sports,503,500,0.9940357852882704
4850,business,405,404,0.9975308641975309
10063,business,253,253,1.0
9406,business,726,726,1.0
11017,business,574,573,0.9982578397212544
1535,sports,233,233,1.0
2782,politics,690,690,1.0
1770,business,877,874,0.9965792474344356
3924,sports,483,482,0.9979296066252588
207,sports,162,162,1.0
2101,sports,119,119,1.0
9011,sports,802,802,1.0
4201,sports,66,66,1.0
7141,sports,1225,1222,0.9975510204081632
6952,sports,904,904,1.0
9467,sports,763,762,0.9986893840104849
6865,sports,658,657,0.9984802431610942
8251,politics,574,574,1.0
7437,business,885,881,0.9954802259887006
8052,sports,1136,1121,0.9867957746478874
807,business,541,541,1.0
2228,sports,409,409,1.0
11018,business,777,777,1.0
7919,sports,803,801,0.9975093399750934
10701,sports,204,204,1.0
7801,sports,853,849,0.9953106682297772
8191,politics,713,713,1.0
3141,sports,1005,998,0.9930348258706467
6784,sports,791,791,1.0
1310,sports,798,798,1.0
179,sports,139,138,0.9928057553956835
10072,sports,562,562,1.0
5402,sports,747,747,1.0
10745,politics,756,755,0.9986772486772487
1626,business,712,712,1.0
4774,sports,827,826,0.9987908101571947
6434,sports,710,708,0.9971830985915493
7553,sports,708,707,0.998587570621469
3554,politics,620,620,1.0
10077,politics,651,650,0.9984639016897081
7094,sports,611,611,1.0
10941,sports,135,135,1.0
8367,sports,625,623,0.9968
2055,sports,160,160,1.0
4462,sports,631,629,0.9968304278922345
1490,sports,417,414,0.9928057553956835
1720,sports,117,117,1.0
1414,sports,328,328,1.0
3415,sports,1370,1370,1.0
3562,politics,486,486,1.0
357,sports,574,574,1.0
6125,sports,688,686,0.997093023255814
7698,sports,975,975,1.0
5775,sports,557,555,0.9964093357271095
6264,business,740,740,1.0
3444,politics,726,726,1.0
6240,sports,542,542,1.0
6251,sports,795,794,0.9987421383647799
4752,sports,146,144,0.9863013698630136
1985,business,626,625,0.9984025559105432
4124,sports,583,582,0.9982847341337907
6490,politics,261,261,1.0
1013,sports,573,573,1.0
1975,sports,417,416,0.9976019184652278
11465,sports,626,625,0.9984025559105432
4031,business,468,468,1.0
5154,sports,633,630,0.995260663507109
3087,sports,705,705,1.0
11500,business,629,629,1.0
4815,sports,600,600,1.0
2114,business,863,862,0.9988412514484357
6214,politics,481,481,1.0
7231,sports,109,109,1.0
4764,sports,132,129,0.9772727272727273
9612,sports,343,343,1.0
6615,sports,640,639,0.9984375
3413,politics,892,887,0.9943946188340808
77,sports,480,474,0.9875
4955,sports,717,714,0.99581589958159
6809,sports,902,900,0.9977827050997783
8813,sports,661,660,0.9984871406959153
348,business,275,273,0.9927272727272727
921,sports,198,198,1.0
5918,sports,815,813,0.9975460122699387
9439,sports,547,546,0.9981718464351006
10622,sports,980,979,0.9989795918367347
2370,business,906,902,0.9955849889624724
4367,politics,425,425,1.0
7993,business,590,589,0.9983050847457627
4035,sports,488,486,0.9959016393442623
4750,sports,720,720,1.0
8017,sports,780,780,1.0
7867,sports,404,402,0.995049504950495
1109,sports,575,573,0.9965217391304347
4980,sports,742,742,1.0
8735,sports,688,684,0.9941860465116279
1643,sports,317,317,1.0
1470,sports,911,911,1.0
10182,politics,1132,1127,0.9955830388692579
5776,sports,756,755,0.9986772486772487
6657,sports,632,631,0.9984177215189873
9968,sports,503,502,0.9980119284294234
1495,sports,330,328,0.9939393939393939
3860,sports,741,740,0.9986504723346828
10083,sports,639,639,1.0
4824,politics,876,872,0.9954337899543378
11416,sports,974,974,1.0
8760,politics,675,675,1.0
7486,sports,677,676,0.9985228951255539
6218,sports,417,416,0.9976019184652278
8989,sports,637,637,1.0
1711,business,718,717,0.9986072423398329
7645,politics,660,659,0.9984848484848485
8990,sports,734,733,0.9986376021798365
2662,sports,699,699,1.0
5680,business,916,916,1.0
5887,sports,715,715,1.0
8958,sports,631,630,0.9984152139461173
5989,sports,668,668,1.0
9433,sports,967,966,0.9989658738366081
6757,sports,149,149,1.0
3453,sports,100,99,0.99
9114,sports,664,661,0.9954819277108434
9906,sports,443,440,0.9932279909706546
8081,sports,669,666,0.9955156950672646
6433,sports,491,489,0.9959266802443992
10796,sports,516,515,0.998062015503876
7156,sports,720,713,0.9902777777777778
7488,sports,612,605,0.988562091503268
8283,sports,915,915,1.0
2161,business,499,499,1.0
10308,sports,685,685,1.0
4475,politics,784,783,0.9987244897959183
10411,sports,303,299,0.9867986798679867
5809,sports,531,521,0.9811676082862524
10280,sports,354,354,1.0
4024,sports,555,555,1.0
49,sports,218,218,1.0
5423,sports,82,82,1.0
951,sports,233,233,1.0
3867,sports,808,802,0.9925742574257426
10772,sports,382,373,0.9764397905759162
7195,sports,816,816,1.0
9081,sports,304,300,0.9868421052631579
8090,business,267,267,1.0
8753,sports,986,985,0.9989858012170385
7371,sports,421,421,1.0
10839,sports,453,451,0.9955849889624724
3099,sports,98,98,1.0
1857,sports,908,905,0.9966960352422908
1567,sports,510,510,1.0
7005,sports,316,309,0.9778481012658228
6756,sports,289,289,1.0
8123,sports,988,988,1.0
7214,sports,630,630,1.0
4193,sports,868,864,0.9953917050691244
7281,business,602,602,1.0
11128,sports,757,756,0.9986789960369881
1422,sports,602,602,1.0
4338,sports,1069,1069,1.0
2424,sports,642,642,1.0
3090,sports,743,742,0.9986541049798116
512,sports,152,152,1.0
4054,sports,690,687,0.9956521739130435
11191,sports,305,305,1.0
2572,business,679,679,1.0
55,sports,437,435,0.9954233409610984
7666,sports,718,718,1.0
10140,sports,887,887,1.0
6261,sports,629,627,0.9968203497615262
4780,politics,830,829,0.9987951807228915
10081,politics,697,688,0.9870875179340028
10888,sports,984,983,0.9989837398373984
9072,politics,666,666,1.0
8680,sports,958,957,0.9989561586638831
1616,business,609,607,0.9967159277504105
3659,sports,832,830,0.9975961538461539
1018,sports,149,148,0.9932885906040269
9118,sports,773,769,0.9948253557567918
10601,sports,737,737,1.0
6804,sports,332,332,1.0
709,sports,736,735,0.998641304347826
8039,politics,718,718,1.0
9303,sports,997,994,0.9969909729187563
11195,business,732,731,0.9986338797814208
4272,sports,64,64,1.0
1526,sports,160,159,0.99375
4867,business,1166,1164,0.9982847341337907
1810,sports,670,666,0.9940298507462687
8725,politics,745,744,0.9986577181208054
4222,sports,665,665,1.0
3511,politics,718,718,1.0
4853,business,1037,1037,1.0
9978,sports,606,604,0.9966996699669967
11460,sports,717,717,1.0
4827,sports,624,618,0.9903846153846154
4747,politics,710,709,0.9985915492957746
2284,business,728,728,1.0
9504,sports,366,365,0.9972677595628415
1656,sports,898,896,0.9977728285077951
5813,sports,785,785,1.0
7877,business,275,274,0.9963636363636363
5889,politics,749,749,1.0
3176,politics,791,787,0.9949431099873578
6701,sports,438,438,1.0
7207,business,459,456,0.9934640522875817
8899,sports,719,719,1.0
8446,business,418,417,0.9976076555023924
9078,sports,760,759,0.9986842105263158
8184,sports,525,522,0.9942857142857143
11219,sports,690,690,1.0
8370,sports,619,619,1.0
1723,sports,110,109,0.990909090909091
7967,politics,650,650,1.0
9756,sports,794,792,0.9974811083123426
2957,politics,783,783,1.0
11349,business,845,845,1.0
8774,sports,757,757,1.0
7823,sports,706,704,0.9971671388101983
7080,sports,1044,1040,0.9961685823754789
9138,sports,723,722,0.9986168741355463
6820,politics,699,698,0.9985693848354793
7696,sports,323,323,1.0
6390,sports,1031,1030,0.9990300678952473
7856,sports,323,320,0.9907120743034056
1482,business,626,626,1.0
10011,sports,991,991,1.0
6847,politics,749,747,0.9973297730307076
2351,sports,561,561,1.0
8781,sports,819,819,1.0
3478,sports,883,876,0.9920724801812004
11111,business,415,415,1.0
5811,sports,566,563,0.9946996466431095
8045,business,491,491,1.0
7477,sports,979,979,1.0
5144,sports,493,488,0.9898580121703854
9529,sports,776,775,0.9987113402061856
10653,sports,804,804,1.0
5271,sports,742,741,0.9986522911051213
7373,sports,725,724,0.9986206896551724
5056,sports,655,653,0.9969465648854962
9201,politics,607,607,1.0
570,business,821,819,0.997563946406821
4657,sports,457,457,1.0
7786,sports,459,457,0.9956427015250545
577,sports,175,174,0.9942857142857143
1766,sports,769,762,0.9908972691807543
10942,sports,321,321,1.0
8879,politics,339,339,1.0
8855,politics,801,799,0.9975031210986267
3013,sports,720,715,0.9930555555555556
10367,sports,452,451,0.9977876106194691
9445,sports,709,708,0.998589562764457
551,sports,954,954,1.0
2621,politics,609,609,1.0
3249,business,913,913,1.0
4309,politics,569,565,0.9929701230228472
4639,sports,735,735,1.0
8432,sports,680,679,0.9985294117647059
2883,sports,119,119,1.0
9402,business,426,426,1.0
1698,sports,356,356,1.0
540,sports,520,520,1.0
11450,business,710,710,1.0
1255,sports,164,163,0.9939024390243902
4588,sports,366,366,1.0
110,business,374,373,0.9973262032085561
9234,sports,708,708,1.0
10387,sports,612,612,1.0
882,business,966,965,0.9989648033126294
8481,sports,1028,1027,0.9990272373540856
1437,sports,444,444,1.0
9667,sports,782,782,1.0
11140,business,803,803,1.0
9780,sports,612,611,0.9983660130718954
5391,politics,559,559,1.0
8700,sports,867,866,0.9988465974625144
11055,business,297,297,1.0
1577,sports,497,496,0.9979879275653923
7111,politics,736,733,0.9959239130434783
2650,sports,153,151,0.9869281045751634
6385,sports,824,824,1.0
5147,sports,225,224,0.9955555555555555
139,sports,255,255,1.0
3538,sports,917,917,1.0
157,sports,971,970,0.9989701338825953
2303,sports,544,544,1.0
10339,sports,615,614,0.9983739837398374
3219,politics,743,740,0.9959623149394348
11246,sports,380,378,0.9947368421052631
5205,politics,678,678,1.0
2862,sports,916,915,0.9989082969432315
538,sports,227,222,0.9779735682819384
3259,sports,633,630,0.995260663507109
10515,sports,244,242,0.9918032786885246
1049,sports,445,445,1.0
11296,sports,632,631,0.9984177215189873
602,sports,814,813,0.9987714987714987
6907,sports,190,190,1.0
10568,sports,980,977,0.996938775510204
4528,sports,805,801,0.9950310559006211
10449,politics,651,644,0.989247311827957
8625,politics,653,653,1.0
5508,sports,951,951,1.0
9276,sports,291,291,1.0
2980,sports,669,667,0.9970104633781763
10284,sports,616,616,1.0
6831,politics,800,799,0.99875
10198,business,423,423,1.0
5283,business,367,367,1.0
6430,sports,762,762,1.0
1148,sports,438,437,0.997716894977169
1409,sports,223,223,1.0
4683,politics,716,716,1.0
3767,sports,823,822,0.9987849331713244
8752,sports,768,767,0.9986979166666666
3758,sports,675,672,0.9955555555555555
3893,sports,812,811,0.9987684729064039
6722,sports,880,880,1.0
8888,sports,564,562,0.9964539007092199
9194,sports,71,71,1.0
3569,sports,692,691,0.9985549132947977
244,business,352,352,1.0
6843,sports,659,658,0.9984825493171472
4482,sports,435,432,0.993103448275862
7628,sports,985,980,0.9949238578680203
6165,sports,584,582,0.9965753424657534
9858,sports,117,117,1.0
8922,sports,733,733,1.0
9578,sports,774,771,0.9961240310077519
3102,sports,785,775,0.9872611464968153
2317,business,763,763,1.0
4096,sports,881,880,0.9988649262202043
8987,sports,728,724,0.9945054945054945
1110,sports,87,87,1.0
11129,sports,618,617,0.9983818770226537
318,sports,563,563,1.0
10156,sports,838,834,0.9952267303102625
5572,sports,421,418,0.9928741092636579
5237,sports,731,729,0.9972640218878249
6280,politics,551,546,0.9909255898366606
7682,sports,402,400,0.9950248756218906
6760,sports,558,557,0.9982078853046595
5523,sports,579,577,0.9965457685664939
9956,sports,708,703,0.9929378531073446
2020,sports,280,280,1.0
6199,politics,710,710,1.0
5182,sports,620,617,0.9951612903225806
1704,sports,378,377,0.9973544973544973
6901,sports,1076,1076,1.0
5982,politics,1030,1029,0.9990291262135922
10205,sports,676,674,0.9970414201183432
6609,sports,668,663,0.9925149700598802
1171,sports,187,187,1.0
1731,sports,141,141,1.0
6001,politics,636,636,1.0
10804,sports,868,868,1.0
10425,sports,372,371,0.9973118279569892
7474,business,690,690,1.0
10821,politics,896,895,0.9988839285714286
5831,business,514,513,0.9980544747081712
10912,sports,750,750,1.0
11404,sports,925,925,1.0
1965,sports,784,782,0.9974489795918368
6424,sports,686,686,1.0
1342,sports,660,660,1.0
4718,politics,696,694,0.9971264367816092
9260,sports,654,654,1.0
7692,business,692,690,0.9971098265895953
8488,sports,464,463,0.9978448275862069
11366,sports,523,512,0.9789674952198852
9205,sports,610,608,0.9967213114754099
8233,politics,910,908,0.9978021978021978
10132,sports,463,462,0.9978401727861771
6925,sports,232,232,1.0
7841,sports,719,717,0.9972183588317107
10386,sports,818,817,0.9987775061124694
9782,politics,672,671,0.9985119047619048
4901,sports,569,569,1.0
7140,sports,238,238,1.0
10153,politics,563,563,1.0
7676,sports,844,844,1.0
7824,sports,648,648,1.0
901,sports,678,676,0.9970501474926253
5242,politics,729,727,0.9972565157750343
8187,politics,703,702,0.9985775248933144
8909,sports,1015,1014,0.9990147783251232
10148,sports,708,707,0.998587570621469
8130,sports,764,763,0.9986910994764397
178,sports,497,497,1.0
11518,business,741,739,0.9973009446693657
1870,business,711,711,1.0
5431,sports,757,757,1.0
11170,sports,759,758,0.9986824769433466
3178,business,677,676,0.9985228951255539
4602,sports,727,725,0.9972489683631361
2084,business,747,746,0.998661311914324
5322,sports,936,936,1.0
6215,sports,661,660,0.9984871406959153
1767,sports,186,184,0.989247311827957
3809,sports,513,509,0.9922027290448343
1600,business,657,652,0.9923896499238964
7631,sports,452,452,1.0
2440,sports,396,396,1.0
7633,sports,741,741,1.0
5577,sports,954,949,0.9947589098532494
5971,sports,614,612,0.996742671009772
4353,sports,120,120,1.0
72,sports,271,271,1.0
8848,sports,902,902,1.0
2981,sports,663,662,0.9984917043740573
2352,sports,93,90,0.967741935483871
2764,politics,495,494,0.997979797979798
6064,sports,908,906,0.9977973568281938
9287,sports,802,791,0.986284289276808
10282,sports,399,399,1.0
8974,sports,778,778,1.0
6591,sports,151,151,1.0
10040,sports,597,595,0.9966499162479062
9659,sports,844,844,1.0
9266,sports,810,809,0.9987654320987654
2747,sports,1159,1159,1.0
6318,sports,679,676,0.9955817378497791
2070,sports,337,329,0.9762611275964391
5637,sports,94,93,0.9893617021276596
8512,sports,896,894,0.9977678571428571
6618,politics,499,499,1.0
3048,sports,106,102,0.9622641509433962
3040,politics,1022,1019,0.99706457925636
2969,sports,696,692,0.9942528735632183
4665,sports,691,689,0.9971056439942113
11340,sports,794,791,0.9962216624685138
9589,sports,283,283,1.0
2404,sports,770,770,1.0
643,sports,120,120,1.0
8279,sports,411,411,1.0
3240,sports,734,733,0.9986376021798365
3223,sports,744,744,1.0
5024,business,103,102,0.9902912621359223
8273,sports,423,423,1.0
2095,sports,764,763,0.9986910994764397
2254,sports,301,301,1.0
9004,business,451,450,0.9977827050997783
10046,sports,992,990,0.9979838709677419
6589,sports,726,720,0.9917355371900827
4301,sports,915,915,1.0
9134,sports,695,694,0.9985611510791367
309,sports,619,619,1.0
9574,sports,250,240,0.96
9443,sports,787,787,1.0
3370,sports,119,119,1.0
8676,sports,1155,1151,0.9965367965367965
266,sports,357,352,0.9859943977591037
2196,sports,689,688,0.9985486211901307
4548,sports,507,503,0.9921104536489151
3572,business,1182,1182,1.0
10409,politics,1246,1241,0.9959871589085072
9707,sports,820,818,0.9975609756097561
5139,politics,1212,1210,0.9983498349834984
4595,sports,470,470,1.0
5868,sports,693,693,1.0
9282,sports,571,567,0.9929947460595446
5984,business,284,284,1.0
5190,politics,797,793,0.9949811794228356
5669,sports,1011,1011,1.0
10234,business,394,393,0.9974619289340102
10318,sports,781,780,0.998719590268886
2146,sports,899,899,1.0
5040,politics,858,858,1.0
6422,business,561,561,1.0
6683,sports,713,713,1.0
5936,sports,723,723,1.0
11491,sports,758,758,1.0
11439,sports,112,112,1.0
2992,sports,466,465,0.9978540772532188
9879,politics,626,626,1.0
553,business,878,876,0.9977220956719818
8289,business,724,724,1.0
5351,sports,593,593,1.0
52,sports,107,107,1.0
2605,sports,186,186,1.0
5709,politics,626,612,0.9776357827476039
7192,sports,479,478,0.9979123173277662
3560,politics,926,920,0.9935205183585313
1038,sports,237,236,0.9957805907172996
3014,sports,674,673,0.9985163204747775
9042,sports,727,725,0.9972489683631361
9575,sports,712,712,1.0
4259,business,393,393,1.0
6789,sports,710,709,0.9985915492957746
7494,politics,595,595,1.0
5366,politics,688,688,1.0
3320,sports,857,854,0.9964994165694282
6860,sports,512,509,0.994140625
8708,sports,1016,1015,0.9990157480314961
4802,sports,829,828,0.9987937273823885
4030,politics,989,989,1.0
6320,sports,774,772,0.9974160206718347
9533,sports,821,821,1.0
10058,sports,984,983,0.9989837398373984
2666,sports,750,744,0.992
11038,business,854,854,1.0
3978,politics,424,424,1.0
2611,business,731,731,1.0
6904,politics,695,695,1.0
6359,sports,862,862,1.0
4502,sports,410,410,1.0
4698,sports,278,273,0.9820143884892086
10589,sports,766,761,0.9934725848563969
8482,sports,782,782,1.0
11060,business,704,703,0.9985795454545454
5516,sports,806,806,1.0
4975,business,449,447,0.9955456570155902
9646,sports,383,383,1.0
4341,politics,550,550,1.0
4722,sports,1083,1080,0.997229916897507
1164,business,701,698,0.9957203994293866
9690,business,702,698,0.9943019943019943
8712,sports,704,704,1.0
11206,sports,628,627,0.9984076433121019
5660,sports,713,710,0.9957924263674615
10191,sports,346,346,1.0
6054,business,599,599,1.0
10911,politics,784,776,0.9897959183673469
10903,politics,767,766,0.9986962190352021
6079,business,836,829,0.9916267942583732
9760,politics,901,900,0.9988901220865705
7646,politics,665,663,0.9969924812030075
5794,sports,681,681,1.0
6061,sports,960,955,0.9947916666666666
8447,politics,667,666,0.9985007496251874
1742,sports,442,435,0.9841628959276018
3495,sports,1000,1000,1.0
2272,business,581,565,0.9724612736660929
10730,sports,324,324,1.0
11302,sports,407,404,0.9926289926289926
11147,business,740,740,1.0
7276,sports,471,471,1.0
6730,sports,526,525,0.9980988593155894
8589,sports,755,755,1.0
10286,politics,839,837,0.9976162097735399
6040,sports,891,891,1.0
1536,business,627,627,1.0
386,business,429,429,1.0
1967,politics,1096,1096,1.0
8216,sports,719,717,0.9972183588317107
11188,sports,820,819,0.998780487804878
6329,politics,679,679,1.0
8744,sports,676,674,0.9970414201183432
9543,sports,112,112,1.0
522,sports,844,844,1.0
930,sports,84,82,0.9761904761904762
6112,politics,770,770,1.0
7889,sports,723,721,0.9972337482710927
1763,sports,251,251,1.0
8489,sports,582,582,1.0
2926,sports,331,327,0.9879154078549849
3843,politics,584,582,0.9965753424657534
9418,politics,1181,1181,1.0
2038,sports,543,543,1.0
9339,sports,1007,1004,0.997020854021847
8945,sports,590,590,1.0
2901,sports,202,202,1.0
6438,sports,342,341,0.9970760233918129
9673,sports,696,693,0.9956896551724138
3943,sports,788,784,0.9949238578680203
4669,business,436,436,1.0
8525,sports,284,284,1.0
5842,business,807,806,0.9987608426270136
2493,sports,374,374,1.0
307,business,397,397,1.0
8782,sports,1028,1027,0.9990272373540856
3537,politics,672,672,1.0
7930,sports,500,499,0.998
6776,sports,771,771,1.0
9152,sports,828,828,1.0
633,sports,232,232,1.0
8271,sports,721,721,1.0
1689,business,658,656,0.9969604863221885
9018,sports,691,688,0.9956584659913169
11315,business,541,541,1.0
306,sports,567,565,0.9964726631393298
9710,sports,701,700,0.9985734664764622
755,sports,228,228,1.0
7378,sports,655,655,1.0
417,business,698,698,1.0
4172,sports,400,396,0.99
6908,sports,722,721,0.9986149584487535
9420,sports,536,535,0.9981343283582089
7798,politics,708,708,1.0
1354,sports,653,653,1.0
11012,sports,250,249,0.996
9434,sports,428,428,1.0
36,sports,429,429,1.0
5162,business,89,89,1.0
4479,sports,977,977,1.0
6392,sports,361,361,1.0
1818,business,548,548,1.0
259,sports,299,299,1.0
3807,business,933,932,0.9989281886387996
4138,sports,1086,1086,1.0
7999,politics,740,740,1.0
11320,sports,933,921,0.9871382636655949
9440,politics,469,469,1.0
6203,sports,535,532,0.994392523364486
10699,sports,924,924,1.0
9490,sports,926,926,1.0
10104,sports,937,936,0.9989327641408752
1091,sports,278,274,0.9856115107913669
10786,sports,799,798,0.9987484355444305
2826,sports,387,382,0.9870801033591732
6846,sports,670,670,1.0
10380,politics,770,770,1.0
1587,business,281,281,1.0
3154,sports,522,512,0.9808429118773946
6288,politics,697,696,0.9985652797704447
10907,sports,640,640,1.0
3873,sports,379,379,1.0
6349,sports,782,781,0.9987212276214834
9481,sports,866,861,0.9942263279445728
10586,sports,788,785,0.9961928934010152
2222,sports,817,816,0.9987760097919217
186,business,681,681,1.0
2432,sports,806,806,1.0
7031,sports,824,824,1.0
9863,business,753,753,1.0
5560,sports,931,931,1.0
9864,sports,749,749,1.0
1648,business,562,562,1.0
3941,sports,887,886,0.9988726042841037
8247,sports,447,440,0.9843400447427293
7155,politics,655,653,0.9969465648854962
10508,sports,633,632,0.9984202211690363
5210,sports,777,775,0.9974259974259975
2574,sports,956,947,0.9905857740585774
10598,sports,848,848,1.0
3519,sports,735,735,1.0
8709,sports,900,900,1.0
337,sports,769,766,0.9960988296488946
4792,sports,762,761,0.9986876640419947
9639,sports,666,666,1.0
4897,sports,123,123,1.0
11464,sports,1297,1292,0.9961449498843485
8856,sports,364,363,0.9972527472527473
7785,politics,525,525,1.0
1842,sports,583,580,0.9948542024013722
4226,business,879,878,0.9988623435722411
4003,sports,113,113,1.0
7439,politics,643,641,0.9968895800933126
5564,sports,684,682,0.9970760233918129
1320,sports,692,686,0.9913294797687862
2771,business,404,404,1.0
6848,business,386,386,1.0
11383,sports,393,393,1.0
1908,sports,523,523,1.0
11155,sports,331,331,1.0
713,business,505,500,0.9900990099009901
784,business,510,510,1.0
11414,sports,646,646,1.0
8256,sports,551,551,1.0
9250,sports,116,116,1.0
4089,politics,240,237,0.9875
4459,sports,654,654,1.0
4630,sports,138,137,0.9927536231884058
2528,sports,489,488,0.9979550102249489
2597,business,653,653,1.0
10289,sports,605,605,1.0
8829,sports,1102,1102,1.0
4699,sports,237,236,0.9957805907172996
2841,sports,765,763,0.9973856209150327
1170,sports,611,611,1.0
3618,sports,900,897,0.9966666666666667
8162,sports,564,564,1.0
8303,sports,768,760,0.9895833333333334
5343,sports,777,771,0.9922779922779923
6917,politics,494,494,1.0
2914,sports,122,122,1.0
8203,sports,834,834,1.0
10216,sports,723,720,0.995850622406639
8778,business,491,491,1.0
5579,sports,476,476,1.0
2698,sports,599,597,0.996661101836394
3696,sports,547,543,0.9926873857404022
10388,sports,821,815,0.9926918392204629
1141,sports,258,255,0.9883720930232558
5630,sports,916,913,0.9967248908296943
6306,sports,601,598,0.9950083194675541
10201,sports,681,680,0.9985315712187959
4085,sports,664,664,1.0
5929,sports,731,728,0.9958960328317373
5756,sports,737,735,0.9972862957937585
5646,sports,490,484,0.9877551020408163
1582,business,674,667,0.9896142433234422
6799,sports,603,599,0.9933665008291874
2795,politics,622,622,1.0
3103,sports,876,876,1.0
6096,sports,750,749,0.9986666666666667
1026,sports,808,808,1.0
8454,sports,948,948,1.0
5277,business,89,89,1.0
5734,sports,839,839,1.0
3716,politics,532,532,1.0
7478,business,914,913,0.9989059080962801
5355,sports,628,628,1.0
10152,sports,844,843,0.9988151658767772
2501,sports,854,854,1.0
11152,sports,737,735,0.9972862957937585
8460,sports,780,780,1.0
9270,politics,727,727,1.0
9264,sports,862,860,0.9976798143851509
7594,sports,495,495,1.0
3382,business,675,675,1.0
4561,sports,342,342,1.0
4242,politics,612,612,1.0
1955,sports,237,235,0.9915611814345991
3506,sports,504,494,0.9801587301587301
120,sports,423,423,1.0
2695,sports,325,325,1.0
7549,sports,796,795,0.9987437185929648
9787,sports,751,750,0.9986684420772304
11132,sports,933,929,0.9957127545551983
2773,sports,861,858,0.9965156794425087
7283,sports,419,419,1.0
10937,sports,401,401,1.0
11151,sports,588,587,0.9982993197278912
7127,sports,815,804,0.9865030674846625
8098,sports,870,868,0.9977011494252873
5212,sports,152,151,0.993421052631579
3702,sports,671,671,1.0
5807,sports,937,937,1.0
2594,sports,913,912,0.9989047097480832
1265,business,1072,1070,0.9981343283582089
7454,sports,720,720,1.0
7302,sports,616,616,1.0
6777,sports,778,772,0.9922879177377892
1544,sports,391,389,0.9948849104859335
1581,sports,995,995,1.0
5642,politics,735,734,0.998639455782313
1295,sports,112,112,1.0
8977,sports,760,755,0.993421052631579
7379,sports,823,811,0.9854191980558931
8290,politics,696,696,1.0
6245,sports,835,834,0.9988023952095808
10430,sports,816,814,0.9975490196078431
1415,business,686,684,0.9970845481049563
3757,sports,265,265,1.0
2546,business,605,597,0.9867768595041322
144,sports,421,421,1.0
2217,sports,294,294,1.0
5659,sports,518,518,1.0
2333,sports,434,434,1.0
9607,sports,453,453,1.0
1538,sports,430,430,1.0
4311,politics,772,772,1.0
3197,sports,573,573,1.0
2382,sports,664,661,0.9954819277108434
8444,politics,822,821,0.9987834549878345
5228,sports,439,439,1.0
1941,business,786,786,1.0
1679,sports,420,419,0.9976190476190476
10736,sports,479,479,1.0
4023,sports,95,95,1.0
2309,sports,263,260,0.9885931558935361
8767,sports,741,738,0.9959514170040485
4611,sports,647,647,1.0
1765,business,658,653,0.9924012158054711
5211,sports,841,832,0.9892984542211652
8036,sports,528,528,1.0
1851,sports,641,641,1.0
2231,sports,194,194,1.0
5649,sports,139,139,1.0
1384,sports,484,484,1.0
3983,politics,680,680,1.0
1360,sports,668,668,1.0
191,sports,426,426,1.0
2122,sports,637,633,0.9937205651491365
926,sports,563,557,0.9893428063943162
9329,sports,372,372,1.0
5464,sports,360,360,1.0
4944,sports,620,620,1.0
10738,sports,831,826,0.9939831528279182
9112,sports,700,699,0.9985714285714286
7311,politics,447,447,1.0
10776,business,803,803,1.0
10985,sports,468,466,0.9957264957264957
2332,sports,310,310,1.0
7679,sports,686,686,1.0
8932,sports,279,279,1.0
28,sports,861,861,1.0
4380,sports,691,688,0.9956584659913169
7701,sports,263,263,1.0
3917,sports,707,703,0.9943422913719944
695,sports,596,594,0.9966442953020134
1523,sports,57,57,1.0
2820,sports,108,108,1.0
1543,sports,498,498,1.0
9196,sports,373,372,0.9973190348525469
9469,sports,769,769,1.0
11488,sports,647,639,0.9876352395672334
10961,business,524,523,0.9980916030534351
5440,sports,295,295,1.0
5398,sports,767,749,0.9765319426336375
1739,sports,242,241,0.9958677685950413
988,sports,114,114,1.0
4223,politics,539,539,1.0
830,sports,746,745,0.9986595174262735
9687,politics,833,831,0.9975990396158463
9822,sports,865,865,1.0
10204,politics,865,862,0.9965317919075144
10993,business,168,168,1.0
11279,sports,1045,1044,0.999043062200957
1441,sports,595,595,1.0
252,business,576,576,1.0
6395,business,425,422,0.9929411764705882
5820,sports,848,847,0.9988207547169812
3318,sports,573,572,0.9982547993019197
9988,sports,746,746,1.0
4342,sports,553,553,1.0
2178,business,918,918,1.0
9127,sports,132,131,0.9924242424242424
9485,sports,545,544,0.998165137614679
6929,sports,476,476,1.0
2179,sports,212,211,0.9952830188679245
8065,sports,270,270,1.0
1896,sports,932,932,1.0
165,sports,673,668,0.9925705794947994
11485,sports,303,303,1.0
4450,sports,669,668,0.9985052316890882
7536,sports,4151,4143,0.9980727535533607
1086,sports,184,184,1.0
10356,sports,803,796,0.9912826899128269
7890,business,382,382,1.0
4880,politics,955,951,0.9958115183246073
7471,sports,829,829,1.0
9244,sports,260,259,0.9961538461538462
1591,sports,899,896,0.996662958843159
343,sports,810,810,1.0
7525,politics,522,522,1.0
4499,sports,463,461,0.9956803455723542
219,sports,637,633,0.9937205651491365
994,business,730,730,1.0
1206,sports,922,922,1.0
6670,sports,946,945,0.9989429175475687
7551,sports,845,845,1.0
4294,sports,625,625,1.0
47,sports,96,96,1.0
7360,business,333,332,0.996996996996997
4282,sports,904,903,0.9988938053097345
2322,sports,245,245,1.0
3747,sports,329,328,0.9969604863221885
4881,sports,759,759,1.0
1788,business,838,838,1.0
288,sports,652,646,0.99079754601227
1273,sports,501,501,1.0
7740,politics,583,577,0.9897084048027445
10034,sports,645,643,0.9968992248062015
8296,sports,287,287,1.0
1583,sports,397,397,1.0
6669,sports,857,857,1.0
7278,sports,387,386,0.9974160206718347
7984,politics,988,988,1.0
3234,politics,776,770,0.9922680412371134
380,sports,1117,1116,0.999104744852283
2577,sports,954,953,0.9989517819706499
2946,business,139,139,1.0
7921,sports,715,715,1.0
413,sports,879,871,0.9908987485779295
1007,sports,786,786,1.0
3419,sports,367,365,0.9945504087193461
10535,sports,621,620,0.998389694041868
10698,sports,640,640,1.0
4095,sports,611,611,1.0
6453,sports,688,676,0.9825581395348837
1217,sports,976,976,1.0
1498,business,593,593,1.0
670,sports,590,590,1.0
4949,sports,295,295,1.0
256,sports,206,206,1.0
8346,business,276,276,1.0
722,sports,246,246,1.0
8383,sports,431,423,0.9814385150812065
8596,sports,717,717,1.0
5286,business,747,747,1.0
10969,business,560,559,0.9982142857142857
7760,sports,534,531,0.9943820224719101
7820,sports,959,958,0.9989572471324296
1858,sports,762,761,0.9986876640419947
8149,sports,445,444,0.9977528089887641
9038,business,648,647,0.9984567901234568
8469,sports,533,533,1.0
2225,sports,79,79,1.0
11428,sports,718,718,1.0
9672,sports,656,656,1.0
3313,politics,756,756,1.0
8844,sports,383,380,0.9921671018276762
1915,sports,305,303,0.9934426229508196
744,sports,657,655,0.9969558599695586
106,sports,1043,1043,1.0
2818,sports,628,628,1.0
6948,sports,774,774,1.0
11046,sports,112,112,1.0
3285,sports,391,385,0.9846547314578005
5188,sports,553,553,1.0
9748,sports,686,685,0.9985422740524781
5954,business,635,633,0.9968503937007874
10482,sports,756,755,0.9986772486772487
5169,sports,344,344,1.0
2264,sports,435,435,1.0
9181,business,862,862,1.0
3095,sports,640,634,0.990625
9073,sports,887,885,0.9977452085682075
2705,sports,725,725,1.0
9960,sports,803,802,0.9987546699875467
6514,politics,598,587,0.9816053511705686
4550,sports,396,396,1.0
924,sports,498,498,1.0
753,sports,815,811,0.9950920245398773
6190,sports,734,730,0.9945504087193461
11422,sports,749,747,0.9973297730307076
8318,sports,121,121,1.0
5706,sports,813,813,1.0
4424,business,305,305,1.0
9151,business,928,927,0.9989224137931034
11070,business,652,651,0.9984662576687117
4896,business,827,823,0.9951632406287787
5199,politics,699,698,0.9985693848354793
8536,business,765,764,0.9986928104575163
5348,politics,686,686,1.0
7883,sports,810,809,0.9987654320987654
4410,sports,607,604,0.9950576606260296
9820,sports,149,147,0.9865771812080537
7016,sports,387,386,0.9974160206718347
10445,sports,261,261,1.0
5612,sports,839,839,1.0
202,sports,706,706,1.0
6057,business,904,902,0.9977876106194691
8094,sports,688,685,0.9956395348837209
4672,politics,705,704,0.9985815602836879
10858,sports,505,505,1.0
6044,business,392,392,1.0
8843,sports,137,136,0.9927007299270073
6493,politics,730,728,0.9972602739726028
7074,politics,624,622,0.9967948717948718
5826,sports,796,794,0.9974874371859297
5503,sports,620,619,0.9983870967741936
8156,sports,495,495,1.0
2837,sports,856,852,0.9953271028037384
9680,politics,622,622,1.0
4527,sports,872,870,0.9977064220183486
4979,sports,538,537,0.9981412639405205
8168,sports,781,781,1.0
3399,sports,931,931,1.0
1761,business,364,362,0.9945054945054945
7542,sports,753,752,0.99867197875166
7578,politics,996,996,1.0
140,sports,484,484,1.0
3877,sports,889,887,0.9977502812148481
8710,sports,934,934,1.0
6987,sports,385,382,0.9922077922077922
8707,sports,893,890,0.9966405375139977
6362,business,382,382,1.0
2627,sports,684,683,0.9985380116959064
8509,sports,875,875,1.0
5774,sports,679,678,0.9985272459499264
7430,sports,661,661,1.0
4830,sports,810,810,1.0
1718,sports,298,298,1.0
3950,sports,364,363,0.9972527472527473
3462,sports,755,754,0.9986754966887417
210,sports,210,206,0.9809523809523809
8819,politics,710,710,1.0
2645,sports,103,103,1.0
10575,sports,513,512,0.9980506822612085
3450,sports,161,161,1.0
2828,politics,912,908,0.9956140350877193
11095,business,639,634,0.9921752738654147
5404,sports,823,823,1.0
10841,sports,601,598,0.9950083194675541
4406,sports,585,584,0.9982905982905983
7161,sports,561,560,0.9982174688057041
3185,politics,645,640,0.9922480620155039
3070,business,880,876,0.9954545454545455
396,sports,125,125,1.0
5306,sports,454,453,0.9977973568281938
4641,sports,803,802,0.9987546699875467
7614,politics,826,826,1.0
7541,sports,836,833,0.9964114832535885
1637,sports,865,865,1.0
8720,sports,613,612,0.99836867862969
7873,sports,667,667,1.0
1877,business,651,649,0.9969278033794163
9366,business,358,358,1.0
11288,sports,341,340,0.9970674486803519
8601,politics,739,735,0.9945872801082544
11282,sports,562,562,1.0
3655,politics,813,813,1.0
1294,sports,124,124,1.0
5217,business,817,815,0.9975520195838433
6469,sports,128,128,1.0
7139,sports,800,798,0.9975
1979,business,885,882,0.9966101694915255
1047,sports,863,857,0.9930475086906141
6409,sports,498,496,0.9959839357429718
5308,sports,530,528,0.9962264150943396
9713,sports,670,664,0.991044776119403
195,sports,539,539,1.0
9676,politics,277,277,1.0
5591,sports,733,732,0.9986357435197817
6518,sports,837,837,1.0
2570,sports,513,512,0.9980506822612085
10813,business,532,532,1.0
9009,sports,626,624,0.9968051118210862
9865,sports,282,282,1.0
10567,sports,282,282,1.0
3121,politics,468,462,0.9871794871794872
6091,sports,635,634,0.9984251968503937
3605,sports,621,621,1.0
6335,sports,632,631,0.9984177215189873
5797,sports,594,594,1.0
7176,sports,753,748,0.9933598937583001
4846,sports,977,976,0.9989764585465711
6420,sports,388,379,0.9768041237113402
9849,business,1126,1126,1.0
7448,sports,769,767,0.9973992197659298
815,sports,801,801,1.0
4704,sports,905,903,0.9977900552486187
4437,politics,696,696,1.0
4828,sports,860,860,1.0
7888,sports,977,955,0.977482088024565
8560,sports,791,790,0.9987357774968394
11456,business,692,691,0.9985549132947977
764,sports,484,481,0.993801652892562
4409,sports,603,597,0.9900497512437811
500,sports,999,998,0.998998998998999
6139,sports,851,850,0.9988249118683902
4589,sports,816,812,0.9950980392156863
3778,sports,833,833,1.0
4122,sports,865,862,0.9965317919075144
4495,sports,107,107,1.0
685,sports,294,294,1.0
6577,sports,1398,1396,0.9985693848354793
10546,sports,687,687,1.0
5916,politics,386,386,1.0
2876,sports,374,373,0.9973262032085561
2544,sports,453,453,1.0
3119,sports,628,625,0.9952229299363057
6381,sports,431,431,1.0
1987,sports,723,722,0.9986168741355463
5072,sports,906,906,1.0
10192,sports,816,814,0.9975490196078431
10404,sports,703,693,0.9857752489331437
5877,sports,257,255,0.9922178988326849
3055,sports,694,693,0.9985590778097982
5224,sports,877,877,1.0
7991,sports,695,695,1.0
9853,sports,378,377,0.9973544973544973
7314,politics,763,763,1.0
212,sports,526,526,1.0
3164,sports,535,535,1.0
11317,sports,553,553,1.0
430,sports,733,724,0.9877216916780355
7964,sports,686,684,0.9970845481049563
10529,sports,100,99,0.99
8875,sports,738,737,0.9986449864498645
2708,sports,713,711,0.9971949509116409
9792,sports,1018,1016,0.9980353634577603
1095,sports,256,256,1.0
6758,sports,271,271,1.0
8688,business,227,227,1.0
5854,politics,669,669,1.0
4902,sports,697,697,1.0
6138,sports,779,779,1.0
2495,sports,193,193,1.0
3273,sports,591,590,0.9983079526226735
2855,business,700,700,1.0
8662,sports,451,450,0.9977827050997783
11004,sports,208,208,1.0
5222,politics,996,995,0.998995983935743
1533,sports,587,585,0.9965928449744463
9189,politics,289,289,1.0
1864,sports,694,692,0.9971181556195965
3862,sports,220,218,0.990909090909091
534,sports,572,572,1.0
636,sports,742,742,1.0
8333,sports,650,650,1.0
6849,business,651,641,0.9846390168970814
3969,sports,32,32,1.0
1440,sports,414,414,1.0
8419,sports,695,695,1.0
2319,sports,105,105,1.0
9872,business,1012,1011,0.9990118577075099
1448,sports,128,125,0.9765625
758,sports,1001,1000,0.999000999000999
7200,sports,343,342,0.9970845481049563
2017,politics,690,690,1.0
4271,sports,583,583,1.0
7697,sports,417,412,0.988009592326139
3326,sports,696,696,1.0
3329,business,1192,1191,0.9991610738255033
7232,sports,542,542,1.0
10660,sports,837,835,0.997610513739546
1075,sports,734,734,1.0
9289,sports,810,807,0.9962962962962963
8069,sports,826,825,0.9987893462469734
3277,sports,1077,1077,1.0
8280,politics,688,688,1.0
3994,sports,263,262,0.9961977186311787
3004,sports,370,370,1.0
11286,sports,691,689,0.9971056439942113
4958,sports,786,785,0.9987277353689568
5892,sports,819,819,1.0
6394,business,805,801,0.9950310559006211
4697,sports,135,135,1.0
8836,sports,480,480,1.0
11308,business,708,705,0.9957627118644068
7927,business,417,416,0.9976019184652278
9925,sports,827,826,0.9987908101571947
11382,business,558,558,1.0
1136,business,590,588,0.9966101694915255
8002,sports,841,840,0.9988109393579072
8651,business,775,775,1.0
9233,sports,811,808,0.9963008631319359
7971,sports,1050,1050,1.0
4832,sports,443,440,0.9932279909706546
1812,sports,894,892,0.9977628635346756
2998,sports,63,63,1.0
3855,sports,129,129,1.0
6473,sports,374,374,1.0
9089,politics,1078,1077,0.9990723562152134
2323,sports,159,159,1.0
5679,sports,577,577,1.0
2854,sports,1258,1257,0.9992050874403816
3225,politics,1153,1149,0.9965307892454467
11499,sports,444,444,1.0
2411,sports,303,303,1.0
3578,sports,903,903,1.0
330,sports,814,814,1.0
7249,sports,837,836,0.998805256869773
9835,sports,589,588,0.99830220713073
10805,sports,527,523,0.9924098671726755
8674,sports,417,417,1.0
4679,sports,836,835,0.9988038277511961
5785,sports,470,468,0.9957446808510638
8669,sports,823,794,0.9647630619684082
6980,sports,121,118,0.9752066115702479
1064,sports,140,139,0.9928571428571429
6126,sports,786,786,1.0
9910,sports,906,905,0.9988962472406181
5832,business,387,387,1.0
9842,politics,828,828,1.0
814,sports,1000,1000,1.0
5547,sports,375,370,0.9866666666666667
1157,sports,147,147,1.0
2644,sports,477,475,0.9958071278825996
4870,business,277,276,0.9963898916967509
7491,sports,787,787,1.0
10864,politics,594,590,0.9932659932659933
1918,sports,766,764,0.9973890339425587
6997,sports,593,593,1.0
402,sports,682,682,1.0
1453,business,935,933,0.9978609625668449
8395,sports,865,865,1.0
8931,sports,781,772,0.9884763124199744
4914,sports,846,831,0.9822695035460993
3169,sports,226,226,1.0
4606,sports,1070,1064,0.994392523364486
8334,sports,802,802,1.0
4654,politics,774,769,0.9935400516795866
4436,sports,707,705,0.9971711456859972
4402,business,914,914,1.0
8869,politics,832,829,0.9963942307692307
10578,sports,910,910,1.0
2189,business,244,244,1.0
1418,business,606,606,1.0
9855,sports,900,899,0.9988888888888889
4720,sports,577,577,1.0
9281,sports,467,467,1.0
9178,sports,879,876,0.9965870307167235
180,business,667,667,1.0
1537,business,976,976,1.0
8994,sports,432,432,1.0
4269,sports,954,954,1.0
2339,sports,344,344,1.0
10442,sports,901,900,0.9988901220865705
5906,business,706,705,0.9985835694050992
3396,sports,566,560,0.9893992932862191
9626,sports,1036,1034,0.9980694980694981
2250,business,647,642,0.9922720247295209
4474,politics,930,929,0.9989247311827957
9813,sports,676,658,0.9733727810650887
2958,politics,673,673,1.0
7840,sports,133,133,1.0
9001,politics,532,532,1.0
1466,business,503,503,1.0
1566,business,626,618,0.987220447284345
6360,business,343,343,1.0
11118,business,588,583,0.9914965986394558
1511,sports,419,416,0.9928400954653938
7683,politics,322,322,1.0
3859,sports,433,430,0.9930715935334873
3025,sports,516,510,0.9883720930232558
1556,sports,655,653,0.9969465648854962
2561,sports,221,220,0.995475113122172
642,sports,655,655,1.0
2304,sports,391,390,0.9974424552429667
6763,sports,597,590,0.9882747068676717
8952,sports,609,609,1.0
8467,sports,832,832,1.0
3296,sports,564,560,0.9929078014184397
9902,sports,412,412,1.0
2372,sports,643,639,0.9937791601866252
1057,sports,756,753,0.996031746031746
2023,business,1127,1103,0.9787045252883763
11031,business,640,639,0.9984375
952,sports,612,612,1.0
10163,sports,304,304,1.0
5130,sports,694,693,0.9985590778097982
6653,sports,593,593,1.0
1059,sports,430,427,0.9930232558139535
5550,sports,232,232,1.0
9285,politics,488,487,0.9979508196721312
3734,sports,745,745,1.0
2421,sports,124,124,1.0
7762,sports,761,753,0.9894875164257556
1660,sports,732,729,0.9959016393442623
3960,sports,716,715,0.9986033519553073
6716,sports,406,404,0.9950738916256158
2184,sports,885,885,1.0
6535,sports,812,809,0.9963054187192119
6720,sports,797,795,0.9974905897114178
2735,sports,131,131,1.0
385,sports,586,586,1.0
10202,politics,584,584,1.0
3556,sports,728,725,0.9958791208791209
6872,sports,725,725,1.0
3459,politics,876,876,1.0
904,sports,929,929,1.0
6955,business,591,591,1.0
7784,sports,464,462,0.9956896551724138
9530,sports,766,766,1.0
9643,sports,728,727,0.9986263736263736
6539,sports,833,829,0.9951980792316927
6388,sports,672,671,0.9985119047619048
6489,sports,891,891,1.0
11001,sports,728,726,0.9972527472527473
10752,sports,770,769,0.9987012987012988
10454,sports,961,959,0.9979188345473465
7413,sports,593,593,1.0
6544,sports,897,883,0.9843924191750278
8,sports,929,928,0.9989235737351991
11139,sports,390,388,0.9948717948717949
6284,sports,617,617,1.0
640,sports,911,909,0.9978046103183315
1676,sports,176,176,1.0
10931,sports,754,754,1.0
7652,sports,708,706,0.9971751412429378
6953,sports,480,479,0.9979166666666667
1404,sports,343,342,0.9970845481049563
6295,sports,141,141,1.0
10065,sports,353,351,0.9943342776203966
6971,sports,627,627,1.0
6467,sports,457,457,1.0
7349,sports,752,749,0.9960106382978723
6063,sports,739,739,1.0
10563,business,808,807,0.9987623762376238
806,sports,759,759,1.0
6365,sports,658,658,1.0
3427,sports,512,512,1.0
6608,sports,900,897,0.9966666666666667
241,sports,537,537,1.0
6441,sports,238,237,0.9957983193277311
7489,sports,120,120,1.0
1814,sports,947,935,0.9873284054910243
9297,sports,376,376,1.0
4598,sports,598,596,0.9966555183946488
169,sports,89,89,1.0
9057,sports,700,699,0.9985714285714286
10817,sports,767,767,1.0
9558,sports,500,499,0.998
4137,sports,326,325,0.9969325153374233
8599,sports,1252,1252,1.0
8900,politics,313,313,1.0
9896,sports,474,472,0.9957805907172996
8202,sports,777,777,1.0
9140,sports,758,757,0.9986807387862797
795,sports,514,511,0.9941634241245136
10269,business,823,816,0.991494532199271
5458,sports,688,678,0.9854651162790697
10469,sports,761,759,0.9973718791064389
2291,politics,293,293,1.0
10179,sports,186,186,1.0
1395,sports,964,962,0.9979253112033195
11481,sports,541,541,1.0
9898,sports,661,658,0.9954614220877458
5047,politics,731,730,0.9986320109439124
5870,sports,864,862,0.9976851851851852
2539,sports,482,481,0.9979253112033195
2138,sports,930,928,0.9978494623655914
7146,business,463,463,1.0
1971,sports,680,680,1.0
5227,politics,997,996,0.9989969909729187
4322,sports,494,492,0.9959514170040485
1390,sports,338,338,1.0
5891,sports,137,137,1.0
203,sports,412,411,0.9975728155339806
5938,sports,705,702,0.9957446808510638
10165,business,158,158,1.0
3782,politics,854,854,1.0
2925,sports,714,714,1.0
7308,sports,464,464,1.0
4319,politics,762,762,1.0
9981,sports,505,505,1.0
1245,sports,672,672,1.0
3579,politics,891,891,1.0
7958,sports,850,850,1.0
877,sports,262,262,1.0
519,sports,760,757,0.9960526315789474
9063,politics,604,604,1.0
10463,sports,642,642,1.0
3235,sports,412,411,0.9975728155339806
3077,sports,621,616,0.9919484702093397
11117,business,655,649,0.9908396946564886
11016,business,605,602,0.9950413223140496
5141,sports,429,419,0.9766899766899767
11258,sports,793,793,1.0
7088,sports,686,686,1.0
9091,politics,316,314,0.9936708860759493
6086,politics,700,699,0.9985714285714286
7716,sports,547,547,1.0
835,sports,99,99,1.0
2737,politics,778,778,1.0
8053,sports,639,639,1.0
11068,business,556,552,0.9928057553956835
3428,sports,114,114,1.0
1023,sports,614,614,1.0
8585,sports,175,175,1.0
5095,sports,376,376,1.0
2649,sports,267,266,0.9962546816479401
6173,politics,714,714,1.0
11196,business,1064,1061,0.9971804511278195
11381,sports,114,109,0.956140350877193
9765,sports,536,536,1.0
7772,sports,700,700,1.0
8335,business,905,897,0.9911602209944751
3947,sports,657,649,0.9878234398782344
11058,business,987,985,0.9979736575481256
11311,sports,844,840,0.995260663507109
9135,sports,708,707,0.998587570621469
1839,sports,671,666,0.992548435171386
10705,sports,932,929,0.9967811158798283
4820,business,382,382,1.0
10953,sports,809,809,1.0
10136,politics,767,767,1.0
2169,sports,119,117,0.9831932773109243
10129,sports,254,254,1.0
8678,sports,406,406,1.0
6946,politics,339,335,0.9882005899705014
1733,sports,298,298,1.0
4052,sports,523,522,0.9980879541108987
4014,sports,566,566,1.0
5185,sports,580,579,0.9982758620689656
8007,sports,717,717,1.0
683,sports,787,787,1.0
8078,politics,636,636,1.0
3804,sports,590,587,0.9949152542372881
499,sports,597,593,0.9932998324958124
286,sports,867,860,0.9919261822376009
1410,sports,612,611,0.9983660130718954
4833,business,290,290,1.0
9183,politics,929,929,1.0
6113,business,970,963,0.9927835051546392
7736,sports,788,788,1.0
3884,sports,930,929,0.9989247311827957
3975,business,510,510,1.0
4036,politics,673,673,1.0
1706,sports,102,100,0.9803921568627451
11103,business,383,383,1.0
5233,sports,395,393,0.9949367088607595
1381,sports,670,666,0.9940298507462687
6323,sports,740,740,1.0
7018,sports,664,662,0.9969879518072289
8724,sports,116,116,1.0
7907,politics,876,875,0.9988584474885844
4553,sports,966,966,1.0
6882,sports,352,349,0.9914772727272727
245,business,724,718,0.9917127071823204
171,sports,193,193,1.0
3998,sports,815,815,1.0
8979,politics,1094,1094,1.0
7816,sports,107,107,1.0
1722,sports,114,110,0.9649122807017544
6920,politics,678,678,1.0
2379,sports,252,252,1.0
399,politics,974,974,1.0
2153,sports,315,315,1.0
10362,sports,766,766,1.0
9133,sports,515,511,0.9922330097087378
6587,sports,945,944,0.9989417989417989
9087,business,1326,1315,0.9917043740573153
1644,business,641,641,1.0
6643,sports,652,648,0.9938650306748467
4481,sports,903,898,0.9944629014396457
1244,sports,340,339,0.9970588235294118
133,sports,697,695,0.9971305595408895
7484,sports,333,333,1.0
10169,politics,693,693,1.0
6729,politics,704,703,0.9985795454545454
4326,sports,579,577,0.9965457685664939
10639,sports,122,122,1.0
4210,sports,796,793,0.9962311557788944
11138,business,669,660,0.9865470852017937
6085,sports,631,631,1.0
8027,sports,785,785,1.0
871,sports,667,662,0.992503748125937
2543,sports,425,425,1.0
2891,sports,150,145,0.9666666666666667
112,sports,304,304,1.0
2448,sports,353,351,0.9943342776203966
8183,sports,697,697,1.0
11024,sports,57,57,1.0
10173,sports,469,466,0.9936034115138592
8923,sports,754,754,1.0
5795,business,879,879,1.0
10171,sports,790,789,0.9987341772151899
8880,politics,873,868,0.9942726231386025
6195,business,836,835,0.9988038277511961
5745,sports,740,738,0.9972972972972973
8889,sports,646,646,1.0
9334,sports,773,772,0.9987063389391979
9681,politics,312,312,1.0
6018,politics,852,849,0.9964788732394366
10405,business,163,162,0.9938650306748467
8012,sports,384,383,0.9973958333333334
1531,business,735,727,0.9891156462585035
10613,sports,658,657,0.9984802431610942
3306,sports,518,518,1.0
9518,sports,858,858,1.0
3958,sports,678,676,0.9970501474926253
3881,sports,1066,1066,1.0
1129,sports,134,134,1.0
1938,sports,744,744,1.0
5588,sports,396,396,1.0
7355,business,868,867,0.9988479262672811
10400,sports,511,510,0.9980430528375733
10893,sports,528,527,0.9981060606060606
9565,sports,655,652,0.9954198473282443
7072,sports,753,751,0.99734395750332
4002,sports,430,430,1.0
1032,politics,609,609,1.0
923,business,282,282,1.0
2803,sports,257,256,0.9961089494163424
7347,sports,133,133,1.0
1891,politics,867,852,0.9826989619377162
7089,politics,653,651,0.996937212863706
7891,sports,618,618,1.0
5805,sports,931,931,1.0
9741,sports,473,473,1.0
6442,sports,967,967,1.0
8259,sports,733,732,0.9986357435197817
3056,sports,248,247,0.9959677419354839
1913,sports,494,493,0.9979757085020243
9460,sports,871,871,1.0
4757,sports,709,708,0.998589562764457
7184,politics,963,963,1.0
8586,sports,727,726,0.9986244841815681
2830,sports,341,340,0.9970674486803519
4077,sports,812,807,0.9938423645320197
9261,business,578,577,0.9982698961937716
1209,sports,643,643,1.0
2859,sports,921,921,1.0
5779,sports,111,110,0.990990990990991
2240,sports,131,130,0.9923664122137404
6773,politics,741,739,0.9973009446693657
2929,sports,558,556,0.996415770609319
11346,sports,682,682,1.0
9856,sports,845,845,1.0
2039,business,645,642,0.9953488372093023
4153,business,392,391,0.9974489795918368
6155,sports,550,550,1.0
8849,sports,361,357,0.9889196675900277
7188,sports,520,512,0.9846153846153847
2600,business,603,603,1.0
9921,sports,635,633,0.9968503937007874
6233,politics,713,713,1.0
7002,sports,147,145,0.9863945578231292
8549,business,712,711,0.9985955056179775
10018,business,736,735,0.998641304347826
4674,sports,303,303,1.0
9337,sports,562,559,0.994661921708185
9390,sports,705,703,0.9971631205673759
1876,sports,508,507,0.9980314960629921
1822,business,533,533,1.0
11034,business,988,986,0.9979757085020243
11303,sports,733,733,1.0
4942,sports,487,486,0.997946611909651
7833,sports,699,698,0.9985693848354793
1493,business,655,651,0.9938931297709923
8534,politics,428,428,1.0
10097,sports,910,910,1.0
10605,sports,707,704,0.9957567185289957
9730,business,418,418,1.0
7552,sports,920,920,1.0
1299,sports,963,959,0.995846313603323
6171,politics,934,933,0.9989293361884368
8635,sports,385,384,0.9974025974025974
2689,sports,753,753,1.0
7459,sports,748,748,1.0
3610,business,724,723,0.9986187845303868
1014,business,636,636,1.0
5638,sports,290,290,1.0
11362,sports,626,626,1.0
11126,sports,638,638,1.0
1964,sports,633,632,0.9984202211690363
2510,sports,151,151,1.0
10507,politics,726,726,1.0
489,business,891,889,0.9977553310886644
5628,sports,793,793,1.0
8878,business,1015,1015,1.0
9895,sports,277,275,0.9927797833935018
10317,sports,699,697,0.9971387696709585
4917,sports,578,568,0.9826989619377162
3205,sports,1066,1066,1.0
6819,sports,808,806,0.9975247524752475
367,business,264,264,1.0
6566,sports,104,103,0.9903846153846154
9240,sports,649,642,0.9892141756548536
7187,sports,417,415,0.9952038369304557
408,business,757,753,0.9947159841479525
7724,business,772,770,0.9974093264248705
1033,sports,589,587,0.9966044142614601
10898,sports,792,790,0.9974747474747475
7795,sports,705,705,1.0
1158,sports,206,206,1.0
6547,sports,886,884,0.9977426636568849
7775,sports,854,854,1.0
3236,sports,338,338,1.0
327,business,702,700,0.9971509971509972
3632,politics,316,316,1.0
5615,business,572,572,1.0
2458,sports,140,140,1.0
3754,politics,696,693,0.9956896551724138
2697,politics,623,623,1.0
3854,sports,1024,1022,0.998046875
9609,sports,544,544,1.0
7304,sports,975,974,0.9989743589743589
3122,sports,911,910,0.9989023051591658
9142,sports,806,797,0.988833746898263
2526,business,403,403,1.0
8983,sports,536,536,1.0
6623,sports,731,728,0.9958960328317373
2207,business,536,536,1.0
4174,sports,644,643,0.9984472049689441
5884,sports,1371,1371,1.0
299,sports,288,288,1.0
7084,sports,763,763,1.0
5231,sports,313,313,1.0
3527,sports,856,856,1.0
7201,politics,710,709,0.9985915492957746
3264,politics,956,954,0.997907949790795
10677,politics,740,737,0.995945945945946
6182,sports,910,909,0.9989010989010989
7726,sports,274,274,1.0
1074,sports,641,641,1.0
515,sports,888,887,0.9988738738738738
8360,politics,346,346,1.0
8802,business,264,264,1.0
7230,sports,992,992,1.0
1707,sports,166,166,1.0
1069,sports,405,405,1.0
9546,sports,66,64,0.9696969696969697
9431,sports,884,882,0.997737556561086
1594,sports,121,120,0.9917355371900827
9783,business,503,503,1.0
6790,politics,852,852,1.0
4015,sports,638,638,1.0
7765,sports,714,714,1.0
10531,sports,702,701,0.9985754985754985
1020,sports,497,497,1.0
2392,sports,390,390,1.0
471,sports,202,202,1.0
6914,sports,611,611,1.0
2468,sports,409,408,0.9975550122249389
5167,sports,963,962,0.9989615784008308
6272,sports,881,881,1.0
11370,business,425,425,1.0
11410,sports,344,339,0.9854651162790697
1963,sports,301,301,1.0
7085,sports,832,832,1.0
8541,sports,694,683,0.984149855907781
1649,sports,558,557,0.9982078853046595
3041,sports,759,758,0.9986824769433466
7368,sports,976,974,0.9979508196721312
11224,sports,403,403,1.0
9050,sports,482,482,1.0
9709,sports,785,785,1.0
10341,sports,750,749,0.9986666666666667
7376,politics,459,459,1.0
10418,sports,676,674,0.9970414201183432
7414,sports,506,506,1.0
11131,business,529,528,0.998109640831758
11181,sports,393,393,1.0
3033,sports,535,535,1.0
6023,sports,754,754,1.0
9220,business,773,773,1.0
206,sports,267,266,0.9962546816479401
6853,sports,139,138,0.9928057553956835
6828,sports,254,254,1.0
2651,sports,475,471,0.991578947368421
10621,sports,839,839,1.0
8698,sports,418,418,1.0
4908,politics,521,520,0.9980806142034548
2606,business,878,872,0.9931662870159453
2799,sports,611,610,0.9983633387888707
7112,sports,828,827,0.998792270531401
1093,sports,318,317,0.9968553459119497
393,business,684,683,0.9985380116959064
3143,sports,443,442,0.9977426636568849
7969,business,850,848,0.9976470588235294
7575,sports,770,769,0.9987012987012988
4199,sports,632,630,0.9968354430379747
2729,sports,820,817,0.9963414634146341
5927,politics,1151,1151,1.0
6575,sports,765,762,0.996078431372549
8733,sports,704,703,0.9985795454545454
9423,sports,709,705,0.9943582510578279
8413,sports,928,928,1.0
5450,politics,867,867,1.0
2423,sports,433,433,1.0
9515,sports,334,334,1.0
3377,sports,451,449,0.9955654101995566
10443,politics,923,923,1.0
4836,sports,745,742,0.9959731543624161
257,sports,94,93,0.9893617021276596
7996,sports,907,906,0.9988974641675854
8747,sports,803,803,1.0
533,sports,147,146,0.9931972789115646
10685,politics,588,588,1.0
4766,sports,653,653,1.0
6832,politics,523,523,1.0
155,sports,522,522,1.0
8314,sports,522,520,0.9961685823754789
2500,sports,929,924,0.9946178686759957
7178,sports,1208,1198,0.9917218543046358
2325,sports,133,133,1.0
5841,sports,978,978,1.0
3166,sports,688,687,0.998546511627907
3968,sports,412,412,1.0
641,business,657,654,0.9954337899543378
2337,sports,295,294,0.9966101694915255
9698,business,597,597,1.0
8111,sports,709,705,0.9943582510578279
690,sports,1328,1327,0.9992469879518072
10896,sports,179,179,1.0
5943,sports,548,547,0.9981751824817519
7102,sports,244,243,0.9959016393442623
3571,sports,852,852,1.0
11255,sports,130,130,1.0
2005,sports,846,844,0.9976359338061466
4164,sports,759,757,0.997364953886693
2348,sports,326,325,0.9969325153374233
4728,sports,681,681,1.0
4284,sports,564,563,0.99822695035461
6745,sports,601,601,1.0
11084,sports,888,888,1.0
10989,sports,1253,1253,1.0
7871,sports,757,757,1.0
2294,sports,754,751,0.9960212201591512
1881,sports,561,561,1.0
990,sports,444,443,0.9977477477477478
8939,sports,533,528,0.9906191369606003
10847,sports,972,970,0.9979423868312757
6015,sports,593,593,1.0
3639,sports,736,733,0.9959239130434783
7446,sports,674,674,1.0
4065,sports,835,832,0.9964071856287425
7550,sports,315,315,1.0
10416,sports,883,863,0.9773499433748585
5913,politics,779,779,1.0
7516,sports,773,771,0.9974126778783958
394,sports,330,330,1.0
10609,politics,884,882,0.997737556561086
8798,sports,673,673,1.0
2623,sports,138,134,0.9710144927536232
449,business,871,870,0.9988518943742825
4907,sports,795,795,1.0
2898,sports,767,767,1.0
9352,sports,419,419,1.0
10863,sports,935,934,0.9989304812834224
9241,sports,605,602,0.9950413223140496
2887,sports,551,551,1.0
6234,business,567,567,1.0
8239,politics,783,781,0.9974457215836526
6352,sports,953,952,0.9989506820566632
5079,sports,973,973,1.0
7206,sports,432,424,0.9814814814814815
6337,sports,709,709,1.0
8426,sports,887,887,1.0
6427,sports,653,650,0.9954058192955589
8664,sports,765,765,1.0
3215,politics,497,497,1.0
1829,sports,429,429,1.0
9721,politics,741,741,1.0
984,sports,635,635,1.0
3349,sports,636,636,1.0
11461,sports,536,536,1.0
11293,business,322,322,1.0
1794,sports,555,552,0.9945945945945946
2016,sports,260,259,0.9961538461538462
5443,sports,472,470,0.9957627118644068
10078,business,673,672,0.9985141158989599
9029,sports,373,373,1.0
4973,politics,256,256,1.0
9318,sports,761,761,1.0
7593,business,398,397,0.9974874371859297
5321,sports,829,828,0.9987937273823885
3751,sports,374,372,0.9946524064171123
3002,sports,705,705,1.0
5353,sports,655,654,0.9984732824427481
6599,sports,537,537,1.0
3895,politics,549,549,1.0
1613,sports,269,269,1.0
292,sports,974,973,0.9989733059548255
3016,sports,837,836,0.998805256869773
3361,sports,1003,1003,1.0
595,sports,473,471,0.9957716701902748
9703,business,353,353,1.0
10791,sports,784,782,0.9974489795918368
11056,business,461,461,1.0
4251,sports,619,619,1.0
10141,business,714,713,0.9985994397759104
5027,business,650,650,1.0
5997,sports,912,909,0.9967105263157895
5527,politics,728,727,0.9986263736263736
788,sports,492,492,1.0
5494,sports,656,656,1.0
6389,sports,715,715,1.0
11109,sports,932,932,1.0
6552,sports,646,645,0.9984520123839009
2687,sports,735,729,0.9918367346938776
9889,sports,878,878,1.0
3066,sports,824,822,0.9975728155339806
3746,business,628,628,1.0
10833,sports,656,656,1.0
5945,business,683,682,0.9985358711566618
8291,sports,733,733,1.0
4770,sports,388,382,0.9845360824742269
2167,business,675,672,0.9955555555555555
2019,sports,187,187,1.0
3354,sports,203,203,1.0
2326,sports,79,79,1.0
11419,sports,440,440,1.0
3790,politics,1053,1052,0.9990503323836657
3713,sports,910,909,0.9989010989010989
1308,sports,430,430,1.0
3570,sports,706,705,0.9985835694050992
1687,sports,205,203,0.9902439024390244
10020,sports,889,887,0.9977502812148481
8927,politics,798,798,1.0
2808,sports,721,719,0.9972260748959778
7855,sports,471,470,0.9978768577494692
3597,sports,438,437,0.997716894977169
11490,sports,278,278,1.0
7546,sports,764,764,1.0
4434,sports,538,534,0.9925650557620818
6949,politics,934,933,0.9989293361884368
10283,sports,1271,1268,0.997639653815893
3709,politics,666,666,1.0
6779,sports,554,552,0.9963898916967509
6405,sports,630,625,0.9920634920634921
9084,business,278,278,1.0
4320,sports,985,982,0.9969543147208122
484,sports,423,423,1.0
11449,sports,123,123,1.0
9870,sports,1012,1011,0.9990118577075099
2128,sports,199,199,1.0
5580,politics,1022,1019,0.99706457925636
445,sports,1009,1009,1.0
39,sports,289,288,0.9965397923875432
9313,sports,939,939,1.0
6172,sports,641,639,0.9968798751950078
6844,sports,1085,1084,0.9990783410138249
6311,sports,706,706,1.0
11099,sports,133,133,1.0
4156,sports,937,936,0.9989327641408752
2147,sports,284,284,1.0
4496,sports,589,589,1.0
7352,sports,818,814,0.9951100244498777
7097,sports,898,897,0.9988864142538976
2232,sports,615,614,0.9983739837398374
7029,business,571,571,1.0
3192,politics,300,300,1.0
2587,business,583,582,0.9982847341337907
1443,sports,525,525,1.0
931,sports,729,729,1.0
9494,sports,266,266,1.0
4396,sports,722,722,1.0
334,business,692,690,0.9971098265895953
1305,sports,480,480,1.0
1017,sports,420,420,1.0
10723,sports,732,728,0.994535519125683
1314,sports,624,624,1.0
2100,sports,197,197,1.0
5758,sports,685,685,1.0
7362,sports,858,856,0.9976689976689976
1695,sports,532,528,0.9924812030075187
11061,business,808,805,0.9962871287128713
5995,sports,50,50,1.0
5087,business,671,669,0.9970193740685543
9265,sports,691,691,1.0
11371,sports,446,446,1.0
8871,sports,837,836,0.998805256869773
1260,sports,698,693,0.9928366762177651
1799,sports,512,511,0.998046875
4204,politics,665,664,0.9984962406015038
5310,sports,143,142,0.993006993006993
3144,sports,526,526,1.0
8963,sports,604,604,1.0
2034,sports,934,930,0.9957173447537473
542,sports,1352,1352,1.0
7538,sports,328,327,0.9969512195121951
860,sports,1196,1188,0.9933110367892977
583,sports,516,515,0.998062015503876
1391,sports,358,354,0.9888268156424581
999,sports,155,155,1.0
6796,politics,762,762,1.0
11023,sports,428,427,0.9976635514018691
4971,sports,979,978,0.9989785495403473
3157,sports,558,558,1.0
8986,sports,860,860,1.0
11312,sports,141,140,0.9929078014184397
9798,politics,777,777,1.0
10830,sports,564,561,0.9946808510638298
6156,sports,411,411,1.0
1290,sports,327,326,0.9969418960244648
7440,sports,263,263,1.0
3353,sports,781,781,1.0
1476,sports,755,753,0.9973509933774835
8132,politics,587,585,0.9965928449744463
7648,sports,407,407,1.0
9660,sports,769,769,1.0
3949,sports,458,458,1.0
8329,politics,464,464,1.0
1801,sports,904,902,0.9977876106194691
4983,sports,605,605,1.0
8713,sports,738,734,0.994579945799458
5801,business,492,491,0.9979674796747967
9663,sports,568,568,1.0
9053,sports,798,796,0.9974937343358395
3431,sports,833,833,1.0
3729,politics,743,743,1.0
6287,politics,629,629,1.0
9221,sports,855,855,1.0
502,sports,556,556,1.0
9235,sports,545,545,1.0
2445,sports,126,125,0.9920634920634921
3681,sports,559,555,0.9928443649373881
558,sports,183,183,1.0
10875,sports,762,758,0.994750656167979
568,sports,988,987,0.9989878542510121
5359,sports,637,637,1.0
4530,sports,882,879,0.9965986394557823
11451,business,646,646,1.0
2944,politics,611,611,1.0
4935,sports,941,940,0.9989373007438895
1454,business,881,881,1.0
8638,sports,638,638,1.0
1542,sports,812,810,0.9975369458128078
9509,sports,783,782,0.9987228607918263
10995,sports,251,251,1.0
8484,sports,633,629,0.9936808846761453
9875,politics,763,762,0.9986893840104849
2099,sports,934,934,1.0
10070,sports,776,776,1.0
11229,sports,465,464,0.9978494623655914
2513,sports,259,259,1.0
5462,sports,709,709,1.0
7596,business,677,675,0.9970457902511078
7506,sports,486,484,0.9958847736625515
10118,politics,579,579,1.0
3918,sports,800,795,0.99375
9537,business,370,370,1.0
910,sports,315,314,0.9968253968253968
91,sports,147,147,1.0
1912,business,1065,1063,0.9981220657276996
3186,sports,336,336,1.0
8519,sports,797,797,1.0
10209,business,250,250,1.0
2759,sports,876,871,0.9942922374429224
7616,business,680,680,1.0
7828,sports,798,798,1.0
8137,sports,955,955,1.0
6477,politics,722,722,1.0
3954,sports,1168,1168,1.0
3996,sports,516,514,0.9961240310077519
4140,politics,911,911,1.0
2955,politics,794,793,0.9987405541561712
10845,sports,1110,1109,0.9990990990990991
2345,sports,902,902,1.0
1921,business,738,737,0.9986449864498645
9747,sports,625,620,0.992
7023,sports,675,673,0.997037037037037
10230,sports,342,342,1.0
8275,sports,612,608,0.9934640522875817
1527,business,853,847,0.9929660023446659
10603,sports,582,582,1.0
682,sports,539,539,1.0
4001,sports,124,124,1.0
11085,business,1004,998,0.9940239043824701
7882,politics,936,936,1.0
8973,sports,690,689,0.9985507246376811
3743,sports,345,344,0.9971014492753624
9686,politics,1005,999,0.9940298507462687
10294,politics,680,680,1.0
1312,sports,965,964,0.9989637305699481
9669,sports,716,714,0.9972067039106145
8142,sports,1112,1110,0.9982014388489209
7599,sports,1070,1069,0.9990654205607477
2531,business,678,678,1.0
5201,sports,957,954,0.9968652037617555
3212,sports,769,769,1.0
9909,sports,778,778,1.0
2595,business,602,602,1.0
1016,sports,471,468,0.9936305732484076
1474,sports,191,189,0.9895287958115183
7149,sports,1037,1035,0.9980713596914176
283,sports,352,352,1.0
1278,sports,630,629,0.9984126984126984
3233,sports,386,385,0.9974093264248705
757,sports,698,698,1.0
1937,sports,846,846,1.0
3071,sports,719,719,1.0
10069,sports,665,661,0.9939849624060151
7354,politics,570,570,1.0
11401,business,951,949,0.9978969505783386
652,sports,1172,1169,0.9974402730375427
493,sports,472,472,1.0
4203,sports,830,828,0.9975903614457832
7299,politics,288,280,0.9722222222222222
10976,sports,118,117,0.9915254237288136
7872,sports,853,853,1.0
5323,sports,360,357,0.9916666666666667
7766,sports,644,642,0.9968944099378882
680,sports,579,578,0.998272884283247
1715,sports,314,314,1.0
10344,business,613,611,0.9967373572593801
4605,sports,600,599,0.9983333333333333
10918,sports,296,293,0.9898648648648649
5441,sports,476,469,0.9852941176470589
909,sports,312,312,1.0
4405,sports,375,375,1.0
9454,sports,51,47,0.9215686274509803
586,sports,461,460,0.9978308026030369
8195,sports,452,448,0.9911504424778761
1487,business,238,238,1.0
9638,politics,523,522,0.9980879541108987
5131,politics,1052,1052,1.0
9826,sports,389,388,0.9974293059125964
1159,sports,681,681,1.0
6954,sports,264,264,1.0
9037,sports,713,711,0.9971949509116409
9507,business,435,435,1.0
531,sports,356,356,1.0
3344,sports,354,354,1.0
11239,sports,530,526,0.9924528301886792
4984,sports,634,634,1.0
831,sports,193,188,0.9740932642487047
8804,sports,882,879,0.9965986394557823
10335,sports,422,422,1.0
9192,sports,726,723,0.9958677685950413
8597,sports,568,565,0.9947183098591549
5657,sports,602,600,0.9966777408637874
3624,sports,755,753,0.9973509933774835
2427,sports,434,432,0.9953917050691244
597,sports,151,151,1.0
3720,politics,107,107,1.0
7481,sports,773,773,1.0
10281,sports,310,310,1.0
6532,politics,642,642,1.0
4195,politics,589,589,1.0
6160,sports,123,123,1.0
5735,sports,1041,1040,0.9990393852065321
2514,sports,670,670,1.0
10782,politics,644,644,1.0
11185,sports,706,690,0.9773371104815864
1789,sports,766,762,0.9947780678851175
3426,sports,554,547,0.9873646209386282
7411,sports,388,388,1.0
2711,sports,610,609,0.9983606557377049
6524,sports,631,631,1.0
2244,sports,80,80,1.0
8264,sports,377,377,1.0
1875,sports,352,349,0.9914772727272727
8465,politics,316,316,1.0
4963,sports,491,487,0.9918533604887984
7197,politics,642,639,0.9953271028037384
4920,sports,484,484,1.0
6465,business,775,772,0.9961290322580645
2237,sports,312,310,0.9935897435897436
10642,sports,116,116,1.0
8055,sports,303,302,0.9966996699669967
5573,sports,482,482,1.0
3412,sports,848,848,1.0
9323,sports,216,215,0.9953703703703703
10503,sports,696,686,0.985632183908046
6968,sports,570,568,0.9964912280701754
2545,business,636,636,1.0
6862,sports,866,864,0.9976905311778291
4101,sports,701,700,0.9985734664764622
5048,sports,999,998,0.998998998998999
9656,sports,224,224,1.0
2212,sports,272,271,0.9963235294117647
9039,sports,461,458,0.9934924078091106
6887,politics,593,593,1.0
10829,sports,379,379,1.0
6879,sports,158,158,1.0
8555,sports,553,553,1.0
8338,business,485,484,0.9979381443298969
7003,sports,141,140,0.9929078014184397
2009,sports,934,934,1.0
7670,sports,693,691,0.9971139971139971
4737,politics,715,715,1.0
5098,business,732,726,0.9918032786885246
3461,business,988,987,0.9989878542510121
1460,sports,287,287,1.0
1781,sports,189,188,0.9947089947089947
4055,sports,699,693,0.9914163090128756
7992,sports,596,596,1.0
1525,business,601,601,1.0
6516,sports,723,723,1.0
1101,sports,112,112,1.0
8764,sports,460,459,0.9978260869565218
3728,politics,662,661,0.9984894259818731
2909,sports,772,772,1.0
4296,business,737,737,1.0
4852,politics,838,838,1.0
8876,politics,1142,1140,0.9982486865148862
9239,politics,1043,1043,1.0
2670,politics,801,782,0.9762796504369539
3633,business,348,348,1.0
3174,sports,744,744,1.0
6723,politics,706,706,1.0
8592,sports,971,971,1.0
6759,business,296,286,0.9662162162162162
1401,sports,345,343,0.9942028985507246
6527,sports,550,550,1.0
4472,sports,266,266,1.0
1423,sports,381,380,0.9973753280839895
1022,sports,1001,998,0.997002997002997
7669,sports,656,654,0.9969512195121951
5792,sports,713,712,0.9985974754558204
4471,politics,782,777,0.9936061381074168
9024,sports,407,407,1.0
2475,sports,696,696,1.0
2776,sports,524,523,0.9980916030534351
571,sports,1091,1090,0.999083409715857
8763,sports,934,934,1.0
7790,sports,264,264,1.0
10771,sports,629,629,1.0
5104,politics,644,644,1.0
4293,sports,172,172,1.0
1630,business,760,759,0.9986842105263158
5204,sports,670,670,1.0
9277,sports,1011,1011,1.0
5385,sports,344,344,1.0
8306,business,484,483,0.9979338842975206
9517,business,682,681,0.998533724340176
9510,business,1151,1149,0.998262380538662
766,sports,306,306,1.0
4497,sports,912,907,0.9945175438596491
2663,sports,770,770,1.0
5213,business,722,721,0.9986149584487535
763,sports,190,189,0.9947368421052631
10814,sports,765,762,0.996078431372549
6521,sports,919,919,1.0
5557,sports,385,385,1.0
11005,sports,1023,1023,1.0
11050,business,630,629,0.9984126984126984
9071,sports,904,904,1.0
11197,politics,950,949,0.9989473684210526
8528,sports,403,397,0.9851116625310173
8637,sports,495,495,1.0
5432,politics,199,199,1.0
1958,sports,160,160,1.0
3067,politics,566,566,1.0
5583,politics,855,855,1.0
2336,sports,1012,1012,1.0
7622,sports,772,772,1.0
3179,business,459,457,0.9956427015250545
10573,sports,684,683,0.9985380116959064
5118,politics,613,613,1.0
7319,sports,464,464,1.0
9026,sports,673,672,0.9985141158989599
2395,sports,964,963,0.9989626556016598
794,sports,251,251,1.0
8026,sports,761,761,1.0
10795,sports,499,499,1.0
10625,sports,897,893,0.9955406911928651
552,sports,338,337,0.9970414201183432
10840,sports,500,498,0.996
11506,sports,118,118,1.0
5990,sports,1022,1022,1.0
6368,politics,694,692,0.9971181556195965
11478,sports,519,519,1.0
10364,sports,386,385,0.9974093264248705
